index,reviewId,content,score,at,bank,transformer_sentiment_label,transformer_sentiment_score,identified_theme
0,d07e2804-de78-49a9-a73e-24612e86b874,best app i like it,5,2026-03-20,CBE Bank,POSITIVE,0.9997627139091492,Other
1,5d863609-c7e8-4dcc-8dd1-4dd4e354e18b,ገላግሌ ብየዋለው ጥድት ያለ አፕ,5,2026-03-20,CBE Bank,NEGATIVE,-0.8832126259803772,Other
2,ee70f343-8b30-4354-9225-a1a2d7e96c38,vibe,4,2026-03-21,CBE Bank,POSITIVE,0.998847246170044,Other
3,ce97d95e-1f38-4289-8b95-6f5ff52009ca,digital banking,5,2026-03-21,CBE Bank,POSITIVE,0.9698484539985656,Other
4,a3a8098a-6090-4f71-bc98-0d0c10a03828,it is very good service you are giving,5,2026-03-21,CBE Bank,POSITIVE,0.9998605251312256,Customer Support
5,7d3f7f6a-7075-4d17-9ce4-c68e10508eaa,Tajajilli keessan dubati Hafadha አገልግሎታችሁን ዱባቲ ሀፋድህን አቆይ Your service will stay behind,1,2026-03-21,CBE Bank,POSITIVE,0.8770357966423035,Customer Support
6,a2f8bd7d-012a-4509-b2b2-f3a62934fbd7,nice app for me,3,2026-03-21,CBE Bank,POSITIVE,0.9997487664222716,Other
7,266ab464-1be3-4b84-a17f-871d945a2948,ps fast and easy,5,2026-03-21,CBE Bank,POSITIVE,0.9974810481071472,User Experience
8,0b2d535b-2e6d-4008-ab95-37a21c428dfe,I Am Proud Of CBE Period!!!,5,2026-03-22,CBE Bank,POSITIVE,0.9998430013656616,Other
9,e5851983-37ab-4b1b-b945-158cc09d6c1e,very good,5,2026-03-22,CBE Bank,POSITIVE,0.9998520612716676,Other
10,b780110f-c277-4c37-8497-71b6bc7024b6,CBE is my beast one for any transactions,5,2026-03-22,CBE Bank,POSITIVE,0.99633526802063,Transactions
11,895c08ab-0260-48ee-8534-0d4b73716cb1,nice App,5,2026-03-22,CBE Bank,POSITIVE,0.9998061060905457,Other
12,b46fa636-8f33-428e-865f-da9edafbf564,not work app,5,2026-03-23,CBE Bank,NEGATIVE,-0.9996713399887084,Other
13,11e976e9-9aed-47c7-ad09-42dafea87186,its good,5,2026-03-24,CBE Bank,POSITIVE,0.9998385906219482,Other
14,64daed77-fad0-490f-b45d-bd05bf7a7073,it nice and fast but usually it bad the connection by 4g network it still bad,4,2026-03-24,CBE Bank,NEGATIVE,-0.9988802075386048,Performance
15,a9081b38-85fb-4d40-9ff8-4d19e5239680,so nice,5,2026-03-24,CBE Bank,POSITIVE,0.9998610019683838,Other
16,54797f8a-174f-4b14-893b-0985f83c2ba7,good,5,2026-03-25,CBE Bank,POSITIVE,0.999816119670868,Other
17,4dd78d45-7014-4815-95ed-762688080aa6,good application,5,2026-03-25,CBE Bank,POSITIVE,0.999854564666748,Other
18,814d952d-d838-480a-83e0-9a663f625cb1,wow,5,2026-03-25,CBE Bank,POSITIVE,0.999592125415802,Other
19,35505eb3-312a-489a-89c4-fb2cb90d41fe,ohh very useful and easy for use,5,2026-03-25,CBE Bank,POSITIVE,0.9979259967803956,User Experience
20,b0c4f433-b309-48fa-9890-b3d8a76027c1,Very good service all times,5,2026-03-25,CBE Bank,POSITIVE,0.9998514652252196,Customer Support
21,4f977e1c-c55e-46e0-a24c-a8f784519209,melkam new,4,2026-03-27,CBE Bank,NEGATIVE,-0.9627685546875,Other
22,9e4ef51d-d832-45f2-80c2-b1294d38b4d9,good,5,2026-03-27,CBE Bank,POSITIVE,0.999816119670868,Other
23,08aa1c98-fcbd-460e-99a5-f0d8c257cb3b,good,5,2026-03-28,CBE Bank,POSITIVE,0.999816119670868,Other
24,515df2eb-bb87-4f47-b365-85b767e24ee2,Thank you,5,2026-03-28,CBE Bank,POSITIVE,0.9998352527618408,Other
25,204c76ec-400e-4d53-8256-025a4d815460,nice,5,2026-03-28,CBE Bank,POSITIVE,0.9998552799224854,Other
26,64afd113-325b-4ba0-808d-8da838b60f6e,It charges high amount of service charge.,1,2026-03-28,CBE Bank,POSITIVE,0.97749525308609,Customer Support
27,4523afaa-69d2-4138-b7a8-b45d4f744007,best,5,2026-03-28,CBE Bank,POSITIVE,0.9997941851615906,Other
28,421db8d8-efe2-427a-8d66-e4b1b5264c7a,excellent,5,2026-03-28,CBE Bank,POSITIVE,0.9998434782028198,Other
29,926c680b-df44-4ad1-94db-f43219778dc9,easygoing & Convenient to use.,5,2026-03-29,CBE Bank,POSITIVE,0.9991795420646667,User Experience
30,6dc33941-caad-4ed2-9d42-634cdf3d3143,good,5,2026-03-29,CBE Bank,POSITIVE,0.999816119670868,Other
31,28fa66fd-d72c-43e0-a478-c886d6a1f768,saved transactions doesn't work properly it doesn't show transactions before a month only shows recent transactions even after I set filter date range,1,2026-03-29,CBE Bank,NEGATIVE,-0.9966676831245422,Transactions
32,91130329-684b-45a8-a4fa-5f3944810025,Pleas allow self service on Mobile banking.,5,2026-03-29,CBE Bank,NEGATIVE,-0.9784427881240844,Customer Support
33,ceae0370-683b-409e-9313-522b360a5393,i use CBE almost more than 5 years,3,2026-03-30,CBE Bank,NEGATIVE,-0.9014225006103516,Other
34,57af1799-a681-4c52-8c34-d8cb364f1a8c,this app essential app on this time,5,2026-03-30,CBE Bank,POSITIVE,0.9950023293495178,Other
35,b37f9896-79f3-4b0f-a2f3-221f05b18a59,"After update not working at all, I live in abroad.",1,2026-03-30,CBE Bank,NEGATIVE,-0.8973283171653748,Other
36,70cd0784-abc8-45bc-a86a-fe2d04daccbe,nice,1,2026-03-30,CBE Bank,POSITIVE,0.9998552799224854,Other
37,eda1934e-59cb-46fb-a470-e68a7543de89,it is not well functional. It always sluggish and poor application. n Not interested because always straggling .,1,2026-03-30,CBE Bank,NEGATIVE,-0.9998195767402648,Other
38,bf81e935-6c4f-4599-a97f-932d117a38c4,best bank ever,5,2026-03-30,CBE Bank,POSITIVE,0.9998133778572084,Other
39,c10130df-9664-46e5-b60d-78fa3b93c55b,best app,5,2026-03-30,CBE Bank,POSITIVE,0.999686598777771,Other
40,5be680f9-3c97-41c2-adb9-0b7a6ae4875d,does this app support international transactions,3,2026-03-31,CBE Bank,POSITIVE,0.9887037873268129,Transactions
41,ae4d4a4b-f846-4f7c-8351-fd90d0834dab,Why mobile Banking is not functional?,2,2026-03-31,CBE Bank,NEGATIVE,-0.9996395111083984,Other
42,7a744a61-8a4c-485c-888e-31881e76cc0c,"very nice app, but charge more.",5,2026-03-31,CBE Bank,POSITIVE,0.9977237582206726,Other
43,56b75654-cbfb-45bc-b4a9-de3d520685d7,not working,3,2026-03-31,CBE Bank,NEGATIVE,-0.999777853488922,Other
44,a9afc642-67b2-4a82-b7f3-b029c13b4512,I can't use the app months ago. It stopped working with Mobile data and WiFi. I didn't know the cause. Why this app is not compatible with Android 8?,3,2026-03-31,CBE Bank,NEGATIVE,-0.9996083378791808,Other
45,c7a8f1f6-457c-4b22-8be5-4ed295adb522,very excellent application the number one bank of Ethiopia thanks,5,2026-03-31,CBE Bank,POSITIVE,0.9998600482940674,Other
46,fabb0087-9b9b-4848-8689-79256abde043,Good app,5,2026-03-31,CBE Bank,POSITIVE,0.9998493194580078,Other
47,c8963a82-191d-4aee-9726-28491cbbc5b9,not working,5,2026-04-01,CBE Bank,NEGATIVE,-0.999777853488922,Other
48,d162ca5d-6e44-4d50-a184-f5382e891677,it's fast and easy nice,5,2026-04-01,CBE Bank,POSITIVE,0.999872088432312,User Experience
49,384cd8a3-51b4-4a85-9ce8-2476fb88faa2,Good,1,2026-04-01,CBE Bank,POSITIVE,0.999816119670868,Other
50,477aca49-9c4e-4980-b1bb-c3c66885ab59,"this platform is very useful for exchanging payment ,than *889#(it's slower ).🙏🙏",5,2026-04-01,CBE Bank,NEGATIVE,-0.996285080909729,Stability
51,c711ebde-1bff-466a-960c-7c0cf9b7dc3f,best,5,2026-04-01,CBE Bank,POSITIVE,0.9997941851615906,Other
52,be14cdd7-cb58-422d-a032-45af1ae49382,girms,5,2026-04-01,CBE Bank,POSITIVE,0.9923914074897766,Other
53,7c28c207-a007-4441-89c9-c40854fed840,good update,5,2026-04-02,CBE Bank,POSITIVE,0.9998435974121094,Other
54,104fbffc-b2dd-435c-a91f-1d5270d4d02e,It's a good improvement. the app,5,2026-04-02,CBE Bank,POSITIVE,0.9997755885124208,Other
55,4cf50ec7-cc6b-4b47-9632-6a20c8962d77,good,5,2026-04-02,CBE Bank,POSITIVE,0.999816119670868,Other
56,e75fc5e5-d487-461f-af3c-236a2b3d349a,best,5,2026-04-02,CBE Bank,POSITIVE,0.9997941851615906,Other
57,c9be33ea-ce9d-49d6-8e0f-2b9c07262c0e,ok,5,2026-04-02,CBE Bank,POSITIVE,0.9997851252555848,Other
58,2f6b1a0f-89d0-4948-a96b-80240e99337e,best,5,2026-04-02,CBE Bank,POSITIVE,0.9997941851615906,Other
59,693eb7b1-9a9e-496a-ace1-29cc5f9266ac,"This app is very unreliable—slow, frequently crashes, and fails to sync properly. Transactions don’t reflect accurately; I transferred money that was deducted but never received, with no record in recent activity. It often stops working and takes too long to update. Reinstalling doesn’t help. You even have to visit a branch for it to start working, which is unacceptable today. The problem is even worse outside Ethiopia.",1,2026-04-02,CBE Bank,NEGATIVE,-0.9996652603149414,Stability
60,7b7ddf3d-92bf-4e3c-bfe2-0e2c57015a7d,Excellent,5,2026-04-02,CBE Bank,POSITIVE,0.9998434782028198,Other
61,6e546a77-ff97-4245-b3c1-10feffe8775d,so nice to me,5,2026-04-03,CBE Bank,POSITIVE,0.999841332435608,Other
62,c6a2f42a-10b6-4583-9458-8f4a11e4626e,bad👎,1,2026-04-03,CBE Bank,NEGATIVE,-0.6970561742782593,Other
63,171f09d3-0655-4c94-946a-4fc52055ed07,very much for your information 👋,5,2026-04-03,CBE Bank,POSITIVE,0.99816232919693,Other
64,77dd2bb9-e5b9-4c96-a0d1-6457f5d4781e,nice app keep it up🤝🤝,5,2026-04-03,CBE Bank,POSITIVE,0.9996798038482666,Other
65,144ba6f7-8fe3-419b-b3f7-bd373f52a82c,i like this app,5,2026-04-04,CBE Bank,POSITIVE,0.9996516704559326,Other
66,4afe83d4-808e-4064-acf7-89d821645236,i have more experience,5,2026-04-04,CBE Bank,POSITIVE,0.9620587825775146,Other
67,cef5db47-7f04-4ff7-b685-a28266c0166a,good,5,2026-04-04,CBE Bank,POSITIVE,0.999816119670868,Other
68,47dfdd7f-0b07-49cb-bf29-5b17529012e0,I love this app,5,2026-04-04,CBE Bank,POSITIVE,0.9998608827590942,Other
69,f7fbe136-ff59-48b2-abfa-8af7aa2451d8,WOW!,4,2026-04-04,CBE Bank,POSITIVE,0.999649167060852,Other
70,52105918-0a95-47fc-b5f2-0dd687bf35b8,the app freezes sometimes and crashing,1,2026-04-04,CBE Bank,NEGATIVE,-0.9954427480697632,Stability
71,d45c4824-fe3f-42de-9f85-4b86a49ff02f,for active payment it's number one chose,5,2026-04-04,CBE Bank,POSITIVE,0.99142986536026,Transactions
72,95bed553-4cdc-49ac-9c7d-62574492cc17,"What a nasty Update is this !. May I say 'Events cast their shadow before happenings'. Trust, value, Bank's 'n' Customers' financial property, such like things, at risk once again(the State owned Bank experienced some months ago due to app development issues or some other unknown reasons. Unable to see my own current balance due to a hidden page being displayed, stacked transaction history since March 26th, among others. Is that a Banking app being developed by Professionals ?.",1,2026-04-04,CBE Bank,NEGATIVE,-0.9994988441467284,Transactions
73,9fe30e82-9236-4a68-a458-88211edf64dd,Very good Service provider bank,5,2026-04-04,CBE Bank,POSITIVE,0.9998120665550232,Customer Support
74,e7e7cfc9-ef9f-47f3-ab92-7bd1044e0b75,it is not working,1,2026-04-04,CBE Bank,NEGATIVE,-0.9997721314430236,Other
75,ee369008-e336-42d5-a473-ebaa65b1db57,nice,5,2026-04-05,CBE Bank,POSITIVE,0.9998552799224854,Other
76,4277b1f3-623c-4b2a-94f6-c146752d6678,Thank you for your service.,1,2026-04-05,CBE Bank,POSITIVE,0.9998093247413636,Customer Support
77,c82a27d4-1ee0-4d6d-a0d4-77eef25c0554,good 👍,5,2026-04-05,CBE Bank,POSITIVE,0.9998576641082764,Other
78,3f01f495-4349-455d-8ce4-782fad8e9a39,wow,5,2026-04-05,CBE Bank,POSITIVE,0.999592125415802,Other
79,ff1828ed-86dd-45df-9659-a2a43b82aff7,good,3,2026-04-05,CBE Bank,POSITIVE,0.999816119670868,Other
80,f0c6c003-2f17-40d4-b349-59f170ca6f22,good,5,2026-04-05,CBE Bank,POSITIVE,0.999816119670868,Other
81,7ced70bf-809e-4f5e-aa15-3d097c34c0ea,nice,4,2026-04-06,CBE Bank,POSITIVE,0.9998552799224854,Other
82,7c7252b5-b59c-4c71-a155-f14e9d622ac8,fully functional greate application it makes payment and transaction easier,5,2026-04-06,CBE Bank,POSITIVE,0.9978688955307008,Transactions
83,897d7aef-38cc-4f1b-84ac-d03ffa8cb8db,it's best for everyone,5,2026-04-06,CBE Bank,POSITIVE,0.9998076558113098,Other
84,ef81aa99-c09c-4e2c-8e6c-7810fedc652b,good,5,2026-04-06,CBE Bank,POSITIVE,0.999816119670868,Other
85,52bedd3b-3f0b-4899-a316-ea456b7c224a,am happy using it.But why does it need continuous updates?,5,2026-04-06,CBE Bank,NEGATIVE,-0.9802243709564208,Other
86,b81b7e17-da64-4d11-bc36-794038b84332,Good job,5,2026-04-06,CBE Bank,POSITIVE,0.999835729598999,Other
87,243ab5af-005e-4f6d-a06b-a1dcf7aa3074,good jobs,5,2026-04-06,CBE Bank,POSITIVE,0.9998511075973512,Other
88,34e68a5d-da08-4f58-9221-42efb43a3b42,it is wel,5,2026-04-07,CBE Bank,POSITIVE,0.9836228489875792,Other
89,8a53de6b-5e83-43bc-92d4-ce3166aefe30,best,5,2026-04-07,CBE Bank,POSITIVE,0.9997941851615906,Other
90,da38be12-b3cb-4bf2-9bad-2d9f5e945be9,swift,5,2026-04-07,CBE Bank,POSITIVE,0.9991281628608704,Other
91,25221fd3-7aeb-4c8a-b49f-9e249889b9cd,Good bank,5,2026-04-07,CBE Bank,POSITIVE,0.9998420476913452,Other
92,dc8542a5-4cb9-4054-975a-4344af14e1ce,nice,1,2026-04-07,CBE Bank,POSITIVE,0.9998552799224854,Other
93,eeadd7a8-d0bb-4cac-abc6-55d8985fd801,👍👍,5,2026-04-07,CBE Bank,NEGATIVE,-0.6970561742782593,Other
94,dbdc8bbc-26b0-48f9-be41-be9b519fcde6,difficult to see our transactions after aweek,1,2026-04-07,CBE Bank,NEGATIVE,-0.999567449092865,Transactions
95,5499cc00-e386-4586-a04e-a0d20217b9a3,Easy to use and reliable.,5,2026-04-07,CBE Bank,POSITIVE,0.9997798800468444,User Experience
96,51cd5660-e49d-46b9-9c96-0fc9180bd4e3,its good,5,2026-04-08,CBE Bank,POSITIVE,0.9998385906219482,Other
97,21080f7c-76fb-489a-8efd-a4fe975b6681,easy and fast,5,2026-04-08,CBE Bank,POSITIVE,0.9995583891868592,User Experience
98,1b876e81-5979-4fa5-82ad-d8e017f37e03,በጣም ጥሩ ነው,4,2026-04-08,CBE Bank,NEGATIVE,-0.8337249755859375,Other
99,f00a16f4-6fcc-4fe1-911a-3afee7b86629,this app is very good,5,2026-04-08,CBE Bank,POSITIVE,0.9998623132705688,Other
100,c29bc34b-d23a-418f-a8c5-bc210e34439e,very nice,5,2026-04-08,CBE Bank,POSITIVE,0.9998563528060912,Other
101,f9325e43-7166-47fe-88e3-8ce4d6e56315,deduction but no transaction. not good,3,2026-04-08,CBE Bank,NEGATIVE,-0.9997362494468688,Transactions
102,4e3575d6-c8f2-4355-bcb5-45a2417f38ba,good app,5,2026-04-09,CBE Bank,POSITIVE,0.9998493194580078,Other
103,2eac6e2e-1308-4b77-9efb-53eff28583dc,good,5,2026-04-09,CBE Bank,POSITIVE,0.999816119670868,Other
104,aeb37634-bb45-4f1d-8769-ac5935cf19a8,Musxafaa,5,2026-04-09,CBE Bank,NEGATIVE,-0.9952422380447388,Other
105,67a7f4cc-3984-494e-91e2-e4d14a9f5316,good,5,2026-04-09,CBE Bank,POSITIVE,0.999816119670868,Other
106,438f14cd-2079-4927-9f8d-5e85dde83ee2,Good,5,2026-04-09,CBE Bank,POSITIVE,0.999816119670868,Other
107,bbdbef07-6634-4cc9-88b6-ebbf47da1eab,good,5,2026-04-09,CBE Bank,POSITIVE,0.999816119670868,Other
108,b3dcd0e5-15ae-49c7-9f32-b8fbd51ed098,great 👍,5,2026-04-09,CBE Bank,POSITIVE,0.9997692704200744,Other
109,8221364f-fd16-4009-b5bf-cbd307d6c39a,I had good time with CBE,5,2026-04-09,CBE Bank,POSITIVE,0.9998478889465332,Other
110,9ca4ba27-bea6-41af-b713-7303966ab0b2,crashes every time you need to update this app ASAP.. i will be changing bank if tjis continues,1,2026-04-09,CBE Bank,NEGATIVE,-0.9992732405662536,Stability
111,77321992-8df5-43cc-a4af-71071633a634,well expriences,5,2026-04-09,CBE Bank,POSITIVE,0.9049556851387024,Other
112,041966dc-4eab-4bf5-aa16-0394fa2ae229,itii fayadamaa namaa fayadaa kuniin,5,2026-04-10,CBE Bank,NEGATIVE,-0.9859265089035034,Other
113,f53d3f16-8e7d-4e43-83f1-311f134876e5,crush alot,1,2026-04-10,CBE Bank,NEGATIVE,-0.9995573163032532,Other
114,5a667099-601e-47e7-be91-6b9d43ce065a,Best,5,2026-04-10,CBE Bank,POSITIVE,0.9997941851615906,Other
115,4929147d-a8ad-49f0-a46e-1f354b94b039,Not that happy at this app,3,2026-04-10,CBE Bank,NEGATIVE,-0.999756395816803,Other
116,65028e23-faa5-4715-ba1f-b2067ffe5a4f,100%100 Fast and Amazing app !! 🏆🏆🏆🏆🏆🏆🏆🏆 💞🌷🇪🇹,5,2026-04-10,CBE Bank,POSITIVE,0.9997475743293762,Performance
117,6d7e06ff-5b7f-4eff-8027-f77d259f78ca,lulit tukka giro,5,2026-04-11,CBE Bank,POSITIVE,0.8195421695709229,Other
118,23b936ee-deea-430a-b057-3095096fd204,Enough good even it hasn't transferring for other telebirr users,5,2026-04-11,CBE Bank,POSITIVE,0.9993717074394226,Transactions
119,2988881b-7ab7-4116-a192-38795dca3ef8,not good not bad.,3,2026-04-11,CBE Bank,POSITIVE,0.9955518841743468,Other
120,9bc7bb47-774b-4ee1-a35a-e4a1deb55671,"my favorite so far, but, how come we are not able to download the app and fix our problem ourselves? it is not fair to go to the bank and fix it for you? please think about it. Thank you",5,2026-04-11,CBE Bank,POSITIVE,0.8537614941596985,Other
121,2eeb0413-aeea-474b-82b5-8e52da758bc2,good,5,2026-04-11,CBE Bank,POSITIVE,0.999816119670868,Other
122,f9e36d63-8f67-4f7a-904b-062a6cb1a724,good,5,2026-04-11,CBE Bank,POSITIVE,0.999816119670868,Other
123,8342613a-7cba-427d-9676-513ded7bc38b,bad strresing,1,2026-04-11,CBE Bank,NEGATIVE,-0.9997972846031188,Other
124,a2bbf57d-a3c7-44fa-b4fa-1d529e947f72,easy fast helpful for our business,5,2026-04-11,CBE Bank,POSITIVE,0.9969444870948792,User Experience
125,dec10628-3824-4a01-9d89-d21317137aee,cool,5,2026-04-11,CBE Bank,POSITIVE,0.9998509883880616,Other
126,4661a152-ca52-405f-b841-4c3e21b59ae9,"This application was not that great, and its performance has unfortunately declined further. For the past week, I have been unable to access my balance or transfer funds. This situation is causing considerable concern and inconvenience, as I cannot access my money in a timely manner. This has resulted in late payments and a loss of confidence and trust. Furthermore, I have not received a response to my message to the customer support team.",1,2026-04-12,CBE Bank,NEGATIVE,-0.9997742772102356,Transactions
127,ba9334c6-a90e-49ab-a6a4-9621fed85b2b,I can't download this app please assist how it can be downloaded,1,2026-04-12,CBE Bank,NEGATIVE,-0.9936169385910034,Other
128,cbb630b8-3478-417c-a154-bb4dfb61cb75,🤙,5,2026-04-12,CBE Bank,NEGATIVE,-0.6970561742782593,Other
129,cc1bcc0e-70f9-4ef3-a8f0-7cd40ca2719a,accessibility need to be taken seriously. There are people excluded because of inaccessible apps.,3,2026-04-13,CBE Bank,NEGATIVE,-0.9503915309906006,Other
130,1fc4aeb1-30a7-4cdf-becf-fc4fc7846a29,nice,5,2026-04-13,CBE Bank,POSITIVE,0.9998552799224854,Other
131,2cdbbc7c-bfb1-4868-a6f4-f9ad299646bb,good,5,2026-04-13,CBE Bank,POSITIVE,0.999816119670868,Other
132,79711e33-9124-4968-8e03-493312ed88e9,it's has an issue,1,2026-04-13,CBE Bank,POSITIVE,0.9217185974121094,Other
133,cca76eef-100b-47a1-af9b-6481374ad57c,I customer for commercial bank of Ethiopia I trade,5,2026-04-13,CBE Bank,NEGATIVE,-0.9372625946998596,Other
134,f50bec7e-b467-4668-aa73-e99c6c03cbe3,sestemaa siresun osoo manaa banki hindemne namnii barbade national id isa fayadamee osoo banachun danda'ame bayye nammati tola live event qabate,3,2026-04-13,CBE Bank,NEGATIVE,-0.9795665144920348,Other
135,6e779670-e854-4f7f-b991-1cb6e8e9d8ae,pls speedup for quick uses,5,2026-04-14,CBE Bank,NEGATIVE,-0.6067640781402588,Performance
136,a72a0363-f01a-4a30-a266-bd2090a9d2ef,Pls facilitate transfer to telebirr agent,3,2026-04-14,CBE Bank,NEGATIVE,-0.9452366828918456,Transactions
137,a90ff5c3-df2a-4d25-a97f-9205c87fd306,"before, it was nice. now it does not work and crash automatically",2,2026-04-14,CBE Bank,NEGATIVE,-0.9990578293800354,Stability
138,63a08f8a-6863-4ae5-a6c4-ec480f0c7fbe,does not working well,5,2026-04-15,CBE Bank,NEGATIVE,-0.9997747540473938,Other
139,f7bc060e-38a2-4bfc-aa9b-1f15c538dc22,good,5,2026-04-15,CBE Bank,POSITIVE,0.999816119670868,Other
140,acd932fe-df6d-412d-b8fa-a644243425ed,ok,5,2026-04-15,CBE Bank,POSITIVE,0.9997851252555848,Other
141,b5ac0aff-c5f9-4348-b223-771c8c155291,"life longe bank CBE , Save & change your life.",5,2026-04-15,CBE Bank,POSITIVE,0.9976091384887696,Other
142,ffffd562-15aa-41b3-ab9a-a69b7eaf8a02,keeps on saying bucket override when I try to pay henon school fee,2,2026-04-15,CBE Bank,NEGATIVE,-0.9965877532958984,Other
143,b34fd636-e854-4cc8-bb24-4e1243e36650,Factory reset made me to lose my pin to login to my account!,5,2026-04-15,CBE Bank,NEGATIVE,-0.999756395816803,Authentication
144,a0c0e576-d94a-4a09-829e-881f3b9c32ea,This is app is not fast and not working well in all android phone. eg it is not functioning well using one plus phone.,1,2026-04-15,CBE Bank,NEGATIVE,-0.9997861981391908,Performance
145,17b17053-8d0b-49cc-bdb1-54d12f6b8ee5,gooooodddd.....,5,2026-04-15,CBE Bank,NEGATIVE,-0.9880051016807556,Other
146,f2a957a3-f73a-4538-9ac7-eb9fcba24072,it's v good app sometimes there is a problem on other bank transfers,4,2026-04-15,CBE Bank,NEGATIVE,-0.9923245906829834,Transactions
147,4f2728b5-853b-4dbd-a5f0-748e79add791,nice app,5,2026-04-16,CBE Bank,POSITIVE,0.9998061060905457,Other
148,f23b5c33-fd43-4f40-8e33-8d414d1d5214,very nice app,5,2026-04-16,CBE Bank,POSITIVE,0.9998562335968018,Other
149,2946c132-84a4-403c-8f2d-88e7b178f832,ok,5,2026-04-16,CBE Bank,POSITIVE,0.9997851252555848,Other
150,e905409f-c30c-4d3f-a967-4e1438619120,it looks fantasy,5,2026-04-16,CBE Bank,POSITIVE,0.9888854026794434,Other
151,494d35f2-4043-4a0e-8afd-02c9210295f5,it is more convenient app,5,2026-04-16,CBE Bank,NEGATIVE,-0.8680288195610046,Other
152,10fe807e-eda6-4115-b453-4b32b4e6209c,nice app,5,2026-04-16,CBE Bank,POSITIVE,0.9998061060905457,Other
153,aef081be-7fc2-42f9-9ae7-fb9a292c835b,it's best app to use recently and upgraded day to day for internationalization,5,2026-04-16,CBE Bank,POSITIVE,0.99834942817688,Other
154,d4d9a285-4479-4b3d-9563-2bed5e2a94fe,its good,5,2026-04-17,CBE Bank,POSITIVE,0.9998385906219482,Other
155,b9dd5f81-1af0-432c-a1da-6b90ca410a33,korsa,5,2026-04-17,CBE Bank,POSITIVE,0.941900074481964,Other
156,ba53ff9e-108d-4297-a60f-03b70b7ba7de,CBE does not offer anything international.,3,2026-04-17,CBE Bank,NEGATIVE,-0.9994158744812012,Other
157,f810f331-0921-413f-baf1-70f8fae1f829,Absolute garbage,1,2026-04-17,CBE Bank,NEGATIVE,-0.9997928738594056,Other
158,c586f910-edbb-420b-9908-ac49c42d1cb8,"im having a terrible experience with this app, im getting 'unable to connect' error, this happened for a while now and they didnt fix it, it is so unreliable in times i need it that i have to resort to using ussd code instead of it. please fix this issue",1,2026-04-17,CBE Bank,NEGATIVE,-0.9997150301933287,Stability
159,e6dca956-eee2-4e38-880b-22ff60571652,አሪፍ ነው,4,2026-04-18,CBE Bank,NEGATIVE,-0.7850580811500549,Other
160,66c77025-a538-4136-98a6-0a3747b87642,I have 1 year and thank you for yo ur genuine service,5,2026-04-18,CBE Bank,POSITIVE,0.9996104836463928,Customer Support
161,76c84868-9d90-4284-98bc-14198fbcfce5,it is the best application in the Ethiopia I like it this,5,2026-04-18,CBE Bank,POSITIVE,0.9998393058776855,Other
162,7dc0b596-d78c-43ed-ad78-32062a97eeeb,excellent,5,2026-04-18,CBE Bank,POSITIVE,0.9998434782028198,Other
163,b9221c44-16be-41b6-86d7-2ace3cbd62e8,Excellent,5,2026-04-18,CBE Bank,POSITIVE,0.9998434782028198,Other
164,988cc8f5-5b95-4012-8bf9-3d262a8d6954,ካየህዋቸው ተመሳሳይ መተግበርያዎች በጣም ጥሩ መተግበርያ ነው,4,2026-04-18,CBE Bank,NEGATIVE,-0.920040488243103,Other
165,b054ce73-98ad-4d65-9672-3bd39ff363f1,super spp,5,2026-04-18,CBE Bank,POSITIVE,0.5455182194709778,Other
166,91c8f4b9-626d-44a3-8913-f01cf2e94ede,i like cbe service,5,2026-04-19,CBE Bank,POSITIVE,0.9947469830513,Customer Support
167,73fc5a31-cef5-4a6a-977a-b465ccc3fc74,best bank for Android application form market place and key number,5,2026-04-19,CBE Bank,POSITIVE,0.967107594013214,Other
168,b41c83ab-a58d-46ed-9343-e980a4c0d7ab,good job,5,2026-04-19,CBE Bank,POSITIVE,0.999835729598999,Other
169,b97657dd-a8f5-40f9-8267-3e15bf03d00c,"Trasaction history not sorted in time basis, besides the hilight transaction and its details which is found by clicking the highht transaction are diffrent. Generally, the tansaction history page has a critical problem",3,2026-04-19,CBE Bank,NEGATIVE,-0.999626874923706,Transactions
170,efee984f-137b-4909-b1f6-c241950936d4,Rtgs limit very small,3,2026-04-19,CBE Bank,NEGATIVE,-0.9604359269142152,Other
171,fac0ecea-f89a-414a-8e69-aa9b1d9520c6,good,4,2026-04-19,CBE Bank,POSITIVE,0.999816119670868,Other
172,42cc1b22-bfa5-4c66-a4fe-fbd3a097b27b,የጣት አሻራ አገልግሎት አላገኘሁም። አጠቃቀሙ ጠፍቶኝ ይሆን?,4,2026-04-19,CBE Bank,NEGATIVE,-0.9681780338287354,Other
173,612227e6-ce2c-4cec-8089-d75995099cb9,good,5,2026-04-19,CBE Bank,POSITIVE,0.999816119670868,Other
174,30c2e676-2f2a-44f5-8625-916ea1661b5a,very bad experience as its very slow,1,2026-04-20,CBE Bank,NEGATIVE,-0.9998031258583068,Stability
175,184ad1f1-8456-4112-adec-168ab1d1a4f7,Good&fast,5,2026-04-20,CBE Bank,POSITIVE,0.9998668432235718,Performance
176,0f81b0d6-3ae4-4c1e-8620-5f097ca36969,good,5,2026-04-20,CBE Bank,POSITIVE,0.999816119670868,Other
177,16d65d1e-3846-4924-8ba9-cec1dfb07b04,i luv it,5,2026-04-20,CBE Bank,POSITIVE,0.9778854250907898,Other
178,fdd2e0b0-20a0-46a9-b055-2035be5af005,very nice 👌,5,2026-04-21,CBE Bank,POSITIVE,0.999857783317566,Other
179,a47676b1-8ea7-4d8f-9877-3d9796fae7a1,اليش يتعخر معرف والله,5,2026-04-21,CBE Bank,NEGATIVE,-0.589055061340332,Other
180,c59a5158-3dc4-4bca-bab0-db8afeb0e548,good application 💯💯💯.,5,2026-04-21,CBE Bank,POSITIVE,0.9998037219047546,Other
181,0983b167-b0e0-4e46-bdcd-f9f789b54da5,best,5,2026-04-21,CBE Bank,POSITIVE,0.9997941851615906,Other
182,91ec0cca-6289-4d8b-a451-bd7beaa5966e,good app,5,2026-04-21,CBE Bank,POSITIVE,0.9998493194580078,Other
183,19040c0b-9bdd-4c28-a1cc-c955536df913,good,4,2026-04-21,CBE Bank,POSITIVE,0.999816119670868,Other
184,a7353267-3a48-41e1-9116-4df747fb15d0,ok,5,2026-04-21,CBE Bank,POSITIVE,0.9997851252555848,Other
185,736f928d-bbcd-4a45-a185-6e7f65edb90c,it cost us a lot just by transfer and in other way not fair,1,2026-04-21,CBE Bank,NEGATIVE,-0.9993299245834352,Transactions
186,49ad724c-7cdd-4985-a75e-3f6f5e33bf1f,Great app,5,2026-04-21,CBE Bank,POSITIVE,0.999821126461029,Other
187,b934991a-2338-4fbd-9898-0ef7fc41b532,Interesting app,5,2026-04-21,CBE Bank,POSITIVE,0.9996960163116456,Other
188,6f379949-6e1e-4a56-b665-6e3cf79f57e8,ok,5,2026-04-21,CBE Bank,POSITIVE,0.9997851252555848,Other
189,32d79a7b-050e-453b-b0b3-041ff959caff,"i didn't get feed back through message ,Why so?",5,2026-04-21,CBE Bank,NEGATIVE,-0.9988840222358704,Other
190,46cd25aa-841d-4961-9f6b-36a03ea6d841,good and fast,5,2026-04-21,CBE Bank,POSITIVE,0.9998561143875122,Performance
191,6bf51533-a140-42e4-bdae-9be92d0d4366,"v, good",5,2026-04-21,CBE Bank,POSITIVE,0.9998000264167786,Other
192,8c0e54e5-ec7a-4cd8-a8f0-ee561a622107,Nice App,5,2026-04-21,CBE Bank,POSITIVE,0.9998061060905457,Other
193,0b1601a2-8414-4a17-bdbf-95a8fc775b22,best,5,2026-04-22,CBE Bank,POSITIVE,0.9997941851615906,Other
194,9e675a01-cdc0-41a0-b3e6-d8bbb4d4fa7b,"Very secured, fast and favourable",5,2026-04-22,CBE Bank,POSITIVE,0.999854326248169,Performance
195,21776dfa-086b-4227-a973-3eb6b227d818,owww cbe,5,2026-04-22,CBE Bank,POSITIVE,0.9705929756164552,Other
196,1e4834e4-591d-436c-a82d-dd681b18a70a,perfect app,5,2026-04-22,CBE Bank,POSITIVE,0.9998340606689452,Other
197,9d86e1f7-3991-425d-a416-2650173e2316,this secure app of all Ethiopia mobile banking ever.,5,2026-04-22,CBE Bank,POSITIVE,0.9989427924156188,Other
198,f77e0cd2-e0c2-47e3-ad9c-3e245f97c587,ok,5,2026-04-22,CBE Bank,POSITIVE,0.9997851252555848,Other
199,3b7393b7-a619-4936-ad7d-ad44b52ee830,is good,5,2026-04-22,CBE Bank,POSITIVE,0.9998394250869752,Other
200,28549967-1ae6-4084-ab00-613c84bdd90e,Number One App,5,2026-04-22,CBE Bank,POSITIVE,0.9983179569244384,Other
201,7c9d3ccb-f6f5-4823-8fa9-53726d302ca7,it good. to get services,5,2026-04-22,CBE Bank,POSITIVE,0.9998569488525392,Customer Support
202,63485212-9554-4d81-a546-76607ab56528,good,5,2026-04-22,CBE Bank,POSITIVE,0.999816119670868,Other
203,e41a5725-fb8f-4f5c-bf99-8856a8656f2d,it's good app for ease of access mobile banking transaction and use our time properly!,5,2026-04-22,CBE Bank,POSITIVE,0.999681830406189,Transactions
204,3d79ac70-9e6d-4c35-bfff-1f10464d0f69,"pls make an option fingerprint Biometric payment only, it's fast and secure to pay",4,2026-04-22,CBE Bank,POSITIVE,0.9271591901779176,Transactions
205,98bc3797-e6f0-44f3-b5a1-a20da22b2915,በጣም ቀላልና ፈጣን ለመጠቀም ወድጀዋለሁ,5,2026-04-22,CBE Bank,NEGATIVE,-0.8832126259803772,Other
206,1e062221-846f-4c4e-90e9-0cb866c3e83f,I love this up to much eollahi,5,2026-04-22,CBE Bank,POSITIVE,0.9998741149902344,Other
207,769de229-360c-4cb8-922c-027bac840594,I hope this bank have excellent Mobile app but still not easy and not working in holidays why,4,2026-04-22,CBE Bank,NEGATIVE,-0.9942612648010254,User Experience
208,54cfb8b7-5476-4c65-99b4-c57ba37e146b,"It's a great, easy-to-use, very convenient and secure app.",5,2026-04-22,CBE Bank,POSITIVE,0.99966561794281,User Experience
209,f91c9e6f-d899-4d70-a95f-d808ca5f9d1b,Good Job,5,2026-04-22,CBE Bank,POSITIVE,0.999835729598999,Other
210,71a880f4-4b8a-4400-ad68-66212b59ddb9,best,5,2026-04-22,CBE Bank,POSITIVE,0.9997941851615906,Other
211,dd734d98-ffdd-4e43-bb6e-df5e57714564,best,5,2026-04-22,CBE Bank,POSITIVE,0.9997941851615906,Other
212,2656d052-478d-4770-b2e9-cf0de2afadfc,it's so use full and secure 👍💪👌,5,2026-04-22,CBE Bank,NEGATIVE,-0.518190324306488,Other
213,f458405a-e617-4ad2-93ef-27130528e855,"there should be atm voucher access included , and also the app crash sometimes .",1,2026-04-22,CBE Bank,NEGATIVE,-0.9989251494407654,Stability
214,34102a69-8d3f-4f76-826a-75af8e0ada59,ok,1,2026-04-22,CBE Bank,POSITIVE,0.9997851252555848,Other
215,e5e7f832-6759-4005-9df6-5f8d6b354551,"The app has some issues we need to have a place where we save our contacts where we usually send money to, after update I keep loosing all the important accounts.Also user needs to configure their notification types we want to receive either by email ,SMS or both. right now I don't get any notifications when I receive funds from companies.",1,2026-04-22,CBE Bank,NEGATIVE,-0.998993456363678,Transactions
216,07effce7-fddb-4d7f-9d5a-b91eb6604650,after the the recent update the app not responding. even transfer to telebirr isn't working.,1,2026-04-22,CBE Bank,NEGATIVE,-0.999705135822296,Transactions
217,656366e5-8bae-4756-b749-4c400127b9fd,Need more additional future include for now it's not bad,1,2026-04-22,CBE Bank,POSITIVE,0.994413435459137,Other
218,baa262e4-2e42-476d-94f6-49fab13f4734,I don't like. I can't make transfer to my own telebirr,1,2026-04-22,CBE Bank,NEGATIVE,-0.9984122514724731,Transactions
219,353128a8-9c2c-4bd0-8569-66d04aab37e5,lag and stack not quick response 😞😞,2,2026-04-22,CBE Bank,NEGATIVE,-0.998582363128662,Performance
220,2cc05444-e475-48e1-8a8f-8120c87aefd4,Best app.,5,2026-04-22,CBE Bank,POSITIVE,0.999774158000946,Other
221,c411921d-8b01-4c84-98bb-8d913d9d4e71,"This application was not that great, and its performance has unfortunately declined further. For the past week, I have been unable to access my balance or transfer funds. This situation is causing considerable concern and inconvenience, as I cannot access my money in a timely manner. This has resulted in late payments and a loss of confidence and trust. Furthermore, I have not received a response to my message to the customer support team",1,2026-04-23,CBE Bank,NEGATIVE,-0.9997740387916564,Transactions
222,6d6450b4-8242-4a96-8199-71909bd6ab3a,Very good,5,2026-04-23,CBE Bank,POSITIVE,0.9998520612716676,Other
223,a90504bc-e96c-442b-9f67-a45dea168589,አዲሱ ገጽታው በጣም ያስጠላል። ለአይን ይከብዳል። ወደነበረበት ብትመልሱት።,1,2026-04-23,CBE Bank,NEGATIVE,-0.9445853233337402,Other
224,51cafcbf-3067-4242-9be7-8b37fa122db5,I like it but sometimes there is a system error,4,2026-04-23,CBE Bank,NEGATIVE,-0.99905663728714,Stability
225,e991171d-d307-453a-9826-b91f253fd6bf,good,5,2026-04-23,CBE Bank,POSITIVE,0.999816119670868,Other
226,99853993-d304-40ba-895c-6941f63d0bcf,"the app keeps asking for update, even after being updated",3,2026-04-23,CBE Bank,NEGATIVE,-0.9912922978401184,Other
227,5d117f51-34cc-455e-b797-bda7f108f7d0,good,5,2026-04-23,CBE Bank,POSITIVE,0.999816119670868,Other
228,8765780a-a1e9-4973-86e9-9d0d59ce7a97,tel birr,5,2026-04-23,CBE Bank,NEGATIVE,-0.9480341076850892,Other
229,2a772789-7532-4f73-a0bd-7fb6d00ab768,Good !,3,2026-04-23,CBE Bank,POSITIVE,0.9998268485069276,Other
230,2f7eaaf6-68d5-4940-8098-8414cbe48da9,good,5,2026-04-23,CBE Bank,POSITIVE,0.999816119670868,Other
231,d96f096f-f717-4f2e-9938-df78cc762eb4,good,5,2026-04-23,CBE Bank,POSITIVE,0.999816119670868,Other
232,7f48cc9c-d000-480b-aaee-4e0a1e75e962,very good cbe app,5,2026-04-23,CBE Bank,POSITIVE,0.9998026490211488,Other
233,e2c16713-196d-4987-9f66-d33554e353a9,halaba kuleto,5,2026-04-23,CBE Bank,NEGATIVE,-0.6842421889305115,Other
234,3bf494e1-9456-4641-8ddb-d346fc5e0cad,best app ever,5,2026-04-23,CBE Bank,POSITIVE,0.9997491240501404,Other
235,391b168b-2680-4933-abb4-611877f89557,like,5,2026-04-23,CBE Bank,POSITIVE,0.9910564422607422,Other
236,37d693a0-f6b3-4c9b-90fb-a38a0cd40962,the best,5,2026-04-24,CBE Bank,POSITIVE,0.9998332262039183,Other
237,6b0fa39d-9bfe-4321-8eb0-64efb84e7044,good app but it needs more languages do it with more than four languages,5,2026-04-24,CBE Bank,NEGATIVE,-0.9735730290412904,Other
238,c9b93b61-7302-4183-9b64-0af04756e3fd,good work,5,2026-04-24,CBE Bank,POSITIVE,0.999841332435608,Other
239,744d00e1-eb14-42ec-82c2-d5d96be3a133,ok,5,2026-04-24,CBE Bank,POSITIVE,0.9997851252555848,Other
240,9819cf1b-61d0-41b8-865f-a1d74e59b7c8,wow app.The developers make improvements every time.,5,2026-04-24,CBE Bank,POSITIVE,0.999669313430786,Other
241,2dd3486a-0f32-4c4b-a0df-0373ad43ba27,nice and perfect,5,2026-04-24,CBE Bank,POSITIVE,0.9998654127120972,Other
242,dcdbe309-d836-4c8f-af2f-33a28bf3f6ee,best experience,5,2026-04-24,CBE Bank,POSITIVE,0.9996858835220336,Other
243,d07fd558-57b9-47a4-8552-890435e8e0cb,What's wrong after i update the app unable to open,1,2026-04-24,CBE Bank,NEGATIVE,-0.9997888207435608,Other
244,0737fe99-8d46-4617-92ca-fc7835b45093,good,5,2026-04-24,CBE Bank,POSITIVE,0.999816119670868,Other
245,eb493847-39e7-489a-853e-de65fb51541d,👍👍it is good. pls Hide the amount that appear on the top when we need to transfer🙏,1,2026-04-24,CBE Bank,POSITIVE,0.99936443567276,Transactions
246,a6b90a4c-4f99-46c4-a191-ac7041d31df7,not sure at the moment,3,2026-04-24,CBE Bank,NEGATIVE,-0.99964439868927,Other
247,fb519f9d-6352-4d77-8f4c-5c04212a1a01,Good,5,2026-04-24,CBE Bank,POSITIVE,0.999816119670868,Other
248,9e1cb9b7-114a-4af4-8c89-64aaf8dd9126,it's the best app i have every seen it is fast and securty,5,2026-04-24,CBE Bank,POSITIVE,0.99800306558609,Performance
249,9601a42a-e918-4fad-94a1-e97153f75161,Useful apps,5,2026-04-24,CBE Bank,POSITIVE,0.9994015693664552,Other
250,4b2c9e31-174f-4862-853a-9ac1453d5151,easy to use,5,2026-04-24,CBE Bank,POSITIVE,0.9988542795181274,User Experience
251,1ca885e0-05d3-47e4-8197-22024bd5855d,waw,4,2026-04-24,CBE Bank,NEGATIVE,-0.7346187829971313,Other
252,23de9fd4-cc2a-44e7-9de7-4d509d6bff76,"This app used to work well, but now it constantly shows an error saying it can’t load my accounts and tells me to visit a branch. I’m not even in the country, so that’s not possible. The app has frequent issues and needs better reliability and remote support options.",2,2026-04-24,CBE Bank,NEGATIVE,-0.99909508228302,Stability
253,f67c2405-fb7b-4203-b6c9-bdfa053ab22f,nice,5,2026-04-24,CBE Bank,POSITIVE,0.9998552799224854,Other
254,bbea8631-e278-4017-b15f-1ff93c32c3e3,good,5,2026-04-25,CBE Bank,POSITIVE,0.999816119670868,Other
255,9c330be8-b0ff-46b0-a5a7-53d7a368751e,I am very comfortable because we can easily access various transfer services that we used to have to go to the bank.,5,2026-04-25,CBE Bank,POSITIVE,0.9990236759185792,Transactions
256,bdd84631-46fb-4462-b674-ef737f65b619,ok,5,2026-04-25,CBE Bank,POSITIVE,0.9997851252555848,Other
257,bdf0adc0-ce3c-441c-82fb-128c8b64c19c,i am so happy,5,2026-04-25,CBE Bank,POSITIVE,0.9998812675476074,Other
258,d5b3a449-1cc9-42d7-96d3-b8c7cd039e5a,good,5,2026-04-25,CBE Bank,POSITIVE,0.999816119670868,Other
259,93a71b3e-eef7-41ee-8a01-b987b3f4bdbf,good app,5,2026-04-25,CBE Bank,POSITIVE,0.9998493194580078,Other
260,3f55dc9b-0a86-44c1-8dc9-e900b7215342,good job,5,2026-04-25,CBE Bank,POSITIVE,0.999835729598999,Other
261,213938b5-1ffa-40f7-815d-f348040e244a,best,5,2026-04-25,CBE Bank,POSITIVE,0.9997941851615906,Other
262,077dab03-611b-494c-8244-6dec9d98c3bb,I'm from Ethiopia and proud of CBE service app.,5,2026-04-25,CBE Bank,POSITIVE,0.9996950626373292,Customer Support
263,0f1dc09a-d6ca-4d96-a800-68e0df716176,I am successful with app,5,2026-04-25,CBE Bank,POSITIVE,0.9998397827148438,Other
264,c707c7e5-9dd0-4244-b8f3-861586b86c86,everything is boaring the previous one is good,1,2026-04-25,CBE Bank,POSITIVE,0.999785840511322,Other
265,4376e57e-5100-4ff1-80f9-c381ee6c4e7e,The recent update is trash. I couldn't refresh the page. It's not even trying to sync. Please fix the bug and release a clean version.,1,2026-04-25,CBE Bank,NEGATIVE,-0.9996129870414734,Stability
266,007a66ec-3d1b-4221-bf88-9f21aaf63637,ወከቀቀ,5,2026-04-26,CBE Bank,NEGATIVE,-0.6970561742782593,Other
267,233fe34d-5e9c-40f6-9ca2-50e43597106d,Nice,5,2026-04-26,CBE Bank,POSITIVE,0.9998552799224854,Other
268,3a4be5bd-e5e4-42fc-a538-d939393c7b11,This app is very good and helpful I am Happy working with cbe mobile banking tanx all members and I am ready invite all my family and friends ❤️,5,2026-04-26,CBE Bank,POSITIVE,0.9998387098312378,Customer Support
269,95833985-ad3f-4ff5-ba9f-5e3a2f43be4e,Samsung A-5360 is not my device and i did not opened by this,5,2026-04-26,CBE Bank,NEGATIVE,-0.9985318183898926,Other
270,41a1c4db-33cc-4566-9e9a-aab3ca95e27b,notwork totransferto other,1,2026-04-26,CBE Bank,NEGATIVE,-0.9960225820541382,Transactions
271,926205cb-331b-48a8-82cf-6e7eb5f8acb8,የCommercial Bank of Ethiopia ሞባይል ባንኪንግ አገልግሎት በአጠቃላይ ጠቃሚ ነው፣ ግን አንድ ችግር አጋጥሞኛል። የሂሳብ ቁጥር በምናስገባበት ሳጥን ላይ “Mr” ወይም “Mrs” ከሚለው ቀጥሎ ያለውን ስም ለማስገባት ስፔስ (space) መጠቀም አይቻልም። ይህ ተጠቃሚዎችን ስም ትክክለኛ ለማስገባት እንዲቸገሩ ያደርጋል። እባክዎ በዚህ ክፍል ስፔስ መጠቀም እንዲቻል ወይም የስም መሙያ ስርዓቱን እንዲሻሻል ቢያደርጉ በጣም ጥሩ ይሆናል።,4,2026-04-26,CBE Bank,NEGATIVE,-0.9334600567817688,Other
272,017820e6-ab50-42f5-9474-3fc922628d90,🫶👍🙏,5,2026-04-26,CBE Bank,NEGATIVE,-0.6970561742782593,Other
273,20ff9d01-3e89-4746-a662-eff1ff116b92,ok,5,2026-04-26,CBE Bank,POSITIVE,0.9997851252555848,Other
274,18aab07a-2816-4fc7-971d-3838a0db55db,good,5,2026-04-26,CBE Bank,POSITIVE,0.999816119670868,Other
275,f62d7269-94d4-43a6-bd34-0f88ec7181b0,ok,5,2026-04-27,CBE Bank,POSITIVE,0.9997851252555848,Other
276,87895c6e-64eb-4890-b8e6-4a8875d1e0b5,nice,5,2026-04-27,CBE Bank,POSITIVE,0.9998552799224854,Other
277,5a158d79-5967-4f19-bc19-6f0cdee3c111,i like it,5,2026-04-27,CBE Bank,POSITIVE,0.99985933303833,Other
278,c7a23821-3b21-4563-894b-86bbecec3e78,ok,5,2026-04-27,CBE Bank,POSITIVE,0.9997851252555848,Other
279,49e0c91c-8237-4abb-b568-6e39960b2afe,unable to use it is not performed well,1,2026-04-27,CBE Bank,NEGATIVE,-0.9997864365577698,Other
280,52e2e315-6b87-4a6b-87aa-1967ff664407,cbe mobile app best app,5,2026-04-27,CBE Bank,POSITIVE,0.998684823513031,Other
281,c82927c7-73a3-4287-b6b3-a844873c565f,"easy for use,and good privacy",4,2026-04-27,CBE Bank,POSITIVE,0.999478042125702,User Experience
282,de0a375f-a639-4135-8e30-bffd0b593b76,amazing,5,2026-04-27,CBE Bank,POSITIVE,0.999875545501709,Other
283,6b2e6ef6-d9ca-48ed-9e19-80a27832e8b6,i really judged this app. 99% were profit exclusive for others only with organization benefit.,1,2026-04-27,CBE Bank,NEGATIVE,-0.9830779433250428,Other
284,5e7f397e-c67e-4dd4-b7eb-c28a946b3cfe,Good,5,2026-04-27,CBE Bank,POSITIVE,0.999816119670868,Other
285,253678ea-f003-4310-bd06-59c624e70b08,"It is so good,and easy to use.",5,2026-04-28,CBE Bank,POSITIVE,0.9998791217803956,User Experience
286,8fc99f24-bf99-4c8b-8323-0b099f50b77f,great app,5,2026-04-28,CBE Bank,POSITIVE,0.999821126461029,Other
287,293cd3b8-d9da-41a0-bea1-6bcd13674f4c,update is not downgrade. its literally not working,1,2026-04-28,CBE Bank,NEGATIVE,-0.993617296218872,Other
288,8eff8e4e-4dac-4027-b736-72ebdb0ed0eb,Please consider optimizing the app for Huawei Mobile Services (HMS). It doesn't work after the update.,1,2026-04-28,CBE Bank,NEGATIVE,-0.9996885061264038,Customer Support
289,a96b794b-68bb-49e9-be8e-99362d1ff7a0,please use the cute ui as a professional developer,3,2026-04-28,CBE Bank,POSITIVE,0.9969793558120728,Other
290,e1a58ce8-203f-486c-a376-a415694cb2b9,Daily Of the day Transfer Limit Restriction If there wasn't If it didn't have Very Extremely Happy We would be.,4,2026-04-28,CBE Bank,NEGATIVE,-0.9949807524681092,Transactions
291,5ad0cb2f-8c41-4eac-bf3d-ede5b67e043d,best,5,2026-04-28,CBE Bank,POSITIVE,0.9997941851615906,Other
292,02633ef2-0023-495c-aa74-623e66a0ca65,Amazing,5,2026-04-28,CBE Bank,POSITIVE,0.999875545501709,Other
293,8daacdf9-de99-46fe-b11b-3b5254189503,worst apk for a big bank,1,2026-04-28,CBE Bank,NEGATIVE,-0.9997958540916444,Other
294,82c83f17-d148-44bb-9918-ac8e4d5fbd68,doesn't work properly with safaricom network.,1,2026-04-28,CBE Bank,NEGATIVE,-0.999765694141388,Other
295,7bb0339b-cd81-4b5f-bfba-0bc9be64ff72,"The app forcefully made me an update, since then every time I try to make a payment it keeps bugging and failing non stop. please fix that . this is a big company not a start up .",1,2026-04-28,CBE Bank,NEGATIVE,-0.9995286464691162,Stability
296,54a02c36-230e-45f3-8c3e-2f3b64f75460,good,5,2026-04-28,CBE Bank,POSITIVE,0.999816119670868,Other
297,60895214-f7a0-4c4f-aefa-9b04cf9f6bfd,I found that when i am using safaricom network the app keeps crashing a lot and not working and as soon as i change the network it will work smoothly so make is a lot compatible with the safaricom network service.,3,2026-04-28,CBE Bank,POSITIVE,0.9555947184562684,Stability
298,ce2e335b-53bb-4161-9e00-7fa412bc2d19,go ahead,5,2026-04-28,CBE Bank,POSITIVE,0.999769389629364,Other
299,f8549d96-2d7f-4357-8dcb-2b545c24b4a4,it's better than before,4,2026-04-28,CBE Bank,POSITIVE,0.9998137354850768,Other
300,9c97c9c1-7354-4b04-8640-62991a690c48,nice,5,2026-04-29,CBE Bank,POSITIVE,0.9998552799224854,Other
301,64153858-ba9d-4ee9-b7b0-9a6aba467fdd,Good,5,2026-04-29,CBE Bank,POSITIVE,0.999816119670868,Other
302,3696961c-9670-47df-8c67-44b10c2db19d,excellent app,5,2026-04-29,CBE Bank,POSITIVE,0.9998356103897096,Other
303,84146a71-956c-458f-8b95-8e5e78cfa28e,CBE not compare to others,5,2026-04-29,CBE Bank,NEGATIVE,-0.916875660419464,Other
304,1c118da4-2035-4bd7-a7b0-b226b86a744d,Great,5,2026-04-29,CBE Bank,POSITIVE,0.9998630285263062,Other
305,cb8a50ef-5292-4910-9813-8db71fa20176,good,3,2026-04-29,CBE Bank,POSITIVE,0.999816119670868,Other
306,bedb6e80-52a2-4195-983c-36250b4fab59,nice app thanks,5,2026-04-29,CBE Bank,POSITIVE,0.9998416900634766,Other
307,f7c15b4f-845f-40c4-8d08-8e8b7d9d0762,good service,5,2026-04-29,CBE Bank,POSITIVE,0.9998499155044556,Customer Support
308,6d533509-fae0-49e9-81e2-48088b213543,good,5,2026-04-29,CBE Bank,POSITIVE,0.999816119670868,Other
309,85564924-a1f4-4a11-933e-5c3c0ede7875,It's not working after the update it doesn't open at all,1,2026-04-30,CBE Bank,NEGATIVE,-0.9997859597206116,Other
310,993738de-3a79-4ee7-9a58-5251c8d51a65,good,5,2026-04-30,CBE Bank,POSITIVE,0.999816119670868,Other
311,c63030c3-9599-4bcf-a972-ba8863a45e9c,Tamam Yunus Guddata,5,2026-04-30,CBE Bank,NEGATIVE,-0.9828091263771056,Other
312,85735753-f59f-49ff-b348-7e419ae07a36,it's no functional problem,5,2026-04-30,CBE Bank,NEGATIVE,-0.9982454776763916,Other
313,f00148a9-43f3-4958-a074-633c71cb09ed,good 👍,5,2026-04-30,CBE Bank,POSITIVE,0.9998576641082764,Other
314,71f32803-46ea-49d2-b2b8-77da4671df21,nice bank,4,2026-04-30,CBE Bank,POSITIVE,0.999805510044098,Other
315,08208b20-6bed-40bf-8b21-53cf47060e7d,usefull app,5,2026-04-30,CBE Bank,POSITIVE,0.9953721165657043,Other
316,8bc787df-13e6-4db7-9627-49a989f1d608,excellent app,5,2026-04-30,CBE Bank,POSITIVE,0.9998356103897096,Other
317,544c28e0-aeba-400a-819d-106aff5e2b28,misraqe,1,2026-04-30,CBE Bank,NEGATIVE,-0.9931067824363708,Other
318,7212f7a6-1a61-4424-90fe-1fd8ae5bd520,why it alaways asked me to update every second when I log in.,1,2026-05-01,CBE Bank,NEGATIVE,-0.9971964359283448,Other
319,414528cb-b3f9-47ad-b88c-aa9bad169872,pls update my cbe mobile banking,5,2026-05-01,CBE Bank,NEGATIVE,-0.9723127484321594,Other
320,a80123b0-8720-45bb-b909-d9404e90e328,hiote tegayede,5,2026-05-01,CBE Bank,POSITIVE,0.8946158289909363,Other
321,dfa7121d-a16e-4d4a-bd83-ee23ce127bc3,"Easy, secure and user friend",5,2026-05-01,CBE Bank,POSITIVE,0.9988741278648376,User Experience
322,e61572cd-dad5-4b0b-ad0b-3f0540bbb56b,nice,5,2026-05-01,CBE Bank,POSITIVE,0.9998552799224854,Other
323,b0410a07-40f3-4699-97b8-cabcdb97b05e,good,5,2026-05-01,CBE Bank,POSITIVE,0.999816119670868,Other
324,3c520127-2f0b-45c8-a6c7-d6edbc683d93,መስተካከል አለብት ብዩ አስታየት የም ሰጠው አካውንንት በስም ሲፈለግ mr ብሎ ቀጣይ ስም ለመፃፍ እስፔስም አይፈቅድ ቀጣዩ ፊደልም ሲፃፍ አይፅፍም ይሄ ቢስተካከል ይበልጥ ቀላል የረገዋል ብዩ አስበለው,4,2026-05-02,CBE Bank,NEGATIVE,-0.9670157432556152,Other
325,64de5f8c-ed4b-4e43-8889-2f6f84ef4e4b,Good app,1,2026-05-02,CBE Bank,POSITIVE,0.9998493194580078,Other
326,59c3b026-7179-410c-9cf7-6991d114d1f4,Good Application,5,2026-05-02,CBE Bank,POSITIVE,0.999854564666748,Other
327,05798929-6575-4f84-a3c3-ded7dad86661,easy to use but hard to find easily,4,2026-05-03,CBE Bank,NEGATIVE,-0.988560140132904,User Experience
328,9a44ae4b-503f-45f5-acaf-433b3cb9bdb7,nice,5,2026-05-03,CBE Bank,POSITIVE,0.9998552799224854,Other
329,e1f86c6e-df4b-4d2c-a2f6-854dfeccfaa8,fixed problem,4,2026-05-03,CBE Bank,NEGATIVE,-0.9913551211357116,Other
330,2888f455-7c72-4404-8296-2ab00fca0910,በእውነት የሚገርም app ነው ነገሮችን ሁሉ ቀለል ያደርጋል,5,2026-05-03,CBE Bank,NEGATIVE,-0.9388996958732604,Other
331,fa8fee59-7eac-4d5a-bfa0-b24d2b30c958,good,5,2026-05-03,CBE Bank,POSITIVE,0.999816119670868,Other
332,64322c01-bb48-439c-8341-e1c6286fb136,good,3,2026-05-03,CBE Bank,POSITIVE,0.999816119670868,Other
333,69a854fc-9cff-4ead-a60f-d7b577940d78,best app,5,2026-05-03,CBE Bank,POSITIVE,0.999686598777771,Other
334,a3c96020-4c19-4eb6-9bbc-d6b243eef584,nice app.,5,2026-05-04,CBE Bank,POSITIVE,0.9998321533203124,Other
335,ffe94b70-6518-4281-b1ff-d3bf99b8c18a,"While the option to create or cancel standing orders has been added, it is not functional. Similarly, adding a new beneficiary is also not working. Please fix.",2,2026-05-04,CBE Bank,NEGATIVE,-0.9998015761375428,Other
336,b3d8a619-156f-4746-a270-81e17d8e0725,Wonderful App ❤️❤️❤️ I love it,5,2026-05-04,CBE Bank,POSITIVE,0.9998841285705566,Other
337,e1ccb480-fa64-43fb-9b8d-2d04a434434b,i like it,5,2026-05-04,CBE Bank,POSITIVE,0.99985933303833,Other
338,09a4cd19-b29f-46ae-a120-45f3bc16bd94,This app has never been efficient at all,1,2026-05-04,CBE Bank,NEGATIVE,-0.9997796416282654,Other
339,d51b40f1-e47f-4f59-aa2a-05efb832f5f0,vary good app,5,2026-05-04,CBE Bank,POSITIVE,0.9998146891593932,Other
340,3296fa2a-d48f-42dc-bc60-588563ade622,good,5,2026-05-04,CBE Bank,POSITIVE,0.999816119670868,Other
341,8e825846-2ace-4e13-b556-aa88bd0a2014,good,5,2026-05-04,CBE Bank,POSITIVE,0.999816119670868,Other
342,f8f10909-6beb-43f9-82aa-a4d5fedc47f3,good,5,2026-05-04,CBE Bank,POSITIVE,0.999816119670868,Other
343,e827a233-df27-4b4c-8727-6bfe8dea85e7,best,4,2026-05-04,CBE Bank,POSITIVE,0.9997941851615906,Other
344,70603681-bc2f-45a0-a6b3-ee5cd7033e16,I like so much,5,2026-05-05,CBE Bank,POSITIVE,0.9998633861541748,Other
345,6b909f7e-b24b-4bf0-9df3-cf71277e87c1,goood g,5,2026-05-05,CBE Bank,NEGATIVE,-0.9891290664672852,Other
346,cbee30fc-3273-4357-870d-8b068858c109,best,5,2026-05-05,CBE Bank,POSITIVE,0.9997941851615906,Other
347,9e1c2b83-113b-46be-8ede-86e5950bad6c,features በጣም ወድጄዋለሁ ነገር ግን አንድ ችግር አይቼዋለሁ ።APPU DELETE በሆነ ጊዜ ቅርንጫፍ ማመላለሱና MB APPLICATION FORMAT ላይ በየጊዜው መፈረሙ አንድ ለባንኩ ወጪ ነው ሁለት ለደንበኞች Inconvenience ይፈጥራል አስተካክሉ,4,2026-05-05,CBE Bank,NEGATIVE,-0.9980064034461976,Other
348,7461aa60-f2fd-4568-b1a9-f10216accd61,Best ever,1,2026-05-05,CBE Bank,POSITIVE,0.999841570854187,Other
349,d04a57d8-fb57-42a0-8cba-b89608486b3d,thanks you so much 👍 okay I am going to be like in,5,2026-05-05,CBE Bank,POSITIVE,0.9997941851615906,Other
350,52e8350c-88d6-40e3-b23a-15c5cdb8caf8,When I update this app there isn't working,1,2026-05-06,CBE Bank,NEGATIVE,-0.9995754361152648,Other
351,55758cfe-b04e-4211-a9f6-8b8c01a37e3e,አሪፍ አፕ ነው ገራሚ ሁኖ አግኝቼዋለሁ,5,2026-05-06,CBE Bank,NEGATIVE,-0.9046947360038756,Other
352,0afcc81d-d4ea-4e0b-983c-dfec39a6db03,is not work properly !!,3,2026-05-06,CBE Bank,NEGATIVE,-0.9997790455818176,Other
353,53ed304c-c38d-41ad-8170-aaf0bd84cbaf,ok,5,2026-05-07,CBE Bank,POSITIVE,0.9997851252555848,Other
354,5b7a97ff-6da0-47ab-a4f1-5a78a0a8cd88,yesisgood,5,2026-05-07,CBE Bank,POSITIVE,0.9984375834465028,Other
355,23209426-df23-4cd2-82d6-d4e3f25f5c44,iam happy excellent app,5,2026-05-07,CBE Bank,POSITIVE,0.9998611211776732,Other
356,d0e253c1-9689-4315-8d6d-cbcdc42a5df6,"The app is getting worse and worse after every ""update"". The UI is inconsistent, you haven't fixed the issue with Mpesa wallet transfer ( the ""begin 0, end 1, length 0"" error after ever transfer attempt) ; now the tellbirr transfer raises ""Bucket override O-10094"" error. Test your work FULLY before release.",3,2026-05-07,CBE Bank,NEGATIVE,-0.9996129870414734,Stability
357,8d9412f5-9e42-441b-932b-d95f527657ec,so good,5,2026-05-07,CBE Bank,POSITIVE,0.999841570854187,Other
358,fa26ca3b-dec9-42ce-a000-2c506b949d49,ok,5,2026-05-08,CBE Bank,POSITIVE,0.9997851252555848,Other
359,8c836517-38b5-4c95-88bb-df6d2e15ee15,fast and time saving...,5,2026-05-08,CBE Bank,POSITIVE,0.9994866847991944,Performance
360,52a04062-31ff-42b2-a51a-6f0053223c6f,CBE it's my excellent choice,5,2026-05-08,CBE Bank,POSITIVE,0.9997592568397522,Other
361,544522c1-d913-4928-91d9-22e820eb44ec,"Internet Based mobile app for CBEBirr A Internet Based mobile app for CBEBirr. With the new Internet based CBEBirr Mobile App you can make every operations applicable via the USSD version of CBEBirr. This app version is the latest version branded as CBEBirr Plus, CBEBirr+, CBE Birr +, or CBE Birr plus.",1,2026-05-08,CBE Bank,NEGATIVE,-0.9887335300445556,Other
362,9435e8dc-5eae-4c09-a081-61f7d3988aa5,best,5,2026-05-08,CBE Bank,POSITIVE,0.9997941851615906,Other
363,c3d1480d-7882-4206-bb65-d9f5fbe8cb93,smart app,4,2026-05-08,CBE Bank,POSITIVE,0.999789297580719,Other
364,466641b0-1a20-493a-b8c8-1be2fad4182a,good,5,2026-05-09,CBE Bank,POSITIVE,0.999816119670868,Other
365,ffcd74cd-ab55-453e-96a8-36d473f60a3e,It is usefull app,5,2026-05-09,CBE Bank,POSITIVE,0.9959065914154052,Other
366,1569da07-cfaa-4fb7-8631-bc66252f38fb,this app is so functional for airtime for wallet and,5,2026-05-09,CBE Bank,NEGATIVE,-0.9154265522956848,Other
367,c60221ee-aa0a-4e28-9297-739dc4da31d4,very amazing app,5,2026-05-09,CBE Bank,POSITIVE,0.9998725652694702,Other
368,e1739339-edb9-4512-b249-43c7d68db428,excellent service,5,2026-05-09,CBE Bank,POSITIVE,0.9998576641082764,Customer Support
369,6983428a-2a3c-47d1-b40c-304f8e41ed64,good,5,2026-05-09,CBE Bank,POSITIVE,0.999816119670868,Other
370,8f50d256-e087-4584-8dc8-e70cae1601e1,good,5,2026-05-09,CBE Bank,POSITIVE,0.999816119670868,Other
371,43789b86-15f1-487c-9066-d0971cb2a259,Cbe,3,2026-05-09,CBE Bank,POSITIVE,0.9966009855270386,Other
372,9d8cceb4-44c2-4335-b810-eb85a87a7169,There is a a problem when updating the app,3,2026-05-09,CBE Bank,NEGATIVE,-0.9989816546440125,Other
373,cf1b33eb-e77b-416d-afb9-43d91d1e88fe,እ. በ. ጥ. ነው,5,2026-05-10,CBE Bank,NEGATIVE,-0.948600709438324,Other
374,f9d96cc8-f98d-4cd4-9d0c-7ce9af07256d,posetive,5,2026-05-10,CBE Bank,POSITIVE,0.9818595051765442,Other
375,bac8d171-fd59-4cca-911d-fc792fc2b091,Gal✅😶‍🌫️,1,2026-05-10,CBE Bank,NEGATIVE,-0.6970561742782593,Other
376,0256d346-9c3d-469d-a9ca-45943309242a,why is my transaction fee hidden? Why doesn't the app show some of the transaction fees before. eg vat 15% show it togather before confirmation not after it feels like a scam.,3,2026-05-10,CBE Bank,NEGATIVE,-0.998854637145996,Transactions
377,155076ef-8bb2-4b69-9b64-cea273b404f5,good,5,2026-05-10,CBE Bank,POSITIVE,0.999816119670868,Other
378,68ff6a46-3659-47f0-a20f-fba5755a3f67,Cbe,4,2026-05-11,CBE Bank,POSITIVE,0.9966009855270386,Other
379,1e81e27a-edbd-4763-b5d0-f8ead77bade8,ok,5,2026-05-11,CBE Bank,POSITIVE,0.9997851252555848,Other
380,ca9d0c10-808d-4f7f-98dd-3903f11da810,best,5,2026-05-11,CBE Bank,POSITIVE,0.9997941851615906,Other
381,95f3c528-c059-4a5a-8973-46182fe5cb22,best and secured,5,2026-05-11,CBE Bank,POSITIVE,0.9998188614845276,Other
382,6b0d612d-f9c1-4cac-bb37-b945c97a2e9a,cbe,1,2026-05-12,CBE Bank,POSITIVE,0.9966009855270386,Other
383,e9233eb9-c338-4c80-8f21-26cd31acd65f,Good to use,5,2026-05-12,CBE Bank,POSITIVE,0.9998455047607422,Other
384,dd4ae5b5-f5a4-42e9-a526-5fe9387dd7a4,good,5,2026-05-12,CBE Bank,POSITIVE,0.999816119670868,Other
385,06f6640c-b65c-43e4-88ef-0a79be8b9534,it's a good application,5,2026-05-13,CBE Bank,POSITIVE,0.9998661279678344,Other
386,eda74236-f7f3-4422-a139-a181e832bc27,thank you cbe,5,2026-05-13,CBE Bank,POSITIVE,0.999755561351776,Other
387,363a5616-ed3d-4274-85ee-77071067f81d,wow,5,2026-05-13,CBE Bank,POSITIVE,0.999592125415802,Other
388,ff53332b-2e76-46d6-83d3-f93f968a4b18,is good,5,2026-05-13,CBE Bank,POSITIVE,0.9998394250869752,Other
389,35efe702-40c9-4e46-ad67-7574ab9ef42d,"Nice, but I can't get some recently transactions. please try to keep all history scrolling full visibility done.",5,2026-05-13,CBE Bank,NEGATIVE,-0.9879258871078492,Transactions
390,b41cb49d-59d3-41b8-bbb2-b1952005951b,Very Secure but very poor interface and limited history service. The new colorful version is worst. Visibility and contrast are low. It is just my idea.,1,2026-05-13,CBE Bank,NEGATIVE,-0.9997770190238952,User Experience
391,22026bb2-c9c4-4040-892b-2a77ebee48b7,very nice 100%,5,2026-05-13,CBE Bank,POSITIVE,0.9998635053634644,Other
392,56185597-d29b-4a60-a0fb-6783638230a7,Good application,2,2026-05-13,CBE Bank,POSITIVE,0.999854564666748,Other
393,982b1262-3d54-4a12-811a-8b26b7ecc777,best app for financial sector,5,2026-05-14,CBE Bank,POSITIVE,0.999165654182434,Other
394,0e691771-0024-4326-b71f-1685b91dc83d,incredible,5,2026-05-14,CBE Bank,POSITIVE,0.99987530708313,Other
395,74bf72d1-d6ce-4bd7-9a4d-3950846e5aba,yoroo namaste 🙏 ♥️ ❤️ 💖 💖,5,2026-05-14,CBE Bank,NEGATIVE,-0.8904678821563721,Other
396,07dea887-2fcf-446c-ac8d-753be7c90256,best app for financial activities 🙌,5,2026-05-14,CBE Bank,POSITIVE,0.996807873249054,Other
397,9d8ba9a5-4899-4af9-bef1-f12a5dfd7f3a,formative,5,2026-05-14,CBE Bank,POSITIVE,0.998885214328766,Other
398,bfc27568-1471-4937-934f-e5325ea96f46,nice app,5,2026-05-14,CBE Bank,POSITIVE,0.9998061060905457,Other
399,46357e27-661d-4136-bf66-ca7bb91e1427,wow,4,2026-05-14,CBE Bank,POSITIVE,0.999592125415802,Other
0,c2655979-af64-4649-aa42-af100716ede0,good,1,2025-06-15,BOA Bank,POSITIVE,0.999816119670868,Other
1,9d73d4fd-005a-4232-a1b3-ff967998969e,ብዙዬ ሺዋየ በለጠ,1,2025-06-15,BOA Bank,NEGATIVE,-0.8337249755859375,Other
2,effbeeb2-b89d-43e6-96b0-8e1a78c1175a,its very bad app its very slow,1,2025-06-17,BOA Bank,NEGATIVE,-0.9998086094856262,Stability
3,2da4265c-ec1c-4460-a1d2-5e23b5539034,Excellent application,5,2025-06-18,BOA Bank,POSITIVE,0.9998571872711182,Other
4,f8b0d764-37b1-475e-bcda-03bd153eb20b,it's nice to use.,5,2025-06-21,BOA Bank,POSITIVE,0.999835729598999,Other
5,e4976dd0-7be3-4353-b6bd-5df3eb322f61,app doesn't start,1,2025-06-21,BOA Bank,NEGATIVE,-0.9973676800727844,Other
6,0be730db-8738-4932-baf2-397fb0275aff,👍,4,2025-06-21,BOA Bank,NEGATIVE,-0.6970561742782593,Other
7,b873c393-1bbb-4f8d-a640-d8434841943d,fantastic,5,2025-06-22,BOA Bank,POSITIVE,0.9998743534088136,Other
8,8b9c0316-a505-4e36-b2c3-844d7b9d209d,"very uninterested it's not working when the ""developer mode on"" i haven't off the developer options i preferred to uninstall your app .....",1,2025-06-24,BOA Bank,NEGATIVE,-0.9995253086090088,Other
9,84ef704f-9293-4fcb-a0fc-8a8dafd2d9ed,good App fore me,5,2025-06-25,BOA Bank,POSITIVE,0.9998444318771362,Other
10,dd461228-95a6-4efc-afe3-a86fb7f26945,goof,5,2025-06-25,BOA Bank,NEGATIVE,-0.9975278973579408,Other
11,f27a8118-3cab-43a4-a0c4-8d6e235d05cf,amazing Banks App👌👌,3,2025-06-25,BOA Bank,POSITIVE,0.9998063445091248,Other
12,7213dbd5-f192-45fd-96d1-3fc1db24759c,"The worst MBA I have experienced, The app crush frequently and they take to long to fix the problem even more than a week.",1,2025-06-27,BOA Bank,NEGATIVE,-0.9996988773345948,Other
13,8892853d-eb65-4c97-a859-2e848289f1a2,wow,5,2025-07-01,BOA Bank,POSITIVE,0.999592125415802,Other
14,d713bd24-8fc6-48e4-ad53-aeafeda8babc,Easy and very nice app to load more than the previouse but in recent time some loading problem detected.,5,2025-07-01,BOA Bank,NEGATIVE,-0.9851245880126952,User Experience
15,77a4a188-287b-48cb-ae67-678cdc476af6,😎,5,2025-07-03,BOA Bank,NEGATIVE,-0.6970561742782593,Other
16,5caae1bf-1a44-4370-8c45-19b8c0481d65,it sucks as hell. it crashes most of the time and takes a long time to load .,1,2025-07-03,BOA Bank,NEGATIVE,-0.9994389414787292,Stability
17,2b882b18-b832-42fa-8d2a-fb4a47ddf456,nice,4,2025-07-04,BOA Bank,POSITIVE,0.9998552799224854,Other
18,285a819d-f45f-4f6f-a280-23588282f8b0,awasome app go a head,5,2025-07-04,BOA Bank,NEGATIVE,-0.998092234134674,Other
19,aa23377c-3d61-4045-b061-96003d09d78b,meku,5,2025-07-07,BOA Bank,POSITIVE,0.9421752095222472,Other
20,4d8220eb-b875-46f6-9012-5e914943630e,Best app,5,2025-07-08,BOA Bank,POSITIVE,0.999686598777771,Other
21,21a65f6a-5808-4a77-a341-a0230b3a6687,nice,5,2025-07-10,BOA Bank,POSITIVE,0.9998552799224854,Other
22,df1d7402-68cb-4f20-ae7f-d02866690692,ምርጥ ነው,1,2025-07-10,BOA Bank,NEGATIVE,-0.7850580811500549,Other
23,fe2fcc2e-a065-4210-a48b-4ea4e93f383e,This App is Getting worse and worse with every update,2,2025-07-11,BOA Bank,NEGATIVE,-0.999568521976471,Other
24,f2774304-2650-4e10-8854-25fe8d6de09e,not working,1,2025-07-12,BOA Bank,NEGATIVE,-0.999777853488922,Other
25,b820b761-9c71-47bb-9fba-566f18ea294a,Okay,4,2025-07-13,BOA Bank,POSITIVE,0.9997709393501282,Other
26,66b8c002-46a8-4d54-aa18-2267d8bcb7fb,excellent,5,2025-07-14,BOA Bank,POSITIVE,0.9998434782028198,Other
27,60b6f839-529a-4017-a74b-76699322f85a,Good,5,2025-07-14,BOA Bank,POSITIVE,0.999816119670868,Other
28,fc29df1f-0c69-40d6-a240-5b4e88ad84ae,Great BoA,5,2025-07-14,BOA Bank,POSITIVE,0.9992689490318298,Other
29,87443995-5d26-402b-be89-3e4ab5b32d34,☹️,5,2025-07-15,BOA Bank,NEGATIVE,-0.6970561742782593,Other
30,0f1bbc73-93dc-487e-a47c-bb737edb0322,good work,5,2025-07-15,BOA Bank,POSITIVE,0.999841332435608,Other
31,2b131440-f01a-468e-9314-095ae0b77601,excellent app,5,2025-07-18,BOA Bank,POSITIVE,0.9998356103897096,Other
32,c07e4e23-ae8a-4452-865e-a40606fa580c,👍👍👍,5,2025-07-20,BOA Bank,NEGATIVE,-0.6970561742782593,Other
33,a6c71862-00d9-491c-928d-f557a845da4a,no proplem,5,2025-07-20,BOA Bank,NEGATIVE,-0.9912227392196656,Other
34,d17482ec-65b7-4cf1-bcad-aee54aafdf11,😇,3,2025-07-21,BOA Bank,NEGATIVE,-0.6970561742782593,Other
35,94e809fb-94f8-4e0a-b3e8-1c4113c19f77,I can log in from any where,5,2025-07-23,BOA Bank,NEGATIVE,-0.9497750401496888,Other
36,b27ee212-10ec-499b-b36d-ff667d7b7085,nothing when I need to install the Apk it say that re-up date,5,2025-07-25,BOA Bank,NEGATIVE,-0.9985933899879456,Other
37,5e5817ce-8960-4e99-9bae-3e9059357303,please is not working,2,2025-07-27,BOA Bank,NEGATIVE,-0.9997643828392028,Other
38,8edd9f83-57c8-4aaf-9c54-845d97e601aa,waqayyoo,5,2025-07-28,BOA Bank,POSITIVE,0.5036894679069519,Other
39,207adaf3-2705-486b-846e-1f95c4d7f049,best bank in ethiopia,5,2025-07-29,BOA Bank,POSITIVE,0.999733030796051,Other
40,709cbab6-f362-486c-b2cf-212062b30dfa,giod,5,2025-07-30,BOA Bank,POSITIVE,0.9893913269042968,Other
41,6df74cd0-b58b-472e-99f8-e437e64d98f3,The Worst Mobile Banking App.,1,2025-07-31,BOA Bank,NEGATIVE,-0.9997994303703308,Other
42,febb6ed8-2b62-4906-9390-d0a33773a09a,ረጀብነሱ,1,2025-07-31,BOA Bank,NEGATIVE,-0.6970561742782593,Other
43,a7eb5cbd-790a-4537-8278-ccaef158654b,1) Crashes repeatedly 2) Takes Century to Boot 3) Repeatedly requires Update which is very annoying. 4) It doesn't ask for Password for one step confirmation when transferring money. 5) Automatically stops music when the app is launched (it doesn't really matter just fyi) Overall this have to be the worst mobile banking app I have tried so far and should not be released with all these bugs & issues.,1,2025-08-02,BOA Bank,NEGATIVE,-0.999749481678009,Stability
44,b54ed906-d409-4107-9dba-3d91d4c04274,Great App,5,2025-08-02,BOA Bank,POSITIVE,0.999821126461029,Other
45,e6ec7d3b-beb3-40ac-a615-9a0bae85e39d,yes goode app,5,2025-08-03,BOA Bank,POSITIVE,0.9997490048408508,Other
46,6e923bac-5ac7-4d3e-bd1c-137246d24a68,good,5,2025-08-05,BOA Bank,POSITIVE,0.999816119670868,Other
47,aefe5a77-71f4-4efa-92e6-b4a1b4a48e9e,abseniya bank app,5,2025-08-08,BOA Bank,NEGATIVE,-0.6962230801582336,Other
48,6dd324c1-79ef-4935-9c87-ad0fd8fd1635,it is not working on redminote 11 pro+ pls fix it,1,2025-08-08,BOA Bank,NEGATIVE,-0.9996861219406128,Other
49,bffe6663-e88f-4a08-97bc-e6ea6b2d8227,keeps freezing at the front page.,1,2025-08-10,BOA Bank,NEGATIVE,-0.9948282837867736,Other
50,17fac6e4-55d0-48dc-8fd1-e3908c6e6689,not fast,2,2025-08-12,BOA Bank,NEGATIVE,-0.9949790835380554,Performance
51,17d27fe8-201d-465e-900c-4510058bd581,thank you,5,2025-08-14,BOA Bank,POSITIVE,0.9998352527618408,Other
52,161dbde7-f447-412e-abf3-8ae5e7ba5012,Best mobile app in the country,5,2025-08-14,BOA Bank,POSITIVE,0.999710738658905,Other
53,ac500ef1-8d40-4c19-b862-c5f47b165e97,"it almost never boots up!!! and even if it did, it crashes immediately",1,2025-08-15,BOA Bank,NEGATIVE,-0.9977737069129944,Stability
54,cd3d7bda-43cf-46f8-bd12-065f026e2ba2,the worst app ever to exist in a bank history,1,2025-08-15,BOA Bank,NEGATIVE,-0.9997841715812684,Other
55,e080468a-5b05-476e-9275-923d859a7b98,best apps,5,2025-08-15,BOA Bank,POSITIVE,0.999784529209137,Other
56,656865bb-7ee3-4fef-9f23-b6728b2b6ab9,very nice mobile banking app my favourite,5,2025-08-16,BOA Bank,POSITIVE,0.9997608065605164,Other
57,ec30627f-c9a0-48f6-8fd2-38fcae3ab112,"as bank, u should at least hire someone good at their job bc this a joke nowadays I can't even log in or even transfer without it crashing if u fix the app I will update this review I am counting on u boa update: so they atleast fixed it but as suggestion can u put password when in final step of sending money it will feel more secure that way",4,2025-08-17,BOA Bank,NEGATIVE,-0.999123990535736,Stability
58,bc8bfdb0-596e-4ed3-a07d-c3ac71061fee,unlimited experience,5,2025-08-18,BOA Bank,POSITIVE,0.9997161030769348,Other
59,c9cc8b5a-f0aa-437a-8e5c-99035cad23da,besat🥰,5,2025-08-19,BOA Bank,NEGATIVE,-0.6970561742782593,Other
60,8a5e1510-bc3f-4f70-8915-f79a839f041e,Excellent,5,2025-08-20,BOA Bank,POSITIVE,0.9998434782028198,Other
61,abb3b6f4-ed3d-4013-b997-0efb664037a5,One of the best in this business,5,2025-08-25,BOA Bank,POSITIVE,0.999869465827942,Other
62,3e8a43b7-e4a5-4ba0-850e-332a7dad3a24,has issue after installation and i think it doesn't work with tecno common 30,1,2025-08-26,BOA Bank,NEGATIVE,-0.9996929168701172,Other
63,0e665f33-628c-4799-a991-53cf66b89ed0,absiniya banki,5,2025-08-29,BOA Bank,NEGATIVE,-0.9083037972450256,Other
64,45e502bd-bd62-4895-b534-d75b2dae7c75,goof,4,2025-09-01,BOA Bank,NEGATIVE,-0.9975278973579408,Other
65,8ac466a3-5bbb-452d-88bc-ceaae6c5bec0,great 👍,5,2025-09-02,BOA Bank,POSITIVE,0.9997692704200744,Other
66,8dd6713b-09cf-427c-a0f0-ee063f61a9d8,በጣም ሐሪፍ,5,2025-09-03,BOA Bank,NEGATIVE,-0.7850580811500549,Other
67,613dff98-be45-4f37-8feb-01e382393e26,tamaam kamal,1,2025-09-04,BOA Bank,POSITIVE,0.991887390613556,Other
68,516af455-a65f-4ddf-94e0-03cceae923c6,السلام عليكم ورحمة الله وبركاته ماشاء الله تبارك الرحمن هذا التطبيق ممتاز جدا,5,2025-09-04,BOA Bank,NEGATIVE,-0.5818172097206116,Other
69,dc3c97a2-0fe6-4a49-a2d3-9cc949380a0d,Best banking transaction application in Ethiopia !,5,2025-09-05,BOA Bank,POSITIVE,0.9996905326843262,Transactions
70,a31076d0-b574-405f-8495-675485f16a71,Very Good,5,2025-09-09,BOA Bank,POSITIVE,0.9998520612716676,Other
71,d876a31d-e463-4340-a67e-9a950e182865,it doesn't open,1,2025-09-10,BOA Bank,NEGATIVE,-0.9997527003288268,Other
72,a56b1202-a6db-405b-aba1-586a16bc417d,please open my mobile app,5,2025-09-10,BOA Bank,POSITIVE,0.9873003363609314,Other
73,4b92ba94-d858-4fcb-a2ae-45fc41c1fa26,zedo,5,2025-09-11,BOA Bank,POSITIVE,0.994045615196228,Other
74,dfad5025-20f7-4556-bdaf-294785947fa3,its nice app especially the transaction limit is extended but We face that BoA m.banking app doesn't respond at the activation stage strictly at SMSNG mobile phone. please try this to make safe.,4,2025-09-11,BOA Bank,NEGATIVE,-0.9979867935180664,Transactions
75,814a08ab-8eb9-4aa6-ae64-341f62b5ae47,good,5,2025-09-12,BOA Bank,POSITIVE,0.999816119670868,Other
76,4bf673d6-7d6f-431c-8844-a6c7eb4c65d3,very good app i ever used,5,2025-09-12,BOA Bank,POSITIVE,0.9998385906219482,Other
77,9832f735-8230-4dd6-8aad-2f743e2792b1,good,2,2025-09-13,BOA Bank,POSITIVE,0.999816119670868,Other
78,3c11bafa-cf87-41c0-ba29-714ab4cd69a5,none,5,2025-09-14,BOA Bank,NEGATIVE,-0.985345721244812,Other
79,7cedd008-b817-442b-9da0-76ea15713450,On my ios it's perfect but on android it barley works and don't transfer and after a while it crushed and totally stopped working. Please fix the issue my beloved bank of abyssinia.,1,2025-09-15,BOA Bank,NEGATIVE,-0.9964401125907898,Transactions
80,a05681a9-b69a-48b6-92c5-79a7d916bd61,"need alot of connection, chooses device, very lug even when there is connection",1,2025-09-17,BOA Bank,NEGATIVE,-0.9918755292892456,Other
81,e0b237d8-0ec7-453f-9e1d-fe22e2910620,😎,5,2025-09-18,BOA Bank,NEGATIVE,-0.6970561742782593,Other
82,4c7e9031-a452-48ce-b5fd-4b5a0940b553,very good,5,2025-09-18,BOA Bank,POSITIVE,0.9998520612716676,Other
83,eecf4f77-29ed-40cd-a228-b325ee459350,mobile banking,5,2025-09-19,BOA Bank,POSITIVE,0.907653510570526,Other
84,d849294b-9d5d-4026-96ec-6dd20968fa57,Great,5,2025-09-20,BOA Bank,POSITIVE,0.9998630285263062,Other
85,c90fb60a-ea63-47f0-aa65-fcb41b6534e1,"Nothing has been improved, it doesn't work like the previous version.",1,2025-09-25,BOA Bank,NEGATIVE,-0.9997023940086364,Other
86,b768c25c-bc3a-4d57-8c45-97e489546662,I love this bank the best experience ever.,5,2025-09-28,BOA Bank,POSITIVE,0.9998602867126464,Other
87,e3e7b9d3-10a9-443b-89b9-34160443c78a,jaajja,4,2025-09-30,BOA Bank,NEGATIVE,-0.9872855544090272,Other
88,1310296e-3850-494f-83bc-936ea27684ab,"It does not show the name of the person who sent the money to request a receipt. This has become very difficult for us. When different people transfer the same amount to me from different banks, it is very difficult to identify the account or the name of the sender.",3,2025-10-01,BOA Bank,NEGATIVE,-0.9997054934501648,Transactions
89,baad5c11-63e6-4b64-9006-c4cb1481036d,I can't type my otp on it.,1,2025-10-01,BOA Bank,NEGATIVE,-0.9990899562835692,Authentication
90,00dddad5-915e-4fc1-9166-b5d7ce59ad88,Like,5,2025-10-01,BOA Bank,POSITIVE,0.9910564422607422,Other
91,7481b511-72a1-4592-8087-c029fc656e67,"most of bank apps in Ethiopia are linked with ethiopian phone number, I live in US permanently so when I open BoA account, I told them where I live and to link it with email address instead of phone # as ethio phone number is not working where I live, unfortunetly my fear appeared and now when I change my phone device, it send the code to the ethio number which is not with me now. so please when u develop bank apps consider the diaspora community to use ur apps",1,2025-10-01,BOA Bank,NEGATIVE,-0.997710943222046,Transactions
92,4587385c-78c9-4310-b8aa-da0bce565a91,it needs a timely update,5,2025-10-03,BOA Bank,NEGATIVE,-0.9983032941818236,Other
93,7345b274-906c-4bfc-b37d-8131020ad13e,Why does it keep crashing? I can't even use this. BOA should do better. You have many customers and how to deal with this. I can't send money now.,1,2025-10-05,BOA Bank,NEGATIVE,-0.9988381266593932,Stability
94,ccbeff90-e9fd-4a74-807f-d16d8bbe02e5,♥️♥️,5,2025-10-05,BOA Bank,POSITIVE,0.9437573552131652,Other
95,147dc910-f84e-4950-9cd0-a6ce1ca0b070,office branches have to improve their services please,4,2025-10-07,BOA Bank,POSITIVE,0.6649675369262695,Customer Support
96,546df11c-e603-4f04-963e-ae1cd2be9561,It's always crushing,1,2025-10-08,BOA Bank,NEGATIVE,-0.999380588531494,Other
97,68b7a597-8133-4584-9c3f-1e26fa21184e,from the last week updates the app is not working Please check the problems,1,2025-10-08,BOA Bank,NEGATIVE,-0.9996919631958008,Other
98,32133348-ecd7-47e0-9e98-7f1702419599,Best of best,5,2025-10-09,BOA Bank,POSITIVE,0.9997496008872986,Other
99,da8f72ca-3f4b-41f6-937e-c626b8240c8b,alhamdulilah,5,2025-10-11,BOA Bank,POSITIVE,0.8558269739151001,Other
100,8b37e090-01ff-4f7c-bfdc-3e781996d2a9,poor,5,2025-10-11,BOA Bank,NEGATIVE,-0.9997912049293518,Other
101,d81ca31a-2ecd-4f0a-aab7-0a6f02da0696,hussen hassen umer,5,2025-10-16,BOA Bank,POSITIVE,0.8681219816207886,Other
102,cdc789cd-c2e6-415e-906f-0bde3fa850b1,an exceptional banking app.,5,2025-10-16,BOA Bank,POSITIVE,0.9997233748435974,Other
103,6725eae9-b141-4a7c-abcd-90125d0fa3bd,"The app is not suitable and lacks a good UI design. As a large bank, you must update your app with a professional UI that is fast and appropriate.",2,2025-10-16,BOA Bank,NEGATIVE,-0.9988431930541992,Performance
104,1776b9e9-95d8-4811-bb94-61d28a7c19d1,try to easy network,4,2025-10-17,BOA Bank,NEGATIVE,-0.9987332224845886,User Experience
105,c9162816-c2cd-478c-ab34-9569f63d3711,the worst bank ever. slow don't accept dual sim. they are very stupid and greedy,1,2025-10-20,BOA Bank,NEGATIVE,-0.9997623562812804,Stability
106,29295b2c-ebe8-4dfe-9cd3-c3a5806b810b,good for mb appliciation,5,2025-10-21,BOA Bank,POSITIVE,0.9943337440490724,Other
107,df5cd433-7f0e-4e13-ae07-4200db1965c0,its good,5,2025-10-22,BOA Bank,POSITIVE,0.9998385906219482,Other
108,9917233c-933c-444f-b986-e97d3fe0f682,the worst app in my financial experience.,1,2025-10-22,BOA Bank,NEGATIVE,-0.9997914433479308,Other
109,6606f3a3-dbc9-4032-a905-37c737501776,The best bank in 🇪🇹,5,2025-10-23,BOA Bank,POSITIVE,0.9998179078102112,Other
110,b9b28cc3-4563-4f09-938c-b1adcc27bbf3,telebirr remittance,5,2025-10-24,BOA Bank,NEGATIVE,-0.9799609780311584,Other
111,1f73f73b-a5e4-4114-a45d-992a360ebb87,very very lazy app,1,2025-10-26,BOA Bank,NEGATIVE,-0.9996856451034546,Other
112,f787c8fe-c207-4c5a-8156-e8cfa0f6652d,kiyaa makonn,5,2025-10-27,BOA Bank,POSITIVE,0.7175905704498291,Other
113,426191d1-9b6d-4582-aeae-55633c041d3e,this app can't open? what is problem? please solve my problem?,1,2025-10-28,BOA Bank,NEGATIVE,-0.9996218681335448,Other
114,924bdf3b-0b78-4402-9aaf-d1cbc39cc6af,"I kindly request that Bank of abyssinia address issues with its mobile app. It is very slow, has numerous problems, and frequently experiences downtime. The user experience is also poor. Thank you.",1,2025-10-28,BOA Bank,NEGATIVE,-0.99928218126297,Stability
115,ee7fb8e2-bcde-4ae5-8ac5-49450e57dd5c,better,5,2025-10-29,BOA Bank,POSITIVE,0.999264657497406,Other
116,a2d5bdf0-ff92-408b-be55-a4bfa7b61fbc,i m sorry but it doesn't work for my android it is too slow but other bank are very fast please update,1,2025-10-30,BOA Bank,NEGATIVE,-0.9083412885665894,Stability
117,8312e6d0-3b41-4061-b83f-54f6fcb4317a,"the worst app ever,",1,2025-10-30,BOA Bank,NEGATIVE,-0.9997932314872742,Other
118,a64c9c77-83d3-4e1b-b264-4bd5e2d3d349,ወይ አሻሽሉትና እንጠቀምበት ያለያ ብታጠፉት ይሻላል። በቃ ምንም ነገር አይሰራም መተግበሪያ አለን ብላችሁ እንዳታወሩ ለማንም የማይመከር ቀርፋፋና ተግባር የለሽ መተግበሪያ,1,2025-11-01,BOA Bank,NEGATIVE,-0.960876762866974,Other
119,df1f28f7-9a40-4a51-83bb-7e2fb7bc932c,I like,5,2025-11-02,BOA Bank,POSITIVE,0.9998149275779724,Other
120,e7e0dd5b-59ee-4ed8-abe8-821ed28c1a6f,"Your application is very irritating to use, some functionality doesn't even work like on the card management. You need to do better than this and it good idea to reference other banking applications.",3,2025-11-04,BOA Bank,NEGATIVE,-0.9985816478729248,Other
121,6b603751-56ea-4108-95f6-a26ee49a7bdf,very nice,5,2025-11-04,BOA Bank,POSITIVE,0.9998563528060912,Other
122,8fa4d905-fcd5-4124-8745-0014e9e746cf,this app launch time is so long also has dozen bugs in addition it's has been long time get update,1,2025-11-05,BOA Bank,NEGATIVE,-0.9977949857711792,Stability
123,aa74e8f9-67d1-486a-a601-761ce0c79a4e,"Barely works, it always fails to connect",1,2025-11-07,BOA Bank,NEGATIVE,-0.9997532963752748,Other
124,33b76ccc-05cf-445d-84a6-a5e516bac406,Best app,5,2025-11-07,BOA Bank,POSITIVE,0.999686598777771,Other
125,c6661ae9-95ab-4a2d-be7b-ad93bb48f278,"I would like to share feedback regarding the application. It frequently experiences disruptions and does not function properly, often freezing or failing to load. This issue is affecting workflow and efficiency. Kindly review and address this problem to ensure smoother performance.",1,2025-11-08,BOA Bank,NEGATIVE,-0.9947029948234558,User Experience
126,61a85d6e-8111-4add-9c9a-ebf8a25b2bca,best app,5,2025-11-08,BOA Bank,POSITIVE,0.999686598777771,Other
127,493dc1a0-1d88-4d43-93ab-9b3c9d7426d9,Meet you genuine.App I tried is not functional.Helping.welldoingwith BOA Ethiopia .fastandrelevant.morconnecting Digitalyworld.Digitalyworld. thanks.,5,2025-11-08,BOA Bank,NEGATIVE,-0.8848833441734314,Performance
128,52b82149-19da-40cd-b8ce-a86e0b2c789c,good,4,2025-11-10,BOA Bank,POSITIVE,0.999816119670868,Other
129,9f9ace0f-c63b-4482-a159-12c2bcd357ae,Worest Banking App Ever I seen. Fake App Bad Better to Leave,1,2025-11-10,BOA Bank,NEGATIVE,-0.9993888139724731,Other
130,6a7a5c64-4056-404d-b37e-60bf1d6ee90a,best of best,5,2025-11-10,BOA Bank,POSITIVE,0.9997496008872986,Other
131,f38caf5b-4580-4a9f-819f-f4cd3d789176,fast and simple,5,2025-11-11,BOA Bank,POSITIVE,0.9997392296791076,User Experience
132,0ed79d57-a54c-4541-9df0-67e1e8c72be3,when trying to activate the app it keeps on loading on the security questions page. It has been two days,1,2025-11-13,BOA Bank,NEGATIVE,-0.9952510595321656,Other
133,58ccb5e9-0cf7-413c-8bb4-6515d4863bc1,🥰🥰🥰🥰🥰 app is good but i was live in abroad and when i enter my otp code it didnt make me to write my code it the app want it self write thats not fair so please other wise i like it why,5,2025-11-15,BOA Bank,POSITIVE,0.8251625895500183,Authentication
134,9fb5fdaa-6172-43c1-ba46-2fcdfcd84c13,it is not working at all,1,2025-11-15,BOA Bank,NEGATIVE,-0.9997811913490297,Other
135,afad642f-39c4-4db0-adbf-5fbe7143f960,it is a good app,5,2025-11-18,BOA Bank,POSITIVE,0.9998643398284912,Other
136,c198f602-e9fb-4b61-ad3a-8efe42269b8d,I cant belive I could find the worst bank app ever .yet very simple to fix the problem and the company just ignored it. no body can do business with this kind of app.,1,2025-11-18,BOA Bank,NEGATIVE,-0.999693751335144,User Experience
137,b9fa948b-07bc-41f5-9e49-5e612b9a9db6,the lag is unbelievable when you need it the most this suks,1,2025-11-19,BOA Bank,NEGATIVE,-0.9983174800872804,Other
138,2d630116-152e-4dbb-bb7a-d7f93bbafbc5,waw,5,2025-11-21,BOA Bank,NEGATIVE,-0.7346187829971313,Other
139,d36fbdcb-b57e-4384-8e5b-ae549e25b33e,It keeps notifying me to disable developer options and quiet while I'm not enabled. always bring another type of problem with new updates.,1,2025-11-22,BOA Bank,NEGATIVE,-0.9968326687812804,Other
140,6f7113d8-180e-4f3d-83d9-fbe55f9edd69,not use for me,3,2025-11-23,BOA Bank,NEGATIVE,-0.9953739047050476,Other
141,15c3586b-e672-48db-b3c0-09508375763f,good service,5,2025-11-25,BOA Bank,POSITIVE,0.9998499155044556,Customer Support
142,896ee9aa-a483-4b1f-b73c-0a26c4b54790,most of the time is not working properly,1,2025-11-25,BOA Bank,NEGATIVE,-0.9997636675834656,Other
143,7ef21cf6-d226-4370-ab96-01c909dbc58d,very good,5,2025-11-25,BOA Bank,POSITIVE,0.9998520612716676,Other
144,f5bfd792-bc81-4d06-99c9-06c7743d3e09,ምንም የማይ ሰራ,1,2025-11-26,BOA Bank,NEGATIVE,-0.8337249755859375,Other
145,4ed89e8c-16dc-4763-94ca-04d05cf799a5,not user friendly at all it requires a huge connectivity and also lags many times 😑😑😑,1,2025-11-26,BOA Bank,NEGATIVE,-0.999765694141388,User Experience
146,f28a3a3c-eb94-4aab-88d2-89bcecebcc7b,bad exprience...it is so crushed,1,2025-11-27,BOA Bank,NEGATIVE,-0.9998053908348083,Other
147,11306fb9-5571-4950-8d32-604c5402242f,good!,5,2025-11-28,BOA Bank,POSITIVE,0.9998268485069276,Other
148,fc67d12c-92e2-45aa-a9e0-011f58a583bc,goof,5,2025-11-28,BOA Bank,NEGATIVE,-0.9975278973579408,Other
149,a6cbfa34-f2b1-4a16-96b6-c94f58cea76f,Very Good,5,2025-11-28,BOA Bank,POSITIVE,0.9998520612716676,Other
150,3463230e-f9f7-4be3-a632-fdd8d017ce84,🙏👍,5,2025-11-29,BOA Bank,NEGATIVE,-0.6970561742782593,Other
151,60e84fba-4730-499d-8f5b-88e52dda8db7,app is note active working crash,1,2025-11-30,BOA Bank,NEGATIVE,-0.8487376570701599,Stability
152,843256e6-6275-4ae5-adaf-a01889b8a49f,Make the reason we wrote visible on app transaction.,2,2025-12-01,BOA Bank,NEGATIVE,-0.9711726903915404,Transactions
153,1f812386-c485-4fd1-8299-3ffe264668c7,i don't find it good and now it is not working!,1,2025-12-01,BOA Bank,NEGATIVE,-0.9997889399528505,Other
154,d27d3172-fb10-492e-af66-8923ee7a2cfb,it stuck everytime when i use it . the app won't budge to even open,1,2025-12-02,BOA Bank,NEGATIVE,-0.9977149963378906,Stability
155,7a4c3729-98fc-4bda-a031-835cf4594d78,what a bad app... cant even learn from CBE ... how can they even improve?,1,2025-12-02,BOA Bank,NEGATIVE,-0.999813973903656,Other
156,46d3beb9-1d2b-4714-b79b-b7727d5a6200,nice banking,5,2025-12-02,BOA Bank,POSITIVE,0.999849796295166,Other
157,82808a6b-061d-4ba6-87d2-42fcca84be25,not bad,3,2025-12-04,BOA Bank,POSITIVE,0.9995881915092468,Other
158,65eb86df-c336-4035-bd1d-a014d89f4f67,"please fix the bug this app does not work, it says Error The request was not successful. Please check device connectivity or try again.",1,2025-12-05,BOA Bank,NEGATIVE,-0.9997721314430236,Stability
159,c1c9cde4-899d-4e0e-8379-2fe807cffb02,good,4,2025-12-06,BOA Bank,POSITIVE,0.999816119670868,Other
160,6e2067d5-be9d-4f24-a0dc-962af7115b77,good,4,2025-12-09,BOA Bank,POSITIVE,0.999816119670868,Other
161,5a422cb7-54a0-49a6-98ab-cf20ba00d702,🔥🔥,5,2025-12-10,BOA Bank,NEGATIVE,-0.6970561742782593,Other
162,ea371900-511d-48de-8dea-c6addbf4eb16,Amazing App 👏,5,2025-12-12,BOA Bank,POSITIVE,0.9997918009757996,Other
163,d3f86858-3448-43ea-b583-206e07028ec2,Niec app,5,2025-12-12,BOA Bank,POSITIVE,0.7498568296432495,Other
164,475f9227-bddf-4e35-bc04-ea4ae6ad8bf5,waw,2,2025-12-12,BOA Bank,NEGATIVE,-0.7346187829971313,Other
165,6f88a64c-ca26-4c95-9f18-d2ede6aebae9,it constantly bugs and doesnt open what is the purpose of mobile banking app if i dont use it when i need it?,1,2025-12-12,BOA Bank,NEGATIVE,-0.9996134638786316,Stability
166,f1db2116-2cd4-4706-a634-e5a9c6a3b8f6,best app of the year,5,2025-12-12,BOA Bank,POSITIVE,0.9997411370277404,Other
167,5723b358-c596-43e6-ab8b-65078effe1c1,WE EXPECT IT WILL BE MORE AND MORE FASTER THAN EARLIER!,5,2025-12-13,BOA Bank,NEGATIVE,-0.9444257616996764,Performance
168,ad023847-d9ea-411d-a5fc-93526672150d,nice,5,2025-12-13,BOA Bank,POSITIVE,0.9998552799224854,Other
169,43c4cd7c-a28e-4f02-91fb-c7376dd27207,best,5,2025-12-15,BOA Bank,POSITIVE,0.9997941851615906,Other
170,8f99a31d-0524-4d92-8838-225f595b2f8e,😍,5,2025-12-15,BOA Bank,NEGATIVE,-0.6970561742782593,Other
171,1beda9d7-14c8-446e-823d-13a254acec0c,good,5,2025-12-16,BOA Bank,POSITIVE,0.999816119670868,Other
172,d92e8b80-e145-4cdf-a0be-df7acf32070d,Good,5,2025-12-17,BOA Bank,POSITIVE,0.999816119670868,Other
173,72a2271c-addf-47d8-a890-fbd4bb3fe431,fast,5,2025-12-17,BOA Bank,POSITIVE,0.9989494681358336,Performance
174,7e528717-d026-4ebe-a624-ab98945b511e,Applicationa kerem delile,5,2025-12-18,BOA Bank,NEGATIVE,-0.9970144033432008,Other
175,58327316-694c-4bee-8d04-6a35f9805e61,great,5,2025-12-18,BOA Bank,POSITIVE,0.9998630285263062,Other
176,d59b4505-d935-487a-9f20-3d4d19c87600,The worst Mobile banking app in Ethiopia,1,2025-12-20,BOA Bank,NEGATIVE,-0.9997841715812684,Other
177,5540600f-a2c1-462a-8782-744c752fa7c8,best,5,2025-12-21,BOA Bank,POSITIVE,0.9997941851615906,Other
178,d4e85391-d3d2-4665-80f3-22d0c04f7209,አፕሊኬሽኑ መጨረሻ ቀርፋፋ ነው:: 2G,1,2025-12-21,BOA Bank,NEGATIVE,-0.978131890296936,Other
179,a710825c-f27e-4bba-8266-2217729f050d,"what is this the 19 century 😡,we can't even see our balance,this app is going backwards 😤",1,2025-12-21,BOA Bank,NEGATIVE,-0.99897301197052,Other
180,bc2f17c2-f67f-4aa8-adf0-6764009508c2,የአቢሲኒያ ባንክ app,5,2025-12-22,BOA Bank,NEGATIVE,-0.6179786920547485,Other
181,19dd9e16-9865-4e08-bb5e-6a2a064f01cc,very good to be continued to update,5,2025-12-24,BOA Bank,POSITIVE,0.999853491783142,Other
182,f87d052d-1b38-4565-acf8-29ef5de68990,wooow,5,2025-12-26,BOA Bank,NEGATIVE,-0.983917474746704,Other
183,f12acace-3ad9-446d-889b-7a8a4684a2be,best digital financing app in ethiopia,5,2025-12-26,BOA Bank,POSITIVE,0.9993425011634828,Other
184,2e99ba65-3a4b-43b8-a32d-11015fa9bab3,good 👍👍👍,5,2025-12-27,BOA Bank,POSITIVE,0.9998576641082764,Other
185,8cbfea11-e41f-4229-9245-0a0ff3cea459,good,5,2025-12-27,BOA Bank,POSITIVE,0.999816119670868,Other
186,e288bbda-1f49-4a62-aa3f-275967a1d655,ደገፉ ፈፊኘየየከ ወግወ ደገፉ,5,2025-12-31,BOA Bank,NEGATIVE,-0.8616322875022888,Other
187,62e8408b-81ea-4aa2-85a8-24ddfcc98eac,yetemeta app nw cherash nw apk west maygebawu beza sebeb absiniya tesenabichalewu,1,2026-01-01,BOA Bank,NEGATIVE,-0.990407407283783,Other
188,f79c72cc-bd38-4abd-84de-b7a6b0900db5,"This app is the worst app I've ever seen. Unless the developer fixes it, BOA will lose all its customers.",1,2026-01-02,BOA Bank,NEGATIVE,-0.9998050332069396,Other
189,c96ffbcf-0e9e-4289-8e2e-f3a5a1bef402,The worest banking app i ever used,1,2026-01-03,BOA Bank,POSITIVE,0.9593278169631958,Other
190,1e3d61ab-ef9f-4c7e-8532-1ab52f6c8b30,not good update it again,1,2026-01-04,BOA Bank,NEGATIVE,-0.9996786117553712,Other
191,98969eef-948e-4ef5-a077-f9ddb2ecc728,"There's only one word to describe BOA mobile banking app, and it's 'እንጨት'. It's been the worst experience and it's continuing to be so.",1,2026-01-04,BOA Bank,NEGATIVE,-0.9997850060462952,Other
192,34f12fdc-1db2-4568-9028-65e1a7ccc4eb,the app not works on samsung galaxy A06 models it's directly kick you out of the app whenever u want to use it amd and then it's says the app is not working i hope they fix it soon,2,2026-01-04,BOA Bank,NEGATIVE,-0.9996317625045776,Other
193,a2ee4948-9c2f-46b0-9891-5fdd918cca0b,"Problems with internet, the app sometimes says there is no internet connection while Internet Data is on. this needs to be fixed, it's unacceptable not being able to access your bank account when you need it.",1,2026-01-05,BOA Bank,NEGATIVE,-0.999695897102356,Account Issues
194,eff1b654-1253-40cb-bbf3-1cf27f397053,my app is not working .,1,2026-01-06,BOA Bank,NEGATIVE,-0.9997945427894592,Other
195,fa7caa2b-b19e-4792-b813-d00fc0745e8f,so good,5,2026-01-06,BOA Bank,POSITIVE,0.999841570854187,Other
196,ae5f0405-2264-46d1-bc08-ccb58875d5ad,n m ű,3,2026-01-06,BOA Bank,POSITIVE,0.8321126699447632,Other
197,b8b7a5c7-1d72-4cc3-9d5b-b7d741ffd5c6,The app is always glitch seems there's is significant issue from the backend. Can someone take a look on this or just remove from appstore this trash 🗑 🙄. Thank you.,1,2026-01-07,BOA Bank,NEGATIVE,-0.9988576173782348,Other
198,e16cd6e0-4177-469d-9eb4-4e64cad960bf,The worest app ever .work hard and do betterthan this,1,2026-01-09,BOA Bank,NEGATIVE,-0.9422697424888612,Other
199,2388f131-7757-4160-92a6-8cc9c7fae515,it's too slow and when you are in a hurry don't use this app,1,2026-01-10,BOA Bank,NEGATIVE,-0.9989222288131714,Stability
200,49624e4a-3ed8-460e-8845-b5ecd6c1c407,app doesnt work,1,2026-01-10,BOA Bank,NEGATIVE,-0.999457061290741,Other
201,bc087f97-15fb-42f0-87f3-b0b77fef6caa,yes,5,2026-01-13,BOA Bank,POSITIVE,0.9997805953025818,Other
202,5df19f53-99d4-403f-a50c-4988e895fc45,very Good application,4,2026-01-14,BOA Bank,POSITIVE,0.9998687505722046,Other
203,55d85e25-9e55-4a44-8cea-69036e375391,እየሩስ ፣አይለ፣,1,2026-01-20,BOA Bank,NEGATIVE,-0.8616322875022888,Other
204,ec121061-4e56-4d1e-bec5-f9c2a8bc3861,very nice,5,2026-01-20,BOA Bank,POSITIVE,0.9998563528060912,Other
205,dcf9e453-1fa8-43b1-ac74-ffb3698e6fb3,yse good ap,5,2026-01-22,BOA Bank,POSITIVE,0.9995238780975342,Other
206,a15ff5a3-ad7a-4327-b1f1-9e7fb56a2dd1,so perfect in everything,5,2026-01-22,BOA Bank,POSITIVE,0.999875545501709,Other
207,6b04c7d4-5071-4380-99e7-55647f09b66c,the worst Mobile banking app👎👎👎👎,1,2026-01-22,BOA Bank,NEGATIVE,-0.9998025298118592,Other
208,4c8f5859-cf60-422a-be30-863ba8bf565c,very clumsy application. it sucks alot.,1,2026-01-23,BOA Bank,NEGATIVE,-0.9997543692588806,Other
209,783ae780-ffff-4085-9730-09fa060fa065,እሽቱ,5,2026-01-24,BOA Bank,NEGATIVE,-0.6970561742782593,Other
210,71d207ea-ad18-4a76-a093-a890e82b454c,"BoA Mobile is boring, imagine if you install it to your phone it crash when once used and require reinstall. I downloaded ten times but it still crashing.",1,2026-01-25,BOA Bank,NEGATIVE,-0.999487280845642,Stability
211,4ca9efb2-a8af-40a6-91b8-1899645f7582,"Whenever I want to see my balance, the app says “no” and logs me out. Looks like the developer doesn’t want customers to know the truth 😄! This app really protects my money. It logs me out before I can even see my balance. 👉 Honestly, this app doesn’t reflect the quality of Bank of Abyssinia.",3,2026-01-26,BOA Bank,NEGATIVE,-0.9990193843841552,Other
212,f8f9ec99-ef80-4ac6-8be4-5743e1f6f0ab,unsatisfied to your mobile banking application,5,2026-01-28,BOA Bank,NEGATIVE,-0.9980995059013368,Other
213,7cd190a4-5f44-451a-9d37-6da8dd4d1f57,very good app,5,2026-01-29,BOA Bank,POSITIVE,0.9998675584793092,Other
214,3da870d0-98d9-473c-ab31-6d2c9cad7f39,what is wrong these app ?,1,2026-01-30,BOA Bank,NEGATIVE,-0.999594271183014,Other
215,13071770-c8c6-433e-8b5b-fb756d545a5c,wondo mechesa,5,2026-01-31,BOA Bank,POSITIVE,0.998038113117218,Other
216,20309f7f-db6b-49b2-92c4-07edae1f8db5,good but the user interface and animations need some upgrade,4,2026-01-31,BOA Bank,NEGATIVE,-0.985451638698578,User Experience
217,16dea464-9d5d-4ba1-9daf-6be0f1a9fd88,the most doagusting app from ethiopian banking especially on weekdenda🤮🤮🤮🤮🤮🤮🤮,1,2026-02-02,BOA Bank,POSITIVE,0.6832613945007324,Other
218,3e3f5f99-6936-4e16-8758-22e9e2162f87,Its not work accurately please improve your mobile banking,1,2026-02-03,BOA Bank,NEGATIVE,-0.9996246099472046,Other
219,0a96ec4a-3a1d-464e-8730-660271fd1448,good,5,2026-02-08,BOA Bank,POSITIVE,0.999816119670868,Other
220,45f2bcd3-fde8-4b9b-b49d-7426427aee27,good,5,2026-02-10,BOA Bank,POSITIVE,0.999816119670868,Other
221,199f8774-a008-4b97-9981-35d7ce1cfb64,some time the app would have been a problem to open,5,2026-02-10,BOA Bank,NEGATIVE,-0.9992311000823976,Other
222,b642100d-0a91-4481-8719-d1ca5d02d5a2,v.good,5,2026-02-11,BOA Bank,POSITIVE,0.9948773980140686,Other
223,2b184e78-5b24-4948-af50-ea702dc35ebd,"It’s very hard, it’s not working.👎👎",1,2026-02-11,BOA Bank,NEGATIVE,-0.9997758269309998,Other
224,5bc9361c-080d-46e3-8671-94ac9f69c029,"this app is useless, i try to use it but the app crash and log me out and this is happen again and again. i thought they will fix it on update but there is no update.",1,2026-02-15,BOA Bank,NEGATIVE,-0.9991432428359984,Stability
225,c15244f8-25e1-4fca-9ed1-daf0e9ac0e2e,it is a best app,5,2026-02-16,BOA Bank,POSITIVE,0.9998170733451844,Other
226,604bf68e-7785-44ee-81b8-76f281427bbe,Good,5,2026-02-17,BOA Bank,POSITIVE,0.999816119670868,Other
227,df20cbb3-6c0a-407b-9b4c-c761713ce51e,it crush every time you opend it it is hard to pay quickly or to access,1,2026-02-17,BOA Bank,NEGATIVE,-0.9992928504943848,Performance
228,0affc54a-f15f-4be9-8016-e66f03100f76,good,5,2026-02-19,BOA Bank,POSITIVE,0.999816119670868,Other
229,4b90ec20-d272-4b58-87c8-018dba03af72,good,5,2026-02-19,BOA Bank,POSITIVE,0.999816119670868,Other
230,41416c47-1d5e-4b6c-8a1d-695bcdb3beab,Excellent service thanks,5,2026-02-20,BOA Bank,POSITIVE,0.9998632669448853,Customer Support
231,e1556dbc-4ca8-4d4f-a9e5-f2bf4a8559a5,"balance sync is working after 24 hours, frequently stop working for the last 4 yrs, boring update released, very poor service",2,2026-02-23,BOA Bank,NEGATIVE,-0.9993014335632324,Customer Support
232,1b01f5f9-4a1c-44e3-8b89-9403a703309a,well app,5,2026-02-24,BOA Bank,POSITIVE,0.9993765950202942,Other
233,ac798833-2852-4806-b49c-0870a2ca8021,Use the best bank account ✅👌👌👌,5,2026-02-25,BOA Bank,POSITIVE,0.9632344841957092,Account Issues
234,0b1b9aa3-78f5-45bc-973c-925f33baa3ff,"Good App But big problem with Trasfer to other Bank im send some money to other bank still not reach it ,it's take time around two days",4,2026-02-27,BOA Bank,NEGATIVE,-0.9948278069496156,Transactions
235,8d47e2b8-571a-49e7-8b7e-3a25c87f7f52,BOA mobile app,5,2026-02-28,BOA Bank,NEGATIVE,-0.7573513388633728,Other
236,1c8d7526-0c07-4eaf-ab06-b71ea9a2452e,no app,1,2026-03-01,BOA Bank,NEGATIVE,-0.9996392726898192,Other
237,902fe048-d11b-4c3f-b87a-5bfc7f335399,very nice,5,2026-03-01,BOA Bank,POSITIVE,0.9998563528060912,Other
238,e763cbeb-416d-4a76-9dcd-1f4139eb794f,profesionl,5,2026-03-02,BOA Bank,NEGATIVE,-0.987149178981781,Other
239,04cf6168-e6ea-4e78-bfda-3a74588a4bad,nice,5,2026-03-02,BOA Bank,POSITIVE,0.9998552799224854,Other
240,2f1b12ec-7f68-4d5a-8278-28efad754be7,ፈት አፈዘ,1,2026-03-03,BOA Bank,NEGATIVE,-0.7850580811500549,Other
241,269bf571-95ad-4fa1-ba20-82102be383ec,Its so boaring app I ever had....please review and fix z deficulties,1,2026-03-03,BOA Bank,NEGATIVE,-0.9886196851730348,Other
242,5e6379c2-86ca-4666-94d0-fef6ee4882c0,atdtd,1,2026-03-03,BOA Bank,NEGATIVE,-0.8663635849952698,Other
243,4900e135-fde5-42b2-89f1-086fe9058fac,nice,5,2026-03-04,BOA Bank,POSITIVE,0.9998552799224854,Other
244,90bd6cd8-0f2a-40e8-a6fa-26cb0c45dc80,doesn't work.,1,2026-03-06,BOA Bank,NEGATIVE,-0.9997673630714417,Other
245,2f243de4-32f8-4508-965e-ddfc6bc03360,100% 😱😱,5,2026-03-07,BOA Bank,POSITIVE,0.9974650144577026,Other
246,b74e2378-9d8f-4517-a7d6-79984c8fc1c6,fast security 🔥🔥🔥,5,2026-03-07,BOA Bank,POSITIVE,0.9876085519790648,Performance
247,b96d31a2-9360-43ab-ba3c-a44b324f8288,considering the fact that bank is huge this app really bad you could do better,1,2026-03-10,BOA Bank,NEGATIVE,-0.9997078776359558,Other
248,3f34c8ab-9104-4850-abfe-95e3ba71a8be,nice,5,2026-03-10,BOA Bank,POSITIVE,0.9998552799224854,Other
249,ee67fbbe-15df-4e7e-9ff9-bd14b94a91fe,ማስተዋልይርሳው,5,2026-03-11,BOA Bank,NEGATIVE,-0.6970561742782593,Other
250,b6b7e64a-7e99-417d-a38c-e9eab458361e,1 ደኛ,5,2026-03-11,BOA Bank,NEGATIVE,-0.7333013415336609,Other
251,b060812c-af12-411e-a626-a07bc4b24f5f,it stucks and jumps out,1,2026-03-13,BOA Bank,NEGATIVE,-0.9759269952774048,Stability
252,5ad04066-3460-4e16-b5c1-a886078b0085,i like,5,2026-03-14,BOA Bank,POSITIVE,0.9998149275779724,Other
253,c25d4aae-15d7-4953-9047-5885725de079,wow,5,2026-03-14,BOA Bank,POSITIVE,0.999592125415802,Other
254,cf3ae773-6780-4a73-b09c-c8757ad32902,love BOA,1,2026-03-15,BOA Bank,POSITIVE,0.9997603297233582,Other
255,b158b82f-2480-410c-bce9-f745033367ee,Very excayeted and degjetalization more accecing to any markate enabled servece also hamble so more atande,4,2026-03-16,BOA Bank,NEGATIVE,-0.9048979878425598,Other
256,d770ebf8-251b-4a57-8a5d-3d6aef512e06,Best !,5,2026-03-16,BOA Bank,POSITIVE,0.9998348951339722,Other
257,771ca16b-78f0-46bb-ab16-0c79fd487527,the app is always full of bugs and I don't know why they don't even try to fix them it's been like this for years it's always unstable,1,2026-03-16,BOA Bank,NEGATIVE,-0.9989802241325378,Stability
258,457d0b18-98e6-4d98-8062-a96227cdde43,fast app,5,2026-03-16,BOA Bank,POSITIVE,0.9983617663383484,Performance
259,028ff8b4-4681-40d6-828a-eabdf8317bd0,best app,5,2026-03-16,BOA Bank,POSITIVE,0.999686598777771,Other
260,d7f3d46c-c135-448e-81d5-ff8c093ae343,very good,4,2026-03-16,BOA Bank,POSITIVE,0.9998520612716676,Other
261,abefc5fe-bb89-461a-8e18-92f1d056fafc,lovely app,5,2026-03-16,BOA Bank,POSITIVE,0.9998546838760376,Other
262,880076f1-597b-43f0-a72e-b2d551a85413,"BoA easily accessible, fast with best service, Go ahead",5,2026-03-16,BOA Bank,POSITIVE,0.9996600151062012,Performance
263,e2cee706-7312-431b-bcd1-e2fdb7b8a67f,its so amazing,5,2026-03-16,BOA Bank,POSITIVE,0.999879002571106,Other
264,19e1b3b3-ae93-405d-aa6a-a75f6373e15c,good,5,2026-03-16,BOA Bank,POSITIVE,0.999816119670868,Other
265,e72809bb-85c7-470d-98e9-48f3600af1aa,Now this bank is among those Ethiopian banks with best mobile banking. N.B I will give 5 star if the app asks a PIN before completing transaction.,4,2026-03-16,BOA Bank,POSITIVE,0.99723619222641,Transactions
266,591b2055-caa1-4f65-9b4a-a982f7d08a6e,very good service,3,2026-03-16,BOA Bank,POSITIVE,0.9998648166656494,Customer Support
267,ba8f8347-bd95-44be-8932-97c3f2956f60,wow,5,2026-03-17,BOA Bank,POSITIVE,0.999592125415802,Other
268,4d566296-4a24-4bbd-9c34-5d1ea6b165ed,Thanks bank of Abisiniya,5,2026-03-17,BOA Bank,POSITIVE,0.999427080154419,Other
269,09ea6149-89ce-49f0-9dc2-90955569d5aa,good ap,5,2026-03-17,BOA Bank,POSITIVE,0.999827206134796,Other
270,4e61715f-d0e9-4bbd-8421-f40d7b4b7f0c,Very nice application,5,2026-03-17,BOA Bank,POSITIVE,0.9998540878295898,Other
271,f58f914c-0ffb-4628-85f9-bf8a1b437f91,the BoA is the smartest app,5,2026-03-17,BOA Bank,POSITIVE,0.9996989965438844,Other
272,060d78f1-10a0-4b14-92fc-42b6f8522711,nice,5,2026-03-17,BOA Bank,POSITIVE,0.9998552799224854,Other
273,39c77552-ecde-49f4-a8f0-7e6ec8c5c777,Wow!!,5,2026-03-17,BOA Bank,POSITIVE,0.999723732471466,Other
274,0adc215d-c5a2-42e4-a33d-d53eb5255472,v.good,5,2026-03-17,BOA Bank,POSITIVE,0.9948773980140686,Other
275,b18f9e3b-0b2d-422c-82ef-5509224392c8,best,5,2026-03-17,BOA Bank,POSITIVE,0.9997941851615906,Other
276,f0660042-ece9-4c99-904f-b3dbd6911219,"All problems are fixed now , easy to use recommended.",5,2026-03-17,BOA Bank,POSITIVE,0.7008944153785706,User Experience
277,a72d0ffe-b307-4b67-bfe0-a8b44cfb323d,very good,4,2026-03-17,BOA Bank,POSITIVE,0.9998520612716676,Other
278,4c486849-a97c-43c4-a07a-784aaca084eb,no limit app,5,2026-03-17,BOA Bank,POSITIVE,0.942484736442566,Other
279,37e22804-5a4f-41af-a915-8e1fe824b423,it is slow app pls update more,5,2026-03-17,BOA Bank,NEGATIVE,-0.9995323419570924,Stability
280,65ad93b2-92b3-4617-a108-ad4372743b5f,good,5,2026-03-17,BOA Bank,POSITIVE,0.999816119670868,Other
281,ab97e88f-949d-4afa-8d55-1d3550cfc1b4,amazing app ever,5,2026-03-17,BOA Bank,POSITIVE,0.9998624324798584,Other
282,96e99b1d-3f4e-493a-81d8-e24d64fe9917,It did not work at all for me,1,2026-03-17,BOA Bank,NEGATIVE,-0.999767243862152,Other
283,22e5506e-0a34-4fa2-8e9a-e5d95c838a16,besat🥰,4,2026-03-17,BOA Bank,NEGATIVE,-0.6970561742782593,Other
284,6f7469d0-92a9-4c1b-a681-7d05865f2c73,amazing 😄 service I appreciate it,5,2026-03-17,BOA Bank,POSITIVE,0.9998668432235718,Customer Support
285,030395b6-8973-46bc-af95-d79fa6fb7fec,very excellent and truth application.,5,2026-03-17,BOA Bank,POSITIVE,0.9998695850372314,Other
286,48fa3615-0cf4-4b8e-ae49-f141c3f15162,Good,1,2026-03-18,BOA Bank,POSITIVE,0.999816119670868,Other
287,c6200fcc-33ca-46b6-9ce5-4aeb040c5da5,very good app,5,2026-03-18,BOA Bank,POSITIVE,0.9998675584793092,Other
288,bfe58ba2-47aa-465d-a20d-155b0881e459,excellent!,5,2026-03-18,BOA Bank,POSITIVE,0.9998645782470704,Other
289,f816839a-36b8-4b5a-b5af-21f1913111ea,good to use,5,2026-03-18,BOA Bank,POSITIVE,0.9998455047607422,Other
290,032dff22-c873-478f-a913-a114025670aa,Nice App,5,2026-03-19,BOA Bank,POSITIVE,0.9998061060905457,Other
291,dac34b11-7a4d-4f66-a3fe-95938462c184,good,5,2026-03-19,BOA Bank,POSITIVE,0.999816119670868,Other
292,9954a863-cf04-49b4-9bbc-01d2d643502e,Secured and rely on BOA.,4,2026-03-19,BOA Bank,POSITIVE,0.9813457131385804,Other
293,edff7faf-b934-4fe1-b2c8-e09d9969b7c0,The worst banking app ever. When I toggle the balance button it shows session expired. I can't even check balance😔,1,2026-03-19,BOA Bank,NEGATIVE,-0.9997931122779846,Other
294,6d2e0b19-ee1c-464e-92da-8a3878a6a77e,happy,4,2026-03-19,BOA Bank,POSITIVE,0.99987530708313,Other
295,cf575ba2-ee28-4c66-9f8c-60c988dad388,very nice app u love it,5,2026-03-19,BOA Bank,POSITIVE,0.9998660087585448,Other
296,4c1ebf7f-b18b-4ce2-990c-70a55af4970f,ቤጣም ጥሩ ነው ግን ኖ ፍጥነት ብዙ ስታክ ኦኬ,5,2026-03-20,BOA Bank,NEGATIVE,-0.9322324395179749,Other
297,45da188c-ee3d-48ba-ae25-95e3ea64375b,best app,5,2026-03-20,BOA Bank,POSITIVE,0.999686598777771,Other
298,ba01b39e-49a4-47de-8190-691ff2001b14,👍👍👍,5,2026-03-20,BOA Bank,NEGATIVE,-0.6970561742782593,Other
299,c431d0dc-49fa-40a4-8191-062c7fdb5c88,simple and fast,5,2026-03-20,BOA Bank,POSITIVE,0.9998082518577576,User Experience
300,5e708cce-69b7-450d-9483-a7f2fd282d17,awesome and fast app it uses to do my work easier..🥰,5,2026-03-20,BOA Bank,POSITIVE,0.999792754650116,Performance
301,c16f4d45-4e69-43f9-9203-b16d8b7a6692,very good appreciation trusted,5,2026-03-20,BOA Bank,POSITIVE,0.9998399019241332,Other
302,c32769ec-e713-4554-8201-ffd51ab48981,good!,4,2026-03-21,BOA Bank,POSITIVE,0.9998268485069276,Other
303,ce641b2b-d040-4aad-b192-b315e92b28aa,BoA Mobile app,5,2026-03-21,BOA Bank,NEGATIVE,-0.7573513388633728,Other
304,1fcda048-250e-4a29-80f9-d39920317960,awful,1,2026-03-21,BOA Bank,NEGATIVE,-0.9997954964637756,Other
305,21fc9272-5122-48ca-bc6d-a291f71620fc,it is simple and fast app,5,2026-03-21,BOA Bank,POSITIVE,0.9995757937431335,User Experience
306,fef1bdda-a92c-4675-905c-ed939d8eb4a4,good,5,2026-03-21,BOA Bank,POSITIVE,0.999816119670868,Other
307,092c3e04-f7d6-4b28-92f1-de5a918b3fbc,well,1,2026-03-22,BOA Bank,POSITIVE,0.9995703101158142,Other
308,604814f0-010f-4950-b333-613f0105bc15,doesn't work,1,2026-03-22,BOA Bank,NEGATIVE,-0.9997408986091614,Other
309,8d34cfb6-9bcb-4912-aee0-aa2a2b1592de,cheru birhanu,1,2026-03-22,BOA Bank,POSITIVE,0.8392426371574402,Other
310,a91a45f2-b0c9-4bc3-91ea-4ce2443d4cc5,i can't transfer money to other bank. 😒😒,4,2026-03-22,BOA Bank,NEGATIVE,-0.9885262250900269,Transactions
311,ecdd5515-c1f8-41a4-9803-6d0d7052c621,Machin tecnoloj,3,2026-03-22,BOA Bank,NEGATIVE,-0.9505836367607116,Other
312,a80ce3bd-0391-4df1-9df2-9c0bcc7394fa,developer option offe,1,2026-03-22,BOA Bank,NEGATIVE,-0.9993467926979064,Other
313,a366f66f-c0a0-425e-add1-7e71b1610e2f,"Bank of Abyssinia used to be the best for me, but now I don’t think so. I spent the whole day at the branch trying to fix my mobile banking, yet nothing changed. I was asked repeatedly for my ID and signature without any real solution. It’s disappointing and frustrating to see such poor service. I expected much better 🙏 Please fix this urgently 🙏",1,2026-03-22,BOA Bank,NEGATIVE,-0.9996219873428344,Customer Support
314,1cb1105a-67fe-458a-9743-5d34693acf56,This app good b/c reduce my time,5,2026-03-22,BOA Bank,POSITIVE,0.9903632998466492,Other
315,fb7ecaf6-a3b5-4010-9213-9f95c8f56bc5,good app,5,2026-03-23,BOA Bank,POSITIVE,0.9998493194580078,Other
316,9fd15475-73a2-4719-8f0d-7189419e1f3f,good up except some sluggishness,5,2026-03-23,BOA Bank,POSITIVE,0.9930061101913452,Other
317,b281bf2a-d118-4208-89d3-0ce0a72cc301,it is not bad it just ok,4,2026-03-23,BOA Bank,POSITIVE,0.9996962547302246,Other
318,00b7b233-2a55-47e9-9645-7fb550289103,abanamu boriifuu hindhabamu horiinu ajiraanu woliinuu,5,2026-03-24,BOA Bank,NEGATIVE,-0.980297327041626,Other
319,d31fdcca-49f2-463d-bfbe-820880299924,something is wrong,2,2026-03-24,BOA Bank,NEGATIVE,-0.9988584518432616,Other
320,f99de809-b2fa-4d2b-8989-1974209a2871,ok app,5,2026-03-24,BOA Bank,POSITIVE,0.9997081160545348,Other
321,a65f4039-7ba9-41e9-9134-f6149caf042d,beti araya,5,2026-03-24,BOA Bank,POSITIVE,0.9919483661651612,Other
322,6c8a57ec-bedc-4a6d-8e55-bc128ed414a9,good app,5,2026-03-24,BOA Bank,POSITIVE,0.9998493194580078,Other
323,497be43a-22d6-41de-b1b8-25b6a9828edb,its the the bank of bank,5,2026-03-25,BOA Bank,POSITIVE,0.8855547904968262,Other
324,b3eeddca-511a-4476-95fd-5e1c3efca410,You can't rely on Abyssinia. They are the worst,1,2026-03-26,BOA Bank,NEGATIVE,-0.9985235333442688,Other
325,9e0c8000-1334-4a4d-b365-135f5bfe19f1,smart app smart bank,5,2026-03-27,BOA Bank,POSITIVE,0.999352753162384,Other
326,1de03aee-6087-48b7-9c16-833a1db513c0,my choice BOA,5,2026-03-28,BOA Bank,POSITIVE,0.739587664604187,Other
327,fc343f2b-f7c3-477a-8b30-e12762c3acda,በጣም ጥሩ ነው,5,2026-03-28,BOA Bank,NEGATIVE,-0.8337249755859375,Other
328,5af2ed8c-8f32-475e-9c7e-104b14bbd9a1,smart app,5,2026-03-28,BOA Bank,POSITIVE,0.999789297580719,Other
329,15bc654d-c9be-4cf2-a245-c7786a229cf3,very good,5,2026-03-28,BOA Bank,POSITIVE,0.9998520612716676,Other
330,4d77ffbf-a33d-4b0b-bbb4-22fde799e25d,good,5,2026-03-28,BOA Bank,POSITIVE,0.999816119670868,Other
331,10a506ce-01bb-4001-92f4-195ae6ddff07,good,1,2026-03-28,BOA Bank,POSITIVE,0.999816119670868,Other
332,7bf62829-1879-44f0-a4d4-356779e762d7,My favorite app,5,2026-03-28,BOA Bank,POSITIVE,0.9983345866203308,Other
333,9cba03ec-5bab-4f70-b81e-c02e5fe2e97a,emails connect to pone numbers link all the city banks by location naw,5,2026-03-28,BOA Bank,NEGATIVE,-0.9878550171852112,Other
334,76a456ed-ff72-4dac-80f9-125290fbb623,When transaction done form BOA to Other Bank accounts the receipt does not include the name of receipant(the who receive the money),4,2026-03-29,BOA Bank,NEGATIVE,-0.9987573623657228,Transactions
335,72e8378d-4819-471d-bb57-4dc45eb91d0f,good,5,2026-03-29,BOA Bank,POSITIVE,0.999816119670868,Other
336,6996aec2-7415-4ff6-94f9-3fae7f269772,good,3,2026-03-29,BOA Bank,POSITIVE,0.999816119670868,Other
337,e8ee7b63-1c88-42d8-babd-9a0525ed51ce,Niyse,5,2026-03-29,BOA Bank,POSITIVE,0.7925686240196228,Other
338,d06616dd-798f-44c1-ba1f-348e1ff3e9bd,other bank is very slow,5,2026-03-30,BOA Bank,NEGATIVE,-0.9989757537841796,Stability
339,264d35fa-6853-41af-a197-092aea324674,lovely,2,2026-03-30,BOA Bank,POSITIVE,0.9998601675033568,Other
340,0d5ca57e-ebdb-45e8-a644-3c6a3cbbe08c,i loveit,5,2026-03-31,BOA Bank,POSITIVE,0.999810755252838,Other
341,a5b1aa5a-9e3e-4813-9c49-38294b57bb4f,stupid app! when i try to send money it says error occured,1,2026-03-31,BOA Bank,NEGATIVE,-0.9997918009757996,Stability
342,a5f24e46-f662-4b0c-bfd9-201a1ffae051,"Personal opinion: If Abyssinia Mobile Banking allows you to use data from the SIM card where banking is activated, for example, if the connection to the WiFi router stops, if it is possible to use the SIM card where it was activated, and if the password can finally be re-entered 🙏",5,2026-03-31,BOA Bank,NEGATIVE,-0.9979731440544128,Authentication
343,66f48a18-1570-4203-bbfb-ef7195886289,nice,5,2026-03-31,BOA Bank,POSITIVE,0.9998552799224854,Other
344,dda71594-6f09-44f4-8548-72582165fda5,Boa yleyal,5,2026-03-31,BOA Bank,POSITIVE,0.9783289432525636,Other
345,f37e6779-292b-44fb-8a42-0418f4fd0948,እረተውኝ,5,2026-04-01,BOA Bank,NEGATIVE,-0.6970561742782593,Other
346,8f956c91-f53f-468e-a435-037d14d2ce22,updte,3,2026-04-01,BOA Bank,POSITIVE,0.7714943289756775,Other
347,a0fcc135-8cce-41a8-ac35-f7ac32579551,its good,5,2026-04-01,BOA Bank,POSITIVE,0.9998385906219482,Other
348,7ae56192-8700-43f2-9fb2-49bbfa144bd7,good,1,2026-04-01,BOA Bank,POSITIVE,0.999816119670868,Other
349,31582f65-c3f8-484a-9722-7d05056f3b03,fast and reliable app,5,2026-04-02,BOA Bank,POSITIVE,0.9997852444648744,Performance
350,c8be0ce7-a13f-409f-b1b6-2e14ed2215f0,good,1,2026-04-02,BOA Bank,POSITIVE,0.999816119670868,Other
351,47add928-95f5-4571-837b-07ebc277cbac,good,5,2026-04-06,BOA Bank,POSITIVE,0.999816119670868,Other
352,038d7a37-ffff-414e-8541-1eb631e12831,it's not working always says error occured,1,2026-04-06,BOA Bank,NEGATIVE,-0.9997019171714784,Stability
353,407c37a2-de47-453b-8da7-841df078cb72,very nice service appreciated 👍,5,2026-04-07,BOA Bank,POSITIVE,0.9997658133506776,Customer Support
354,10230d63-8070-4eda-85aa-5782d88da114,Fast& Modern,5,2026-04-08,BOA Bank,POSITIVE,0.999768316745758,Performance
355,50d68ed5-19d2-40f1-a948-c1a072fb98f8,low networks,4,2026-04-08,BOA Bank,NEGATIVE,-0.9996498823165894,Other
356,8e9ddf9f-a6b7-4056-a345-b7c0489233c8,poor functional and also very interactive customer service at branch,1,2026-04-09,BOA Bank,NEGATIVE,-0.9996819496154784,Customer Support
357,105fd159-c2b7-42ff-b37a-c81a59af201c,"disappointing experience .couldn't even do transactions ,so slow .you should check and update it please",1,2026-04-09,BOA Bank,NEGATIVE,-0.9548875689506532,Stability
358,22851df9-cdae-4a17-b9d2-088a97c3a797,this app is not use my pbone android 16 and not fix boa nearest branch how to use this app,1,2026-04-11,BOA Bank,NEGATIVE,-0.9992895126342772,Other
359,14eb0357-cfd2-43d1-8944-abc17e05f6e3,ksanet hayle,5,2026-04-11,BOA Bank,POSITIVE,0.9805410504341124,Other
360,48f6529a-a377-44a5-ba41-98950aa02b4f,good 👍,5,2026-04-13,BOA Bank,POSITIVE,0.9998576641082764,Other
361,318cb64b-9d02-44c4-b2fd-5f41c7469bb1,like,5,2026-04-14,BOA Bank,POSITIVE,0.9910564422607422,Other
362,929c8fca-6fea-4fd9-ba70-bba627382de6,besst app,5,2026-04-14,BOA Bank,NEGATIVE,-0.9778177738189696,Other
363,01ba3c51-8d90-417b-8fb8-e64ac6756b45,best 👌 app in entire industry,5,2026-04-14,BOA Bank,POSITIVE,0.9995336532592772,Other
364,9f7cd635-f2b0-4f15-9b58-c6dd91c6941c,Why transfer to telebirr agent doesn't work?,3,2026-04-14,BOA Bank,NEGATIVE,-0.999589502811432,Transactions
365,6c83211d-9519-4ace-8f28-685d99495146,good,5,2026-04-15,BOA Bank,POSITIVE,0.999816119670868,Other
366,19a66c57-4319-47b3-9f2e-44ec05dfbf63,when i try to see my balance the app logs me out.i try to uninstall the app and install it when i try to login again it says login expired.the worest mobile banking in ethiopia. fix it,1,2026-04-15,BOA Bank,NEGATIVE,-0.9978908896446228,Authentication
367,22fe4ab6-af03-40b1-80ef-5b133704c61a,best i ethiopia,5,2026-04-16,BOA Bank,POSITIVE,0.9996500015258788,Other
368,3981e2e8-ac8c-44e6-8209-d1ec3c4ac776,very Good app,4,2026-04-16,BOA Bank,POSITIVE,0.9998675584793092,Other
369,dfc4cf71-ecc3-47c8-b74f-36394f2e65a5,it very slow to access the app when urgent,1,2026-04-17,BOA Bank,NEGATIVE,-0.9997734427452089,Stability
370,908ab990-5c9e-4e4b-911e-13926f92a28f,excellent service,5,2026-04-18,BOA Bank,POSITIVE,0.9998576641082764,Customer Support
371,94d4c6ee-67e6-454f-9744-a5c495d30d1f,"the app does not show my account balance correctly compared to what I get with the SMS notification. Again and again I am not able to make transfers because the app has issues. The app has over years now frequently problems, doesn't load, or is sometimes not working entirely and I can not open it. Even to the point that I question the rating of this app if it's true or distorted. I am not sure how it can be 4 stars something, when in real life the app just doesn't work a lot of the time.",1,2026-04-19,BOA Bank,NEGATIVE,-0.9996778964996338,Transactions
372,58f28177-e3a0-4406-9eb2-92ccc5bd05e6,good,5,2026-04-19,BOA Bank,POSITIVE,0.999816119670868,Other
373,6815e98d-fbc3-4f5c-9244-b704ad223cdf,everything new that other banks started abyssinia started it but this one year have been a disaster the mobile banking crashes everytime please do what you do best,1,2026-04-20,BOA Bank,NEGATIVE,-0.9982720613479614,Stability
374,d843f70e-e0c5-485c-8f0a-46eb550794e1,"the best applcation,, how can winning byd car 😭🤣🤣",5,2026-04-20,BOA Bank,POSITIVE,0.9992448091506958,Other
375,30e1113c-47d7-44e6-88d2-df6d225918b7,nice,5,2026-04-21,BOA Bank,POSITIVE,0.9998552799224854,Other
376,86598e4c-f5c5-455c-ba69-dcd6053ac182,Not working,4,2026-04-22,BOA Bank,NEGATIVE,-0.999777853488922,Other
377,4f8e5ae2-8fd3-4cd8-942b-19d69f860c7a,best,5,2026-04-22,BOA Bank,POSITIVE,0.9997941851615906,Other
378,3825faa7-4438-4a27-9ffa-6a5bbd013ec4,😁😁ል,4,2026-04-23,BOA Bank,NEGATIVE,-0.6970561742782593,Other
379,fb40de72-29d1-4b5c-adc1-5d44458d5134,abezash,5,2026-04-23,BOA Bank,POSITIVE,0.8301464319229126,Other
380,ce3d6043-773e-4267-9ac0-c2d997f4871c,what an amazing service,5,2026-04-23,BOA Bank,POSITIVE,0.9998257756233216,Customer Support
381,d5fa982d-64ab-4c66-92bc-ad5be1995e34,the worst app,1,2026-04-24,BOA Bank,NEGATIVE,-0.9997969269752502,Other
382,52b2fb80-53dc-4ad1-a877-8d353523d6b8,BoA always❤,5,2026-04-24,BOA Bank,NEGATIVE,-0.971900999546051,Other
383,8bdfd084-1a9e-4c88-a20d-4fba6d5f71cb,there's an error in app i don't ever know what's the case,1,2026-04-24,BOA Bank,NEGATIVE,-0.999702513217926,Stability
384,9ebe5ef9-6480-417b-a855-403db430d185,nice,5,2026-04-24,BOA Bank,POSITIVE,0.9998552799224854,Other
385,41b7680c-8f5a-4362-bc9f-36fcfa90d3bc,a wonderful Bank success app in Ethiopia 🇪🇹,5,2026-04-25,BOA Bank,POSITIVE,0.9998182654380798,Other
386,d9eecba3-7a1f-4067-8613-b07d678eaaa1,best,5,2026-04-27,BOA Bank,POSITIVE,0.9997941851615906,Other
387,cbf4c2e9-4dbf-4e46-adee-dde9833769e6,easy to understand,4,2026-04-28,BOA Bank,POSITIVE,0.9997355341911316,User Experience
388,5d3e596b-be66-413e-acbb-56b52ca2f131,nice app 👍👍👍,5,2026-04-29,BOA Bank,POSITIVE,0.9996724128723145,Other
389,63ebb0e3-90cf-4ac2-b914-226871e5f4eb,"I tried to oppen mobile app of BOA, but it can't work on my phone after activation. I can't login to it. the staffs tried their best and asked me the android version which is 16 and clear the catches, reinstall the app but the same restult × close the app. disappointing",1,2026-05-01,BOA Bank,NEGATIVE,-0.9992283582687378,Authentication
390,cbf55621-3ea4-4a60-9eef-2c76df81c961,Amazing app,5,2026-05-02,BOA Bank,POSITIVE,0.9998670816421508,Other
391,31476ccf-eccc-4f13-9576-286a3857232f,extremely slow app and unreliable for most payment i have stuggled to much with this,2,2026-05-03,BOA Bank,NEGATIVE,-0.9994875192642212,Stability
392,b074f56c-96d4-4b63-8a69-8ca2c51fd21e,good,5,2026-05-04,BOA Bank,POSITIVE,0.999816119670868,Other
393,59c55c58-88d5-4000-bdb3-fe95ece44a44,አስተማማኝና ዘመኑን የዋጀ,4,2026-05-05,BOA Bank,NEGATIVE,-0.8337249755859375,Other
394,41c64c67-b81a-4326-83c4-e95044aef7f6,bank of absiniya is best bank in ethiopian,5,2026-05-07,BOA Bank,POSITIVE,0.9997739195823668,Other
395,e77089b3-aecf-45e2-a64a-ce917fc4233a,boa the best,5,2026-05-08,BOA Bank,POSITIVE,0.9998425245285034,Other
396,4d6d2f22-5e71-47be-9cde-a1cf6c9fff93,good,5,2026-05-09,BOA Bank,POSITIVE,0.999816119670868,Other
397,400ce769-3726-43b2-ac4d-755b3a15f026,this app is good but the speed of app is very slow,2,2026-05-11,BOA Bank,NEGATIVE,-0.995230197906494,Stability
398,c3bb042c-844b-4580-98b9-df418622b2fb,it's very good app,5,2026-05-12,BOA Bank,POSITIVE,0.9998728036880492,Other
399,c5eb7589-59b7-4d72-8aa9-100a703ecaa3,good,5,2026-05-14,BOA Bank,POSITIVE,0.999816119670868,Other
0,c7f14167-31f9-4fec-bf3e-5997616a9dfe,it fast service,5,2025-09-29,Dashen Bank,POSITIVE,0.999433696269989,Performance
1,fea7ddf0-9823-4b17-8885-7694e0a1237a,ሙነጃት አብድላ ሸረፍ,2,2025-09-30,Dashen Bank,NEGATIVE,-0.8337249755859375,Other
2,e7f1ebae-d2de-4e91-a920-92d2b5df4c3d,nice app,5,2025-09-30,Dashen Bank,POSITIVE,0.9998061060905457,Other
3,fe52deb6-a04e-457e-a84a-4946e5c13f89,this app is outstanding,5,2025-10-01,Dashen Bank,POSITIVE,0.9998713731765748,Other
4,8fcb61bb-c476-4963-9ce7-8520c21fdb32,I really appreciate but we can't use it if don't have balance or data access,2,2025-10-01,Dashen Bank,NEGATIVE,-0.9886035919189452,Other
5,ca1bd0cc-d7e8-461f-89c9-f7493cb9c23d,totally bad,1,2025-10-01,Dashen Bank,NEGATIVE,-0.9997747540473938,Other
6,befc23dd-22be-4039-ab16-311ebf096360,It takes gazillion years to open 😶,3,2025-10-02,Dashen Bank,NEGATIVE,-0.9909953474998474,Other
7,29cefc71-17c5-4da9-b52d-14ea873c14fc,withdraw,1,2025-10-02,Dashen Bank,NEGATIVE,-0.99894779920578,Other
8,4405edcc-29c2-4606-9119-32fd60425503,App is passive when compare to Amole it takes 3-5 seconds to open and i cannot refresh transactions what i did.,1,2025-10-03,Dashen Bank,NEGATIVE,-0.9987977743148804,Transactions
9,98f164eb-f69b-4bd7-ad2d-defcfa2249a1,I can't open virtual account.I have been trying it for about 3 days still no resolve.,2,2025-10-04,Dashen Bank,NEGATIVE,-0.9991094470024108,Account Issues
10,57d4668e-fea7-4959-9bfa-94ef44056c71,tadesa melka tulluu,1,2025-10-04,Dashen Bank,NEGATIVE,-0.9457599520683287,Other
11,b8460ed9-6fc3-4641-8e95-169ed65ef8ee,wow,5,2025-10-04,Dashen Bank,POSITIVE,0.999592125415802,Other
12,8a4c8a02-5cf7-48f5-a9c6-b9dc12a9bd4f,for dashen bankk it is best app so why your bank onlyu one one app for mobile banking that means superr app,5,2025-10-05,Dashen Bank,NEGATIVE,-0.7281898856163025,Other
13,92c02ccf-dc16-4085-a570-ba0db7e1c8b2,good,5,2025-10-06,Dashen Bank,POSITIVE,0.999816119670868,Other
14,fded7d2d-d728-45d8-bbff-d921bb72b84c,"@Shewangizaw L. As a heavy user of the app , the issue you raised around resetting pass pin concerned me and gave it a try and found it to be safe. Basically the app will do two things: verifies one using an otp and then requires an in-person visit to bank's physical branch for final verification after resetting the password. Therefore, safe to use! I wish ""i""nformational tip was added around the reset button. Could not attach screenshot.",4,2025-10-06,Dashen Bank,NEGATIVE,-0.9973627924919128,Authentication
15,dc05323e-52e8-456d-b11d-723ad497bb76,perfect,5,2025-10-06,Dashen Bank,POSITIVE,0.9998517036437988,Other
16,1b877d16-56c5-4310-ab75-0f9e6491b679,👎👎👎👎👎👎👎👎 connection not fast,5,2025-10-07,Dashen Bank,NEGATIVE,-0.988503396511078,Performance
17,530dd237-64b5-4402-812f-39790e254ca7,hayelu Beranu Bashre,5,2025-10-07,Dashen Bank,POSITIVE,0.9403013586997986,Other
18,a4024312-1bfc-4942-bab2-89a8800248ff,Finish the app development fully before you give the final result. It's is very inconvenient and not that reliable at the moment.,1,2025-10-08,Dashen Bank,NEGATIVE,-0.9998096823692322,Other
19,7d17e2b7-b9f7-4020-896d-43519468918f,good,5,2025-10-10,Dashen Bank,POSITIVE,0.999816119670868,Other
20,71b44fde-a457-4a5d-bd21-cee994689ee2,nice and best,5,2025-10-10,Dashen Bank,POSITIVE,0.9998648166656494,Other
21,78a694a1-8f38-4796-a4fc-0310a8c0a031,it is the best,5,2025-10-11,Dashen Bank,POSITIVE,0.9998602867126464,Other
22,295d2079-821b-4b20-aaf4-736ba7cb2677,very good,1,2025-10-11,Dashen Bank,POSITIVE,0.9998520612716676,Other
23,e20159de-996c-4fc5-9474-e63518140932,meseret birara,5,2025-10-12,Dashen Bank,NEGATIVE,-0.7238982319831848,Other
24,86f17281-1a7a-4ae7-be9f-c2130ab31b88,it doesn't let me open my account,1,2025-10-12,Dashen Bank,NEGATIVE,-0.9643085598945618,Account Issues
25,ac57d562-3e2e-476a-a7fa-5433d1ed321e,lmo,5,2025-10-13,Dashen Bank,POSITIVE,0.9923747181892396,Other
26,7426cf04-4823-4217-9cb9-1ba06be0f137,easy,5,2025-10-14,Dashen Bank,POSITIVE,0.9972309470176696,User Experience
27,8921bc6d-74d6-4680-a63e-e57e70ea4b68,Best application,5,2025-10-14,Dashen Bank,POSITIVE,0.9998098015785216,Other
28,32334fdd-91e8-4308-a104-bd3291119b05,"Dashen SuperApp is the worst app for me because it consistently fails during transfers. When I try to send money, the transaction freezes for extended periods—sometimes a full day, and often two or three days or more. Crucially, the funds are neither delivered to the recipient nor immediately refunded to my account, which is incredibly frustrating and makes me feel like I've lost my money. The app urgently needs a technical update to ensure transactions process smoothly and reliably.",1,2025-10-14,Dashen Bank,NEGATIVE,-0.999805986881256,Stability
29,33904fae-7879-41ca-be3c-4404345cece6,abdrug bentahuuuu,3,2025-10-17,Dashen Bank,NEGATIVE,-0.756969690322876,Other
30,b5cdf35c-3557-4d24-b745-5fba84d615d9,I like it,5,2025-10-18,Dashen Bank,POSITIVE,0.99985933303833,Other
31,dd62498b-d256-495f-8251-683626113991,it is Excellent April jest continue more abeaten.....,4,2025-10-19,Dashen Bank,POSITIVE,0.9983513355255128,Other
32,e1d422df-940c-4d01-ad57-d42f3cd1a650,Good,4,2025-10-21,Dashen Bank,POSITIVE,0.999816119670868,Other
33,f7a77123-8426-440e-afa9-d3e7a0bcc8fd,convinent,5,2025-10-22,Dashen Bank,NEGATIVE,-0.9798853993415833,Other
34,5cf2f96d-65d1-4c59-bc53-9ba932c4c57b,"The UI is impressive, but adding an ATM withdrawal feature for cardless cash access would enhance functionality. This may require updates to the ATM system as well. Please consider this, dev team.",4,2025-10-22,Dashen Bank,POSITIVE,0.833138644695282,Other
35,74f35e55-6ee7-4d01-bc8a-e5b3c92a6b70,"Super Up is the ultimate digital banking app, living up to its name with speed, efficiency, and innovation. Designed for a seamless experience, it offers lightning-fast transactions, top-tier security, and effortless financial management. With Super Up, banking has never been this smooth, smart, and super!",5,2025-10-27,Dashen Bank,POSITIVE,0.9995073080062866,Transactions
36,c68cdc01-a66b-40fe-a6b7-cbb1487156f4,"The design is clean and modern, and everything works smoothly without bugs. I love how reliable the app is it makes banking so convenient.",5,2025-10-28,Dashen Bank,POSITIVE,0.9996851682662964,Stability
37,be6dc291-6fb0-427b-8553-d735553e3313,"A true banking super app! The Dashen Super App combines great design, security, and an impressive range of features. Highly recommended for anyone looking for a complete digital banking experience.",5,2025-10-28,Dashen Bank,POSITIVE,0.9998050332069396,Other
38,9f1611c8-4469-40f3-9b6e-2736c5c13f4e,"​I appreciate that this app allowed me to access multiple services in one centralized place. Thank you, Dashen Bank!",5,2025-10-28,Dashen Bank,POSITIVE,0.9994890689849854,Customer Support
39,db4710e2-0fb3-459c-a3a5-69445d4cb270,"This app makes my day-to-day payments so easy. Everything works perfectly, and it saves me a lot of time.",5,2025-10-28,Dashen Bank,POSITIVE,0.9997445940971376,Transactions
40,6cbe56f6-0aff-4ee7-a7fe-2c1ccf6244e4,It’s impressive how consistently the app is improving. I’ve been using it for months and they have improved a lot in terms of not only beauty but also performance wise.,5,2025-10-28,Dashen Bank,POSITIVE,0.9998210072517396,Other
41,211b2b4d-826d-4192-9fa8-25d7e38c7666,"Dashen superapp just keeps improving. The new theme options are beautiful, and the overall experience is faster and smoother than ever",5,2025-10-28,Dashen Bank,POSITIVE,0.9997761845588684,User Experience
42,1ee92e14-11e6-4db1-8a6c-a627e42c2089,"The app has evolved impressively over time. The latest release adds dark and light modes that enhance usability and design. It’s intuitive, modern, and clearly built with the user in mind — setting a new benchmark for digital banking.",5,2025-10-28,Dashen Bank,POSITIVE,0.9997574687004088,Other
43,593462a4-2b65-4980-a492-9eeef5f116ca,"Dashen Super App is a game-changer with its sleek, user-friendly interface. Lightning-fast responses and seamless navigation make every task a breeze. Love the organized layout and clear features that save time daily. Fantastic work—highly recommended for effortless banking!",5,2025-10-28,Dashen Bank,POSITIVE,0.9998281002044678,User Experience
44,3677b2d7-95ab-4c95-87af-ef1d3edb674e,I have been using this app for months and its easy to use and is user friendly thanks Dashen bank.,5,2025-10-28,Dashen Bank,POSITIVE,0.9983078241348268,User Experience
45,5b430dc9-06e5-4015-a4cb-7c671ff8ae9c,This app has replaced several others for me. It has everything I need in one place.,5,2025-10-28,Dashen Bank,POSITIVE,0.8051309585571289,Other
46,ddeb6fa8-f5c7-46d1-b75d-914ce9f0c460,"I’ve been using the the App, and it’s been working really well for my daily transactions. Good work 👌",5,2025-10-28,Dashen Bank,POSITIVE,0.9996919631958008,Transactions
47,99b53c3c-9074-448a-8dd4-4d0ecf85e835,stunning UI with reliable service!,5,2025-10-28,Dashen Bank,POSITIVE,0.9997430443763732,Customer Support
48,29976e59-78c6-40e6-bc2a-6ba6e9959a09,"I rarely leave reviews, but this app truly deserves one. It’s efficient, secure, and makes financial tasks effortless. Definitely a 5-star experience",5,2025-10-28,Dashen Bank,POSITIVE,0.9997450709342957,Other
49,9dd2a5b8-d258-4f07-b8ef-c95c4d1e3a23,Astonishing interface with ease of access and complete performance,5,2025-10-28,Dashen Bank,POSITIVE,0.9997556805610656,User Experience
50,3628b279-490b-4784-a3ce-d776a20e1bd5,The updated design looks amazing. I really appreciate being able to switch between dark and light mode it’s a small change that makes a big difference!,5,2025-10-28,Dashen Bank,POSITIVE,0.9998763799667358,Other
51,90d2468b-101a-4006-ae49-d07185b49594,"Finally, banking made simple! Everything I need is in one super app. A true game changer for managing my finances on the go.",5,2025-10-28,Dashen Bank,POSITIVE,0.998018741607666,User Experience
52,0d789c56-bdf8-489e-8f96-c6508734fade,This is one of the most user friendly and impressive apps I have encountered in the banking sector,5,2025-10-28,Dashen Bank,POSITIVE,0.9997900128364564,User Experience
53,9188bb05-84eb-4c73-a234-31c0b5d503b7,"This is amazing app, as it name ,truly supper.",5,2025-10-28,Dashen Bank,POSITIVE,0.9998388290405272,Other
54,8cd152ac-79ad-4248-8a85-574943011aa6,I love the new dark theme it gives the app modern feel n make it more comfortable to use,5,2025-10-28,Dashen Bank,POSITIVE,0.9994518160820008,Other
55,5c592442-a2c0-4290-95d8-93a1362b4f10,"I appreciate how secure this app feels. Every transaction comes with confirmation, and I always get alerts immediately.",5,2025-10-28,Dashen Bank,POSITIVE,0.9954239726066588,Transactions
56,86b26648-6711-4439-a44d-55e9aa090353,"Amazing UI and UX, the dark mode looks absolutely awesome!",5,2025-10-28,Dashen Bank,POSITIVE,0.9998499155044556,Other
57,1e3e6da6-3485-42a0-bad9-33ae040acb12,viry good,5,2025-10-29,Dashen Bank,POSITIVE,0.9997873902320862,Other
58,57912538-8398-4446-95f5-85a0c28e7a98,it is the worst app ever istg 🤮🤮🤮,1,2025-10-29,Dashen Bank,NEGATIVE,-0.9997962117195128,Other
59,163201b7-323d-4462-850b-c8453dfcb4cf,"Dashen Bank Super App is incredibly convenient! Easy to use, fast, and reliable – a great app to manage everything in one place.",5,2025-10-29,Dashen Bank,POSITIVE,0.9995148181915284,User Experience
60,e938df24-05ce-4d22-adcc-ae6d3a74d22a,Excellent promotion,5,2025-10-30,Dashen Bank,POSITIVE,0.9998637437820436,Other
61,99b90e10-84e8-4a3d-b564-b6b1fc10698e,what your emplyees tell as about the app when they came to our store and what actually the app is different,1,2025-10-30,Dashen Bank,POSITIVE,0.988602578639984,Other
62,3dff5082-039f-40a3-8d75-11dbf6ed6f44,very nise good,5,2025-10-30,Dashen Bank,POSITIVE,0.999859094619751,Other
63,a0165d49-aca9-41e3-929f-ef67fccf3f56,"it's seems to have some improvements, I don't know what's going on with this app sometimes get collapseed. This is not expected from Dashen bank, which is amongst from famous and greatest banks.",1,2025-10-30,Dashen Bank,NEGATIVE,-0.9892115592956544,Other
64,322b8846-bfa9-46cc-bd78-3764c23d0c37,good,5,2025-10-30,Dashen Bank,POSITIVE,0.999816119670868,Other
65,8e7a821b-fa3e-4d69-aaed-7ef7e4bc9019,very interesting,5,2025-10-30,Dashen Bank,POSITIVE,0.999863862991333,Other
66,a2b10118-101d-4ee3-ad6f-61980614aa3b,app is too slow not opening fast,1,2025-10-31,Dashen Bank,NEGATIVE,-0.999428689479828,Stability
67,59498129-d37f-4693-a7e7-834300661621,"I just updated my app to the latest version and I couldn't even see my balance, send money or do anything. It says service is unavailable and it will be fixed soon.",5,2025-11-01,Dashen Bank,NEGATIVE,-0.9997263550758362,Transactions
68,d099e425-3a97-47f7-b671-520b735f3b3d,Nice app,5,2025-11-01,Dashen Bank,POSITIVE,0.9998061060905457,Other
69,34e38910-0b27-4048-954e-82aa66d61c43,"This might be the worst banking app I've ever used I dont know why kind of bug it is but suddenly the apps stops working it says ""Temporarily unavailable"" for a simple feature like viewing account balance and in person visit was no help it took them longer than 2 hours to fix it and even after that 2 weeks later the same problem just because of this I'm going to stop using the bank altogether which is a shame because it's a decent bank",1,2025-11-01,Dashen Bank,NEGATIVE,-0.9994062185287476,Stability
70,9f025499-c17d-4452-bb71-3c2b7b1c4500,"Before the recent update, this app was great. Now, the home page is cluttered with promotions and banners, which really hurts the experience. I think the app stopped being banking app and started only to promote b/c 95% of the app is only ads, also full of bugs",1,2025-11-01,Dashen Bank,NEGATIVE,-0.99911230802536,Stability
71,2ccfdda8-3a7e-4c83-a336-837799716a01,it's too slow,1,2025-11-01,Dashen Bank,NEGATIVE,-0.999787986278534,Stability
72,0867ee2a-6b98-47c6-9331-8551a0d893c7,ብዙ ነጉር ይቀረዋል ወደ አፑ ስገባ በጣም ይዘገያል ባጭሩ ቀርፋፋ ነው,4,2025-11-02,Dashen Bank,NEGATIVE,-0.9445853233337402,Other
73,2abe9685-d09b-407a-9f01-1acdab932ded,Amazing,5,2025-11-03,Dashen Bank,POSITIVE,0.999875545501709,Other
74,b9c85a77-6315-4df3-844d-63d6e0fba45b,wow dashen bank,5,2025-11-03,Dashen Bank,POSITIVE,0.9995077848434448,Other
75,360a6c12-d948-4ce0-aea6-267b8eaaa743,it has improved very much lately its working more and getting better but yet it is not fully fixed some time at night it doesn't work..i think the problem is it was launched too early.,3,2025-11-04,Dashen Bank,NEGATIVE,-0.9994889497756958,Other
76,8ffcaec9-4351-4cc7-973c-1d86365894f0,"i rarely leave reviews, but this app truely deserves one.it's efficient ,secure , reliable and makes fanancial tasks effortless.definitely 5 stars for this exceptional app",5,2025-11-04,Dashen Bank,POSITIVE,0.9997314810752868,Other
77,ba74c62f-ad24-42ab-bbdf-b56a765ba124,Dashen Bank Super App is the latest version of online banking system that is the gift from Dashen bank for us Thanks to Dashen,5,2025-11-04,Dashen Bank,POSITIVE,0.9986799359321594,Other
78,8eb02f5b-df9f-420c-b3b8-834820e32c3c,it's so boring,1,2025-11-04,Dashen Bank,NEGATIVE,-0.9997939467430116,Other
79,e0bb7d0a-fe46-4423-b26d-c9ad4a40afc2,Good,5,2025-11-04,Dashen Bank,POSITIVE,0.999816119670868,Other
80,d4d30d69-4b0a-4ad0-8430-7aa85f6467e6,its supper,5,2025-11-04,Dashen Bank,POSITIVE,0.9683655500411988,Other
81,362b7c91-55d7-45f5-bcd5-7088f6b09e3a,"The Dashen Super App is very impressive. It is fast, easy to use, and provides smooth access to all essential banking services. Money transfer, bill payment, balance check, and other features work efficiently without issues. The design is clean and user-friendly. Great step forward in digital banking — keep up the good work, Dashen Bank!",5,2025-11-05,Dashen Bank,POSITIVE,0.9998143315315248,Transactions
82,6865f69e-cc69-42db-941a-85cc16ce6bf8,betam kerfafa naw,1,2025-11-05,Dashen Bank,NEGATIVE,-0.9936383366584778,Other
83,b91bcd0e-b1b1-42f1-acbb-9445f701adf3,exceptional,5,2025-11-05,Dashen Bank,POSITIVE,0.9998514652252196,Other
84,2e58305b-5b99-4fc5-b4f0-1be5623a0558,worst app ever,1,2025-11-05,Dashen Bank,NEGATIVE,-0.9997803568840028,Other
85,6bf6ad8e-bd05-454f-ac8f-fc11c1aeedb5,"Dashen, always two step ahead.",5,2025-11-05,Dashen Bank,POSITIVE,0.9996127486228944,Other
86,423d9266-c93e-436a-9a41-3a18a1f020ad,👍,5,2025-11-05,Dashen Bank,NEGATIVE,-0.6970561742782593,Other
87,703187ba-cd29-46c8-9bdf-bdfd54668e67,i am using,5,2025-11-05,Dashen Bank,POSITIVE,0.9937612414360046,Other
88,7bf9a8a8-2718-4a3b-85f0-3ac3b628ec84,It is a wonderful App developed by a local talent. It deserves an appreciation. It will continue to evolve with new exciting features.,5,2025-11-05,Dashen Bank,POSITIVE,0.9998525381088256,Other
89,e6ada560-df66-4170-b0cb-e04a65ead451,wonderful app,5,2025-11-05,Dashen Bank,POSITIVE,0.9998787641525269,Other
90,d18aa410-4dc1-4c26-8f7d-a866f5b498ba,"i love the app it features are perfect, but it asks to update too many times to activate your need to visit a nearest branch and that takes time. other than that the app is great I like it",5,2025-11-05,Dashen Bank,POSITIVE,0.9031403660774232,Other
91,b23ea516-d92d-4e3b-88d4-d0bc679d23cb,go ahead,5,2025-11-05,Dashen Bank,POSITIVE,0.999769389629364,Other
92,e2e4f955-c79a-4192-a71e-950a3fde3907,"Please try to fix the barrier between other banks specially with ""Commercial bank of Ethiopia""",3,2025-11-05,Dashen Bank,NEGATIVE,-0.986888349056244,Other
93,b47d9d1d-7a70-4074-833d-2c1056dda3a0,amzing,5,2025-11-06,Dashen Bank,NEGATIVE,-0.9989879727363586,Other
94,80a217d4-a389-40ab-bd17-b6c164c76aaa,"not attractive and friendly app. Check Awash, CBE apps",1,2025-11-06,Dashen Bank,NEGATIVE,-0.9997969269752502,User Experience
95,f5360419-4441-4084-a1c2-eb9b07206b36,"12yr more LC, UCP & ICC & loan",5,2025-11-06,Dashen Bank,NEGATIVE,-0.930407702922821,Other
96,215de933-fc3e-45ce-9bd9-b7d6d113c8c3,"easy to use, friendly",5,2025-11-06,Dashen Bank,POSITIVE,0.999752938747406,User Experience
97,84e34f1c-ea3e-439c-8076-f8804fa9b556,wooow,5,2025-11-07,Dashen Bank,NEGATIVE,-0.983917474746704,Other
98,34c15681-d4e1-4690-b330-13b138d9adf2,"Amazing app, 👏",5,2025-11-07,Dashen Bank,POSITIVE,0.9997995495796204,Other
99,25ea2324-c911-4710-b2f0-4f5115675cbe,Nice app,5,2025-11-07,Dashen Bank,POSITIVE,0.9998061060905457,Other
100,b1450711-16b6-4649-abcd-19bfc90d87d4,best,5,2025-11-07,Dashen Bank,POSITIVE,0.9997941851615906,Other
101,4cdd9b19-e553-4afb-93c9-270d15315c28,ok,5,2025-11-08,Dashen Bank,POSITIVE,0.9997851252555848,Other
102,1f2786d3-7b51-4467-95f2-fb7ef877469a,your service is too good,5,2025-11-09,Dashen Bank,POSITIVE,0.999098539352417,Customer Support
103,d5e77822-77c3-4c94-b062-4c36c8b6e210,it's good but is not fast,5,2025-11-09,Dashen Bank,POSITIVE,0.916056990623474,Performance
104,09607d06-8ab3-45a4-bc8e-c824930c888a,good experience,5,2025-11-09,Dashen Bank,POSITIVE,0.9998599290847778,Other
105,ef42c724-ee02-45e6-8c6f-f0f4a8ab7fc6,your financial system must improved,4,2025-11-09,Dashen Bank,POSITIVE,0.7152237892150879,Other
106,898109d7-385c-4fc9-b8a6-bd6e2a303a39,NASTY BANK . EVEN THE SUPPER APP IS NOT WORKING WELL. WHEN I AM CALLING THEM THEY ARE NOT RESPONSE . PLEASE DON'T USE THIS APP BECAUSE YOU WILL LOSS YOU TIME ;ENERGY AND EVERYTHING . HOPELESS Bank .,1,2025-11-10,Dashen Bank,NEGATIVE,-0.9997878670692444,Customer Support
107,0564e4c4-c11e-4d31-b2d8-bdc5725ebb2c,very nice app I have ever seen,5,2025-11-10,Dashen Bank,POSITIVE,0.9998395442962646,Other
108,fec786b2-90d3-454d-a63e-bf53bf71c2a6,"This so-called “Super App” is a complete disappointment. It’s confusing, slow, and full of glitches honestly, it feels like it was designed to test people’s patience, not to help them bank. Calling it “super” is a joke; it’s one of the most useless apps I’ve ever used.",1,2025-11-11,Dashen Bank,NEGATIVE,-0.9995548129081726,Stability
109,3a8163db-3a24-4d28-bba2-58bb438391aa,wow dashen bank super app,5,2025-11-12,Dashen Bank,POSITIVE,0.9992703795433044,Other
110,292edafd-2214-4c68-a18e-744b5a0f3db4,"excellent app. to use perfectlly to pay,transfer,tele airtime and so on.",5,2025-11-12,Dashen Bank,POSITIVE,0.9994845390319824,Transactions
111,a1d46fd6-d7a6-458a-b1a2-1b5679bd7c02,system failure transfer to others account,2,2025-11-13,Dashen Bank,NEGATIVE,-0.9988131523132324,Transactions
112,3ece3a7c-9557-45ae-8053-2bf5568f2861,"Only the UI/UX is good, but it doesn't function properly. It's a shame that a leading tech bank has such an app. Amole is far better.",1,2025-11-13,Dashen Bank,NEGATIVE,-0.9978633522987366,Other
113,53570f06-6252-49fc-9626-b9e88fe490a9,thank you,1,2025-11-13,Dashen Bank,POSITIVE,0.9998352527618408,Other
114,35ecd30c-9d1c-40c7-90c0-592d9ea5d0bd,"All in One Super App with smooth navigation, transaction and lifestyle services",5,2025-11-14,Dashen Bank,POSITIVE,0.9918859004974364,Transactions
115,b8b11ccd-acac-419e-8ffc-16c86972ffd9,I have had an amazing experience with this app;ot os convenient and easy to use,5,2025-11-14,Dashen Bank,POSITIVE,0.99716055393219,User Experience
116,02b493af-68e8-4109-95e9-38dfce50d742,smooth and easy!!!,5,2025-11-14,Dashen Bank,POSITIVE,0.9998213648796082,User Experience
117,dbd90565-cfa7-4a22-a297-b37face26e17,Very nice App.,5,2025-11-14,Dashen Bank,POSITIVE,0.9998617172241212,Other
118,ecafe965-6f57-4ef5-88ee-9ef8adca142d,clear and presize,5,2025-11-15,Dashen Bank,POSITIVE,0.9996238946914672,Other
119,8babe417-ec30-4ba1-a860-03150c5daf7c,eyita tips,1,2025-11-15,Dashen Bank,POSITIVE,0.900754690170288,Other
120,27acef09-1136-4d2f-9f5d-82c4a30abd2d,nice,5,2025-11-16,Dashen Bank,POSITIVE,0.9998552799224854,Other
121,15bd455e-6fb5-4dc8-8068-cc051fcd5d79,"it say's disable developer option, i disabled it but its not working still",1,2025-11-17,Dashen Bank,NEGATIVE,-0.999519944190979,Other
122,b2fb954d-1f3b-4b0b-9ab2-7a6da576cf26,with the super app evry thing i need is just a tap away,5,2025-11-17,Dashen Bank,NEGATIVE,-0.9930068254470824,Other
123,bfff7fbc-253a-4538-9483-345a271fc2eb,በጣም ፈጣን ሥቹ አስተማማኝ ወድጃዋለው,5,2025-11-18,Dashen Bank,NEGATIVE,-0.8832126259803772,Other
124,dabda953-ac0a-476a-8791-c6a66deebc20,"it's a really slow app, I'm not sure what the issue is. Even other bank transfers are not working",2,2025-11-18,Dashen Bank,NEGATIVE,-0.9997981190681458,Stability
125,eeb816b9-14d4-4d91-a3b5-90b391850faa,"The Dashen Super App is very impressive. It is fast, easy to use, and provides smooth access to all essential banking services. Money transfer, bill payment, balance check, and other features work efficiently without issues. The design is clean and user-friendly. Great step forward in digital banking — keep up the good work, Dashen Bank!..",5,2025-11-19,Dashen Bank,POSITIVE,0.9998127818107604,Transactions
126,9b84c588-bde5-46b7-930c-c638ca26212d,Exceptional Product.,5,2025-11-23,Dashen Bank,POSITIVE,0.9998724460601808,Other
127,3d668840-c868-4164-8efe-9295ef537613,very easy app,3,2025-11-23,Dashen Bank,POSITIVE,0.9955209493637084,User Experience
128,d29af33e-3f63-4b7e-9312-b63f7d2c6724,What do you care about my phone's settings? Who are you to tell me what to turn off and on? It is my phone after all. This *develoler option* thing will cost you a lot of users who are willing to leave the bank once and for all. Turn this thing off. 6 you fear this is a security issue fix your side not mine.,1,2025-11-25,Dashen Bank,NEGATIVE,-0.9985862970352172,Other
129,9504f5cc-7f16-4fe0-8ba5-f76eef162f8b,"its fast and easy to communicate to the app and its available all area keep it up.i will make Happy for this application thank you dashen bank for your effort,commitment and dedication. i appricated your work.",5,2025-11-26,Dashen Bank,POSITIVE,0.999860405921936,User Experience
130,157e868c-386f-4837-bb1f-1301dd194075,It Is An Amazing app,4,2025-11-28,Dashen Bank,POSITIVE,0.9998793601989746,Other
131,3ea761da-10b0-472e-9c3f-89a9f23e4c88,good,5,2025-11-29,Dashen Bank,POSITIVE,0.999816119670868,Other
132,39f85efe-9d6d-4974-910c-4f7174f6a8e0,Very exemplery App to other Bank Aps !,5,2025-11-29,Dashen Bank,NEGATIVE,-0.9862420558929444,Other
133,5860d6f3-15d5-456b-aabe-bf92bd885546,very smart App easy to use and friendly,5,2025-11-29,Dashen Bank,POSITIVE,0.9998064637184144,User Experience
134,8a0203ea-da03-42dd-bde0-80e4188ee4d7,"this app is not good it's, access are limited and u guys are working only on it's graphics we need it for banking activities not for game. make it more active and better its dormant. i don't like it cbe is better than.",1,2025-11-30,Dashen Bank,NEGATIVE,-0.9994112253189088,Other
135,3827cdde-0a32-46f1-b4d2-996d80947e26,good app,5,2025-11-30,Dashen Bank,POSITIVE,0.9998493194580078,Other
136,944aa261-9166-4efd-bf85-a65f109da117,great app,5,2025-11-30,Dashen Bank,POSITIVE,0.999821126461029,Other
137,b797bfb7-bbba-4d0f-8e6d-9ab90528b136,its use friendly,4,2025-12-01,Dashen Bank,POSITIVE,0.9990565180778505,User Experience
138,b3fdcfa0-0b98-438d-af7a-e04ee2d4c009,primary choice,5,2025-12-01,Dashen Bank,POSITIVE,0.9975801706314088,Other
139,138d9273-481a-4d51-b347-7a7bb6b491ee,when u release update its always a problem,5,2025-12-01,Dashen Bank,NEGATIVE,-0.9981871247291564,Other
140,7b09812d-c331-4668-ac63-9405b46fb9f8,Great,5,2025-12-01,Dashen Bank,POSITIVE,0.9998630285263062,Other
141,b2fd3b79-249f-488a-9435-4d4bddda5cbd,best app,4,2025-12-01,Dashen Bank,POSITIVE,0.999686598777771,Other
142,c6405e6e-388a-439f-bcc6-222688006e5a,easy to use and comfortable.,5,2025-12-01,Dashen Bank,POSITIVE,0.999824583530426,User Experience
143,9982fb54-d701-4166-9d5d-902325f6977b,"its Good App when we compare to others but when we enter our code,it takes too long to open the apps fix it please",4,2025-12-01,Dashen Bank,NEGATIVE,-0.997525990009308,Other
144,853d49b8-e54a-459e-8011-6ad199abb578,"The apk need time to open the passward page immediately , and lagging.",1,2025-12-01,Dashen Bank,NEGATIVE,-0.999772012233734,Other
145,2fa9e59f-6910-4a49-a3f8-eb602e6f3f32,exelent,5,2025-12-02,Dashen Bank,POSITIVE,0.9989122152328492,Other
146,8975b829-d73a-4d47-891f-c3e36579db8e,ፍፁምውርቁያደቴ,5,2025-12-02,Dashen Bank,NEGATIVE,-0.6970561742782593,Other
147,0febecc8-6410-4b4b-9153-de60dff9cf81,ይህ መተግበሪያ በውስጡ የያዘው አገልግሎት ብጣም ጥሩ ነው ነገር ግን በሁሉም የሞባይል device ላይ ሲጫን እና transaction ስንሰራ በጣም ቀርፍፍ እና እዝጋሚ ነው በትንሽ Network መስራት እንዲችል አድርጋቹህ አበልፅጉት አስተካክሉት (customer),3,2025-12-02,Dashen Bank,NEGATIVE,-0.944829285144806,Transactions
148,9a568e36-0078-4640-bc87-603d0a6cc2b1,Nice,5,2025-12-02,Dashen Bank,POSITIVE,0.9998552799224854,Other
149,2625526e-3c5c-4d3c-9f95-eb78d0817677,BeREkT,1,2025-12-02,Dashen Bank,POSITIVE,0.9220858812332152,Other
150,fc1b36da-fbe5-4954-8ac3-7798a232f85b,Dashen bank is my first choice it's best bank for me and super app is easy to use anything and it's bery fast.,5,2025-12-02,Dashen Bank,POSITIVE,0.9956258535385132,User Experience
151,11b82645-e9ac-45ee-a128-dd847534753d,nice,1,2025-12-02,Dashen Bank,POSITIVE,0.9998552799224854,Other
152,3f379ea5-ae96-44d1-8d16-60e350863f79,good,5,2025-12-02,Dashen Bank,POSITIVE,0.999816119670868,Other
153,67e589b7-0c9b-428f-b44d-8c514ac0a774,"the is always under mentenance, or temporarily unavailable and they're adding features no one is looking for at the cost of not being able to use the app in the first place.",1,2025-12-02,Dashen Bank,NEGATIVE,-0.9994764924049376,Other
154,a6a87b89-636e-4e2b-be00-14998293fe16,I always receive excellent service & follow up. they strive to complete customer needs. they always available. I am totally happy with Dashen services given. Thanks. Blessings.,5,2025-12-03,Dashen Bank,POSITIVE,0.9998557567596436,Transactions
155,42197eb8-5836-4cc9-8238-1f9fc3f42a75,good jop,5,2025-12-03,Dashen Bank,POSITIVE,0.9998409748077391,Other
156,b0f96f34-f3e2-44d8-a78f-5524ff9bcbef,it takes time to login. but after login its good but sometimes unexpected termination occur in which rises untrust to use usually the app. Because of this am forcely using other bank applications.,3,2025-12-03,Dashen Bank,NEGATIVE,-0.9978929162025452,Authentication
157,6a6357ea-0567-4ec6-a74c-5778955add80,Interesting App.,5,2025-12-03,Dashen Bank,POSITIVE,0.9997788071632384,Other
158,7f17324e-a225-4967-8b80-5da33a7be0e1,than u,5,2025-12-03,Dashen Bank,POSITIVE,0.9647226929664612,Other
159,67584a76-8540-4894-ad46-c6d4d9f39737,why you always say update.,5,2025-12-04,Dashen Bank,NEGATIVE,-0.7274118661880493,Other
160,ac29588e-8cce-4cd6-805a-c6f9ebc7e852,it's very expressive and fast and easy to Use.,5,2025-12-04,Dashen Bank,POSITIVE,0.9998639822006226,User Experience
161,b5380caf-4aa9-4671-995f-0991e5e56810,very good,5,2025-12-04,Dashen Bank,POSITIVE,0.9998520612716676,Other
162,a1b67a6c-5928-48ba-9e02-80d1a6ca01f0,this bank is very nice to me,5,2025-12-04,Dashen Bank,POSITIVE,0.9997791647911072,Other
163,ae2839fd-f7fc-4e4a-be3f-433714062b15,it's the best mobile banking app I ever seen,5,2025-12-04,Dashen Bank,POSITIVE,0.9997475743293762,Other
164,08c61e2e-e834-46f2-9483-d6a72ed7bb00,ምቹ እና ቀላል ምርጥ መተግበሪያ ነው ወድጄዋለሁ ።,5,2025-12-04,Dashen Bank,NEGATIVE,-0.9239574670791626,Other
165,eba970c5-75ca-48dc-8426-df4766186cd2,Dashn Bank is fast and easy,5,2025-12-04,Dashen Bank,POSITIVE,0.9990606904029846,User Experience
166,64234c7c-a869-4bef-bf36-9f233e6b6e78,Not good,1,2025-12-05,Dashen Bank,NEGATIVE,-0.9997889399528505,Other
167,3f2c5f53-6c9f-463a-9625-a4542ad726fb,Dashen Bank always one step a head,5,2025-12-05,Dashen Bank,POSITIVE,0.9916804432868958,Other
168,bf78e7bf-4074-45ee-9e72-200eb99eb496,dashen super app easy to use,5,2025-12-05,Dashen Bank,POSITIVE,0.9918070435523988,User Experience
169,c3fb05ea-2671-4429-9022-0a554acd6a28,nice app,5,2025-12-05,Dashen Bank,POSITIVE,0.9998061060905457,Other
170,1b43591f-0fd3-4ee5-b19d-8adba0b8fdc6,it was perfect but sending money to telebirr isn't available,2,2025-12-06,Dashen Bank,NEGATIVE,-0.9987648725509644,Transactions
171,f8c96323-d95d-41d8-b847-44c554559969,ilike this app,5,2025-12-07,Dashen Bank,POSITIVE,0.9907252192497252,Other
172,d7dae1d0-5aef-4562-95aa-948b63d3dfe7,አፑ ቆንጆ ነው ለምንጅነው አሞሌ ላይ ያሉ እሱ ላይ የሌሉት?,3,2025-12-07,Dashen Bank,NEGATIVE,-0.972648859024048,Other
173,350f98ef-1401-4839-82d2-2f0c62ba3baf,good,5,2025-12-08,Dashen Bank,POSITIVE,0.999816119670868,Other
174,43630291-4571-4e34-96d8-1d7ba7d174a9,it is so fantastic and user friendly app. Bravo Dashen bank thanks.,5,2025-12-09,Dashen Bank,POSITIVE,0.9998421669006348,User Experience
175,f00ada07-14ac-4375-abcf-6db9a6891e11,well,5,2025-12-10,Dashen Bank,POSITIVE,0.9995703101158142,Other
176,55918801-c4af-4e9d-bcda-9091d87475fa,best,5,2025-12-10,Dashen Bank,POSITIVE,0.9997941851615906,Other
177,e05a6c19-66ba-480e-a3a2-a0fe0a7862bc,"The UI/UX appears well-designed, but it has some critical issues that need attention, such as the inability to display full transaction histories and the presence of numerous mini-apps within a single card view, making it difficult to locate individual mini-apps easily.",4,2025-12-11,Dashen Bank,NEGATIVE,-0.9990745782852172,Transactions
178,dd12f72f-be4d-4310-9e23-843252b26bfd,its good app,5,2025-12-12,Dashen Bank,POSITIVE,0.9998613595962524,Other
179,dd71b690-676a-4a15-b43f-2e8dcb659273,good,5,2025-12-12,Dashen Bank,POSITIVE,0.999816119670868,Other
180,29c95ab4-d56c-42a8-8359-0f3bed745374,"great app,thanks dashen",5,2025-12-12,Dashen Bank,POSITIVE,0.9998488426208496,Other
181,42f577e5-fac3-4266-8c9d-9f5cbfb98db5,Good,5,2025-12-12,Dashen Bank,POSITIVE,0.999816119670868,Other
182,9e3b066a-1e70-49d1-ae15-c47970f9e492,"Simple, updated and all enclosive so I prefer it🙏",5,2025-12-12,Dashen Bank,POSITIVE,0.9992971420288086,User Experience
183,21edf810-a3cd-4765-9a2e-694305cdb38d,great app,5,2025-12-13,Dashen Bank,POSITIVE,0.999821126461029,Other
184,eea73a58-a487-4afa-b566-f56b62f3067f,Great app! Why doesn’t it include digital loan features? Adding this option would be very helpful for customers.,2,2025-12-14,Dashen Bank,POSITIVE,0.9777823686599731,Customer Support
185,dc710bbc-0644-4a53-a391-79777e9d1d38,very good,5,2025-12-14,Dashen Bank,POSITIVE,0.9998520612716676,Other
186,3093f5ed-1e41-42d2-9bd9-df76acfec838,This app is vey impressive,5,2025-12-15,Dashen Bank,POSITIVE,0.9997432827949524,Other
187,c4f43673-5543-4989-ba06-b650de3d3200,nice,5,2025-12-16,Dashen Bank,POSITIVE,0.9998552799224854,Other
188,718ea253-0049-49b5-a398-b53e99ef4b2c,dashing bank,5,2025-12-16,Dashen Bank,POSITIVE,0.9983722567558287,Other
189,d0dd89b7-2531-4e28-91a4-5eb78e4f2f24,it is amazing app and also secure,5,2025-12-16,Dashen Bank,POSITIVE,0.9998712539672852,Other
190,095e2f32-24e6-4d01-b753-12a73de7981e,Nice app.,5,2025-12-17,Dashen Bank,POSITIVE,0.9998321533203124,Other
191,f19e3617-5c49-45b2-a2ea-a88672d4663b,goood app,4,2025-12-17,Dashen Bank,NEGATIVE,-0.9925320744514464,Other
192,db8d2017-6ba7-4767-8e3e-89629fc9b589,perfect,5,2025-12-18,Dashen Bank,POSITIVE,0.9998517036437988,Other
193,ae9a567b-002a-41a7-b6ad-87dcb3481ce6,i love dashe supper up. keep up my bank,5,2025-12-19,Dashen Bank,POSITIVE,0.9996458292007446,Other
194,87352cc1-007d-49b1-946c-12bc7d2accfd,"An interesting app; that is convenient, user friendly, fast & so on... w/c leads the banking services to be digitalized locally and be competitive globally at large. We'r proud of DB!!",5,2025-12-20,Dashen Bank,POSITIVE,0.9996577501296996,User Experience
195,6d9bdffe-6449-4d65-9346-164af7ad768e,it's good app I liked,5,2025-12-21,Dashen Bank,POSITIVE,0.9998655319213868,Other
196,bed5c252-ccb4-46de-8af4-f8f538b79138,"the most experienced app, so nice job dashen bank s.c .",5,2025-12-21,Dashen Bank,POSITIVE,0.998684585094452,Other
197,c4af68f9-f9a7-4acd-8eb5-436d170143a2,Very good,5,2025-12-22,Dashen Bank,POSITIVE,0.9998520612716676,Other
198,b356a780-bc21-4579-8b84-d7d5bbf1bf06,good,5,2025-12-22,Dashen Bank,POSITIVE,0.999816119670868,Other
199,df07031c-fccb-4cd6-9c1c-fdae81b83186,telebirr suparapp,5,2025-12-22,Dashen Bank,NEGATIVE,-0.9917308688163756,Other
200,6ada461d-3b5b-481d-997e-adb30e29f4a7,it is a pity that this apk is loosing it purpose and focus diverted. this days it is trash. amole is by far better in serving its purpose,1,2025-12-23,Dashen Bank,NEGATIVE,-0.9994869232177734,Other
201,bb7256a2-7d9d-49f9-9345-2f233d04d50f,Waw dashen bank my frist choice 👍👍,5,2025-12-26,Dashen Bank,NEGATIVE,-0.9890228509902954,Other
202,ff51e310-74e6-47a3-8c95-6b21501189ff,Am satisfied more enough....with Dashen Bank,5,2025-12-26,Dashen Bank,POSITIVE,0.998382806777954,Other
203,1c48aed0-1313-4208-8b62-134df128d7bc,true app,5,2025-12-27,Dashen Bank,POSITIVE,0.9997144341468812,Other
204,d7a63f61-e25b-4298-ad7a-90749c0f4810,"I have been trying repeatedly to send money to my Telebirr wallet and to another account, but your platform completely fails to process the transactions. This has been nothing but a waste of my time and patience. Your system is unreliable and clearly not working as it should. I also contacted your customer service, hoping for support, but they were useless and unprofessional. They showed zero interest in actually solving the problem and offered no meaningful help at all.👎👎👎",1,2025-12-28,Dashen Bank,NEGATIVE,-0.9998164772987366,Transactions
205,077e3d43-2ff3-4133-9407-5f6613ac6bad,best 👌 app,5,2025-12-30,Dashen Bank,POSITIVE,0.999219298362732,Other
206,25c3821a-de6f-4a94-a0b0-74a263e764a5,"Very disappointing app. Other bank transfers don’t work at all I keep getting errors. It’s slow, unreliable, and frustrating Please fix this issue until then, I don’t recommend it",1,2025-12-31,Dashen Bank,NEGATIVE,-0.9996421337127686,Stability
207,c1bc85ce-b70c-420a-b6b9-d2a33feeee38,Very bad app I ever saw,1,2026-01-02,Dashen Bank,NEGATIVE,-0.9997703433036804,Other
208,0e571046-2c0d-4737-80da-47b0eff9e267,satisfied,4,2026-01-03,Dashen Bank,POSITIVE,0.9997212290763856,Other
209,1b7ef7c1-d163-4961-a363-8fedd747295f,best,5,2026-01-05,Dashen Bank,POSITIVE,0.9997941851615906,Other
210,60ca46f9-961d-4c92-8907-31b180aee2c0,nice app,5,2026-01-07,Dashen Bank,POSITIVE,0.9998061060905457,Other
211,54ec2a20-6d4c-4934-8f43-95bcbfc419ae,THE WORST BANK. THE WORST APP.,1,2026-01-08,Dashen Bank,NEGATIVE,-0.9997962117195128,Other
212,77a7a958-e981-4656-aa44-545f89fb35d6,The old version was much better than the Super App. The Super App has many issues. You should consider rewarding users who report problems to help improve it and truly make it Super,3,2026-01-08,Dashen Bank,POSITIVE,0.9039801955223083,Customer Support
213,8f13d4ef-f0a4-4029-9b2c-8a4c790547f7,this app good,5,2026-01-09,Dashen Bank,POSITIVE,0.9998284578323364,Other
214,6e114d46-b6cd-4ac4-9b39-611be7092468,"Dashen supper app is fast ,secure, user-friendly and reliable app that makes managing my daily transaction .This app gives me total control over my accounts with peace of mind.",5,2026-01-09,Dashen Bank,POSITIVE,0.9996827840805054,Transactions
215,174d3fae-3d4c-469d-90b2-114bf6c23146,ባንችአታላይ ቤዛዊ ትሸዊት ዳሽንባንክ,1,2026-01-10,Dashen Bank,NEGATIVE,-0.8616322875022888,Other
216,2abf1efe-1cec-4338-8634-09021baea912,good,5,2026-01-12,Dashen Bank,POSITIVE,0.999816119670868,Other
217,518ef9b0-d10b-4050-bded-274264c3207c,please adjust to send to other telebirr wallet,4,2026-01-14,Dashen Bank,NEGATIVE,-0.9967190623283386,Transactions
218,a1391c2b-d752-4958-9736-97d42109189c,ok,4,2026-01-16,Dashen Bank,POSITIVE,0.9997851252555848,Other
219,1b460630-9e14-45cb-88d5-7055125b6bb4,Important App,4,2026-01-16,Dashen Bank,POSITIVE,0.9980806112289428,Other
220,a6373139-bc8f-4ebb-a4a6-3cb7dca672dc,verynice app great,5,2026-01-16,Dashen Bank,NEGATIVE,-0.9309759140014648,Other
221,43cc1f17-022c-40bf-bf9f-ceffbb3c9a6e,higher like the mountain,5,2026-01-16,Dashen Bank,POSITIVE,0.9990087747573853,Other
222,1d6b4cd8-20e9-45f2-9d7f-d6e19e80aae8,good app,5,2026-01-17,Dashen Bank,POSITIVE,0.9998493194580078,Other
223,8e1548b0-efcb-403e-8d0f-b1ea3607ef18,dashen: always one stepbahead!,5,2026-01-17,Dashen Bank,POSITIVE,0.9981977343559264,Other
224,cfde3219-e21a-4a2c-a7f5-e90ff6c1cf9d,worst bank ever ...,1,2026-01-19,Dashen Bank,NEGATIVE,-0.9997735619544984,Other
225,bb86028d-9add-4e4d-8b33-98ee41d5a6f7,Masha Allah this application platform very active and fast so thank you so much future greater than above transaction other customers uster satisfaction regarding to digitalization of Ethiopia 2030 and world 🌎,5,2026-01-19,Dashen Bank,POSITIVE,0.9991249442100524,Transactions
226,7652d004-5aa3-462e-b67f-de4070e6d297,it's fast and easy,4,2026-01-20,Dashen Bank,POSITIVE,0.9996040463447572,User Experience
227,7d6a5851-25be-4c3a-b5c3-4382371acfe5,best in class bank,5,2026-01-20,Dashen Bank,POSITIVE,0.9998028874397278,Other
228,a955d6cb-b438-4738-b92c-f83cfd104a8d,it's good,5,2026-01-20,Dashen Bank,POSITIVE,0.9998360872268676,Other
229,cc45bd4c-7a94-4b35-a263-91d78315bb89,the best design speed attractive 😍 i love this app,5,2026-01-21,Dashen Bank,POSITIVE,0.9998194575309752,Other
230,c430b46e-114e-45d3-856b-cbf57dc6c90d,"The user interface and functions are impressive. However, it lags when performing several transactions. It needs attention.",3,2026-01-21,Dashen Bank,NEGATIVE,-0.9977496266365052,Transactions
231,e400120b-468d-4459-8f55-df9eba7abae1,Good 👍,5,2026-01-21,Dashen Bank,POSITIVE,0.9998576641082764,Other
232,2342cc8c-e076-49d6-9dc7-732f605a245d,best,5,2026-01-23,Dashen Bank,POSITIVE,0.9997941851615906,Other
233,4608547c-739b-4ac7-b46d-e27c93454e30,very nice,5,2026-01-23,Dashen Bank,POSITIVE,0.9998563528060912,Other
234,2909bc94-fdc0-4c24-9d9a-152e5ce72d7f,the new update asks for a pin again & again its annoying fix it,1,2026-01-24,Dashen Bank,NEGATIVE,-0.9992642998695374,Other
235,7e6b0461-96d9-4ac7-964b-6a814d73b738,my dashen is really proud,5,2026-01-24,Dashen Bank,POSITIVE,0.999880075454712,Other
236,ef0c2fb8-d3f8-4950-beed-9651046dff7d,best,5,2026-01-26,Dashen Bank,POSITIVE,0.9997941851615906,Other
237,a6634d13-a99f-4055-b88c-6b798db4ef95,good,5,2026-01-27,Dashen Bank,POSITIVE,0.999816119670868,Other
238,e6882f24-3a49-48de-9396-b640949b2ff4,yes it's the best app,5,2026-01-29,Dashen Bank,POSITIVE,0.9998488426208496,Other
239,17917129-79c7-42c0-afff-665f70c648af,please improve the app function on its not working properly,3,2026-01-29,Dashen Bank,NEGATIVE,-0.9993743300437928,Other
240,1c7cd9b2-b724-4f09-aa90-64995a08c5c4,"This app is so laggy and unreliable, can't even make transaction to wallet or other bank. I tried to reinstall the app now i can't even login to the app",1,2026-01-30,Dashen Bank,NEGATIVE,-0.9997138381004332,Authentication
241,79bc1baa-fe7d-4279-a2af-fde366ef6a71,"It is the slowest and most problematic app I have used. The app is often busy and does not open properly. Even when it opens, it fails to display my deposit account balance. I have already updated the app, but the issue is still the same. Dashen, please wake up and fix this.",1,2026-01-30,Dashen Bank,NEGATIVE,-0.999612033367157,Stability
242,ac480727-3d8b-401c-b63e-ca22696cd93c,It is so boring.....,1,2026-01-30,Dashen Bank,NEGATIVE,-0.9998205304145812,Other
243,505bfe32-be00-483f-8d32-cecfd517eef5,other bank and telebirr didn't work. Niged Bank is much better,1,2026-01-30,Dashen Bank,NEGATIVE,-0.995411217212677,Other
244,be72b26a-63e4-439e-a28b-04a8ab07058f,please the app is not working properly. fix this problem soon. it's not loading my balance and not able to transfer fund .,3,2026-01-30,Dashen Bank,NEGATIVE,-0.99979430437088,Transactions
245,a51fecd7-ae4d-417b-9b16-714fa1ae9234,stops working when you need it most.... and its on multiple occasions. and they won't even fix it right away.,1,2026-01-30,Dashen Bank,NEGATIVE,-0.9997921586036682,Other
246,f0834baf-814d-44c3-a31d-a00e5f02aef7,"The app is great but please, please do something with the mini statement and the transactions to CBE 🙏🙏🙏",2,2026-01-31,Dashen Bank,POSITIVE,0.9792090654373168,Transactions
247,0923f1c6-533a-48a1-b0a1-f788652fe1bd,መልክ ብቻ,1,2026-01-31,Dashen Bank,NEGATIVE,-0.7850580811500549,Other
248,56c64a23-2cfa-472f-a57a-5bc56cfc0c23,"Disgusting! You can't Buy any goods thinking you will transfer from this app. it is so inconsistent, it is not reliable. The so Called Super app is Super slow. Such a shame! 2/10.",1,2026-01-31,Dashen Bank,NEGATIVE,-0.9998164772987366,Stability
249,c6aa427e-22fe-4fba-9d6f-4a1cf4e8fa89,"the amount of times I have gone to the bank to get this thing working is a lot. on top of that, it stops working on a random day which means another bank visit. found it to be unreliable",1,2026-01-31,Dashen Bank,NEGATIVE,-0.9995673298835754,Other
250,4275d07a-f0f3-4034-8ee6-83e600707a37,"The most unreliable, frustrating and worst app I have ever used! imagine being in a restaurant and trying paying bills, but not processing! It is the time you will deeply understand what reliability means.",1,2026-02-01,Dashen Bank,NEGATIVE,-0.9916136264801024,Other
251,c30dbd2e-2b50-4802-937a-f3d5ce66c22e,It's very interesting,5,2026-02-02,Dashen Bank,POSITIVE,0.9998812675476074,Other
252,db51bf02-730a-4a18-a0fe-f4523a5b7d59,The most realistic and modernized financial service in ethiopia i recommend every individual to use this application probably. Always one step ahed 💯,5,2026-02-03,Dashen Bank,POSITIVE,0.9914542436599731,Customer Support
253,e707f587-634d-49e5-a00e-d4687a003916,This is the worst mobile banking app I've ever used 😡 please improve it.,1,2026-02-07,Dashen Bank,NEGATIVE,-0.9997852444648744,Other
254,c0783bf0-e317-45e9-9c89-98c8d7da3b7b,Problem Everyday! Not even close to other banking apps. Crashing every time and failed to load most of the time!,1,2026-02-09,Dashen Bank,NEGATIVE,-0.9997307658195496,Stability
255,66fff829-d44c-41f9-a015-ae4756e3513f,please fix the glitch it has bug,3,2026-02-09,Dashen Bank,NEGATIVE,-0.9988073110580444,Stability
256,cd1fb73e-591a-41b6-b763-4a45eaec28d1,The app is good but sometimes it is lagging,4,2026-02-09,Dashen Bank,NEGATIVE,-0.9966869950294496,Other
257,12090924-fdd9-4662-88a4-b085eac604eb,"the app used to work fine, but the last update ruined something even RTGS transfer isn't working",2,2026-02-10,Dashen Bank,NEGATIVE,-0.9997294545173644,Transactions
258,873ed535-2191-412a-aa42-04c8770be006,Nice,5,2026-02-10,Dashen Bank,POSITIVE,0.9998552799224854,Other
259,fd47e642-c12d-429f-8dd6-990f2794be59,"This is painfully very slow to load, switch between accounts and check balances.",1,2026-02-13,Dashen Bank,NEGATIVE,-0.9997722506523132,Stability
260,fc470dbd-d7b4-4496-b741-1c58a6353057,Mostly slow or doesn't open altogether. A clumsy app,2,2026-02-16,Dashen Bank,NEGATIVE,-0.9997525811195374,Stability
261,fa56d43c-712e-458b-a198-5847ee17b7f6,One of the best in Ethiopia,5,2026-02-20,Dashen Bank,POSITIVE,0.9998559951782228,Other
262,1c4be7d0-cbf6-4046-be73-4f3d7f231517,ok,5,2026-02-20,Dashen Bank,POSITIVE,0.9997851252555848,Other
263,6c4fa0f4-9cce-43e1-8008-a57369161d1a,perfect,5,2026-02-21,Dashen Bank,POSITIVE,0.9998517036437988,Other
264,1d857c36-95d1-4cf6-bfa7-d7730e6c267f,"Dashen Bank SuperApp is user‑friendly, fast, and very convenient for daily banking. Transactions are smooth, and the app keeps improving with useful features. A great digital banking experience overall highly recommended.",5,2026-02-23,Dashen Bank,POSITIVE,0.9996473789215088,Transactions
265,0d3706b4-c1ca-47f5-95f1-603aaa2aab14,very important,5,2026-02-23,Dashen Bank,POSITIVE,0.999772608280182,Other
266,a48a15b4-9f0f-4cc2-b823-56bc1c2314b3,Biometrc authentication is not working in this updated version.,3,2026-02-23,Dashen Bank,NEGATIVE,-0.9996386766433716,Other
267,e2ebf3a6-807d-48ae-8a14-703dd758a156,Thank you. Very nice App.,5,2026-02-25,Dashen Bank,POSITIVE,0.999857783317566,Other
268,882a390d-cee8-4fdc-b92d-eb5b9c6a35ef,"What's the problem with VPN?, i use a local VPN and turning that off for this app sucks",1,2026-02-25,Dashen Bank,NEGATIVE,-0.9996508359909058,Other
269,b23e8a53-3b8f-4b54-952d-e86ecd3ff27d,I use this app it's best,5,2026-02-25,Dashen Bank,POSITIVE,0.9996119141578674,Other
270,0c3f0d1d-79a5-4821-990a-87d59e6b651a,yes waw,5,2026-02-26,Dashen Bank,POSITIVE,0.9970489144325256,Other
271,4d294c03-077b-4aa7-be00-c8e4aba6e746,waw,5,2026-02-27,Dashen Bank,NEGATIVE,-0.7346187829971313,Other
272,55d74ee5-63ee-4870-ae4b-da694b8824aa,birhanu debebe getahuu,5,2026-02-27,Dashen Bank,NEGATIVE,-0.8365752696990967,Other
273,7200ec14-1630-4f75-a373-6d48a9525d93,it works all we need but if there is good internet connection.,3,2026-03-01,Dashen Bank,NEGATIVE,-0.9771326780319214,Other
274,ed4f3ac6-c53f-4830-b573-966243744659,good but not fast,1,2026-03-03,Dashen Bank,POSITIVE,0.9994268417358398,Performance
275,bf9bcc23-07a1-444b-8af6-eb14c2f54a42,dashen bank super up,5,2026-03-05,Dashen Bank,POSITIVE,0.998670220375061,Other
276,65eb07cc-2eeb-41e1-917d-7ecaec59f059,ሁሌ አይሰራም መሽከርከር ብቻ ባላንስ አያሳይ ትራንስፈር አይሰራ አፑ ራሱ አይከፍት ብር ይቆርጣል እንጂ አይልክ ። ወሬ ብቻ 4 ወር አየውት ወሬ ቲሽ,1,2026-03-05,Dashen Bank,NEGATIVE,-0.9604712724685668,Other
277,b58219cc-fd55-4ab7-b183-a00a590b3f2a,Nice,4,2026-03-06,Dashen Bank,POSITIVE,0.9998552799224854,Other
278,4ed1b355-d092-4b9d-a4cf-205ece7b5e92,ዳሸን ሱፐር አፕ ይለያል,5,2026-03-07,Dashen Bank,NEGATIVE,-0.8616322875022888,Other
279,5eda8185-65db-41f7-979e-bd07e2d4c783,good job,4,2026-03-07,Dashen Bank,POSITIVE,0.999835729598999,Other
280,9862ce32-6ac2-43b7-8881-4e4ef3468e2c,Good luck 👍 for my ambition ✔️💯%,4,2026-03-08,Dashen Bank,POSITIVE,0.9997989535331726,Other
281,577789b9-668f-4183-a920-a8c1b442a71c,so funy,5,2026-03-08,Dashen Bank,POSITIVE,0.9998538494110109,Other
282,7d7a23eb-fa79-4b05-a927-b3b99cf8e371,Excellent,5,2026-03-08,Dashen Bank,POSITIVE,0.9998434782028198,Other
283,f226b03e-d474-483a-9fa9-31709c012817,best,5,2026-03-10,Dashen Bank,POSITIVE,0.9997941851615906,Other
284,16b5445c-964f-4185-97b3-cecd4fdc9c01,worst application,1,2026-03-11,Dashen Bank,NEGATIVE,-0.99978369474411,Other
285,5580be5c-7ed2-4b1d-bb9b-b6cafd790560,like 🥰,5,2026-03-12,Dashen Bank,POSITIVE,0.8794335722923279,Other
286,42704c60-d7db-4cff-93b7-53c4871812cc,good,5,2026-03-14,Dashen Bank,POSITIVE,0.999816119670868,Other
287,a7bfeb33-54ff-47a1-a83c-46d84f7fb6c3,best option,5,2026-03-16,Dashen Bank,POSITIVE,0.9991809725761414,Other
288,a2b3affe-c1e1-4108-a35d-ab409d38bc65,amaizing app,5,2026-03-17,Dashen Bank,POSITIVE,0.9702375531196594,Other
289,5e93d6f9-bc44-4d6b-87df-890138dd817b,💯,5,2026-03-17,Dashen Bank,NEGATIVE,-0.6970561742782593,Other
290,87ff4668-6a15-4640-81c6-f30f85099c33,👍🏿good,5,2026-03-21,Dashen Bank,NEGATIVE,-0.6970561742782593,Other
291,a4be05a1-05d5-41e8-aceb-4773ee01e360,ምርጥ ነው።,5,2026-03-22,Dashen Bank,NEGATIVE,-0.8337249755859375,Other
292,10ea374d-d91e-4d54-a0be-c48a2004fbaf,very good,5,2026-03-25,Dashen Bank,POSITIVE,0.9998520612716676,Other
293,8f40ee84-3d47-4a3a-a7e9-f2c63bfb50e0,i got question why we can't withdraw my remaining 50 birr..... anyother bank let me with draw any amount but dashnbank is kinda of annoying it says it has 50 has to remain are u somekind of theif or tell me how to fix this😡😡,1,2026-03-28,Dashen Bank,NEGATIVE,-0.9994134902954102,Other
294,634e5adb-d780-4107-a375-cda6beb32e8b,"The app is grand. but it's missing two things. one is the option to see exchange rates and the other is, when opening the app we would love it if there is the option to input your biometrics directly instead of clicking another button to pop it up.",5,2026-03-31,Dashen Bank,NEGATIVE,-0.9966267347335817,Other
295,39d8e8f3-badf-456a-b409-69e0e7db8ce3,nice app,4,2026-04-01,Dashen Bank,POSITIVE,0.9998061060905457,Other
296,6d81b20b-96ae-4664-b24c-131fc63536f3,good,4,2026-04-01,Dashen Bank,POSITIVE,0.999816119670868,Other
297,b30bdda9-63c0-431d-a0e7-cc485d0e3a66,this dashin super app that I don't recommend anyone use it,1,2026-04-04,Dashen Bank,POSITIVE,0.561470627784729,Other
298,cc72c26f-da3b-401d-990f-d51ecb5eefc3,great,5,2026-04-04,Dashen Bank,POSITIVE,0.9998630285263062,Other
299,2fabd807-9d14-4c1f-b567-2201617754cb,there is no a system every day,1,2026-04-04,Dashen Bank,NEGATIVE,-0.9930081367492676,Other
300,4638e4cb-411c-4647-a1ea-f3642a6fe7e3,You talk much more !! Nothing is UNIQUE THAN OTHER APPS!!!,1,2026-04-04,Dashen Bank,NEGATIVE,-0.9961502552032472,Other
301,94070648-cf44-45d2-b311-27f8675bfc1b,በዋይፋይ አይሰራም።,1,2026-04-04,Dashen Bank,NEGATIVE,-0.8337249755859375,Other
302,e90d181a-be75-4e03-a35c-a87aeb6236d9,The Best Bank,5,2026-04-05,Dashen Bank,POSITIVE,0.9998573064804076,Other
303,2854439c-f623-4de2-81cc-ea729f4451c3,Why haven’t you fixed this issue 👇 Temporarily Unavailable We're currently updating this service to improve your experience. It will be restored soon. Thank you for your patience,4,2026-04-06,Dashen Bank,POSITIVE,0.9689528942108154,Customer Support
304,358ba04f-2094-4fc1-a881-43d33bd7ede7,where is the virtual master card you are talking about. are we allowed to have multiple cards since its virtual btw your app is nice,5,2026-04-06,Dashen Bank,POSITIVE,0.986965537071228,Other
305,4365988e-468a-4a6e-af73-ccd23c3b4a37,it is not working,1,2026-04-07,Dashen Bank,NEGATIVE,-0.9997721314430236,Other
306,830fca56-4dc8-41b4-9912-88a32447ebf6,👌👌👌👌,5,2026-04-08,Dashen Bank,NEGATIVE,-0.6970561742782593,Other
307,947c5dc8-64aa-4a46-b891-0337a3e4b897,super fast,5,2026-04-08,Dashen Bank,POSITIVE,0.9992691874504088,Performance
308,31cbfd68-6a61-4040-9b6d-361b4c33d21a,Transfer to other bank link is still not working .,5,2026-04-09,Dashen Bank,NEGATIVE,-0.9995966553688048,Transactions
309,561647c7-7479-4686-ac65-a4370312a4ac,it is very Exciting app🙏,5,2026-04-09,Dashen Bank,POSITIVE,0.999837040901184,Other
310,459b766c-3929-4c90-9e3d-81b44cb3354f,The worst mobile banking app in Ethiopia🤮🤮🤮,1,2026-04-10,Dashen Bank,NEGATIVE,-0.9997865557670592,Other
311,fb33e7a7-964b-4067-842d-23f8347fc37e,i have used this app starting from the first date that launched it is interested and easiest app next to tellbirr in my experience,5,2026-04-11,Dashen Bank,POSITIVE,0.9760836362838744,Other
312,e0db81c5-313d-4f20-91db-4f55bf16cc74,ok,5,2026-04-15,Dashen Bank,POSITIVE,0.9997851252555848,Other
313,08dfb2b3-9337-492c-84b9-d14765fdd02d,nice but i ask every week to update.,5,2026-04-16,Dashen Bank,POSITIVE,0.7919027805328369,Other
314,97536f33-ec3c-4169-8131-2c4fad78fb23,"I am experiencing a serious issue with the Dashen Super App. I visited a branch and my account was successfully activated. However, shortly after (within about 7 hours), the app started asking me again to visit the branch. In addition, my account balance is not showing even after updating the app, and I can no longer see my account number. This situation is very frustrating, especially after completing the required verification at the branch. The system does not seem stable and it is affecting",1,2026-04-16,Dashen Bank,NEGATIVE,-0.9973721504211426,Account Issues
315,7e4e6617-2677-411d-9429-c86519de11a2,The app is not swift and does not use a fast lightweight connection.,2,2026-04-17,Dashen Bank,NEGATIVE,-0.9989472031593324,Performance
316,639463b3-5cde-4d81-b37e-6ac1fb26ca08,"i am not interested at all the transaction fee , specially i can't make transaction with wallets..........i thought it was cool ....not interested fix everything and also it have long time loading ufffff",2,2026-04-18,Dashen Bank,NEGATIVE,-0.9988682270050048,Transactions
317,e6fa3a55-7728-4bd9-a557-3e6ab81c9b0c,good,5,2026-04-18,Dashen Bank,POSITIVE,0.999816119670868,Other
318,ecc9fcb8-777c-4b02-a578-5ca0750f8706,amazing,5,2026-04-18,Dashen Bank,POSITIVE,0.999875545501709,Other
319,a61e3c0b-0d81-4a52-b029-8cc5e254845d,The worst mobile banking app ever... I don't think I am ever going to deposit anything from now on if I can't use the app properly. At one point it's working and when you close it and try after 5 minutes it won't even open. A bank this big should be ashamed of not being able to fix it for this long.,1,2026-04-18,Dashen Bank,NEGATIVE,-0.9997873902320862,Other
320,479d224c-0508-492a-9f24-265fded06214,it is excellent and well securried application for using it.,5,2026-04-19,Dashen Bank,POSITIVE,0.9995300769805908,Other
321,4708fdc6-fa37-4620-bfd8-f0408cc9cecf,app size is small and the app is convenient,5,2026-04-22,Dashen Bank,POSITIVE,0.9492030143737792,Other
322,fc9277ad-4b3f-4945-bc8b-557e8b781e21,I used this app always,5,2026-04-22,Dashen Bank,POSITIVE,0.9060995578765868,Other
323,d7b5f423-6f75-4c30-9008-e3744b4600b0,when compared this app to CBE&Awash pro CBE&Awash pro is better and simple for using.,1,2026-04-22,Dashen Bank,POSITIVE,0.7759414315223694,User Experience
324,052a6722-d1b0-47a5-befb-2266cffb83dc,Very reliable.,5,2026-04-22,Dashen Bank,POSITIVE,0.999863624572754,Other
325,67b03522-d4e8-4577-b6de-3e50e57e49b8,Good app,5,2026-04-22,Dashen Bank,POSITIVE,0.9998493194580078,Other
326,3e88bf92-6bd7-4646-a32f-0d89dfb2cab3,good bank Dashen,5,2026-04-22,Dashen Bank,POSITIVE,0.9998553991317748,Other
327,3c39078f-856e-4f2a-b716-2c6bbe5ea7c7,adegn,5,2026-04-23,Dashen Bank,POSITIVE,0.8581458330154419,Other
328,36372104-6f08-477a-ae08-93b402d0ee2c,ok👌,5,2026-04-23,Dashen Bank,NEGATIVE,-0.6970561742782593,Other
329,f4d905ad-988c-4591-bd05-fc47734410fa,I realy appreciate it especially virtual card opportunity go a head!👍👍,5,2026-04-23,Dashen Bank,POSITIVE,0.9994524121284484,Other
330,817d10d7-5f06-42ae-ba70-38fd01e08eda,super app give alot coin when I shake it zero result😃,1,2026-04-23,Dashen Bank,NEGATIVE,-0.9846510887145996,Other
331,ba2ba02d-36dd-464c-81aa-b7271d9e90de,👍,5,2026-04-23,Dashen Bank,NEGATIVE,-0.6970561742782593,Other
332,81713c19-6d42-4949-9c49-05bb86cb051e,cool app,3,2026-04-23,Dashen Bank,POSITIVE,0.999824583530426,Other
333,9869b2fa-143a-4907-a2b9-1cd863dab7bb,Dashen app is #1,5,2026-04-23,Dashen Bank,POSITIVE,0.9914819002151488,Other
334,89b31891-07d8-4838-81a1-bdf36b6c67e2,dashen bank super app is incredible !!,3,2026-04-24,Dashen Bank,POSITIVE,0.9998584985733032,Other
335,d5c6b41c-b083-48c9-ad85-38cb42cfeae5,wow amazing!!!,5,2026-04-24,Dashen Bank,POSITIVE,0.9998672008514404,Other
336,be869197-1401-4f57-98b5-bf516d92f292,good,5,2026-04-24,Dashen Bank,POSITIVE,0.999816119670868,Other
337,8d128a80-d815-48d9-9451-7fa42e7aa3ae,nice,5,2026-04-24,Dashen Bank,POSITIVE,0.9998552799224854,Other
338,6e125ab1-7727-4bc5-a665-dfecacd09878,So great easy wonderfully 😍😍😍,5,2026-04-24,Dashen Bank,POSITIVE,0.999890685081482,User Experience
339,273db250-bbe7-421f-a068-4dddfb0ef124,I think this app is best compared with other Ethiopian mobile banking apps,5,2026-04-25,Dashen Bank,POSITIVE,0.7261385321617126,Other
340,69aa1e41-650a-4ebd-8ead-0b4be1e2230c,couldn't open an account onlie. gives me an error repeatedly.,2,2026-04-26,Dashen Bank,NEGATIVE,-0.9996609687805176,Stability
341,11ad9a52-afd1-4bd2-9846-3a55ae3288b2,great app,5,2026-04-26,Dashen Bank,POSITIVE,0.999821126461029,Other
342,80cf526f-b342-4351-a373-45cb38ac132b,wowAmazing Apps,5,2026-04-26,Dashen Bank,POSITIVE,0.9864983558654784,Other
343,1acd2e0b-bce4-4fdb-8d4c-f8efa7eb0c3d,good,5,2026-04-26,Dashen Bank,POSITIVE,0.999816119670868,Other
344,f04071db-8efb-4ab7-a630-23afd311e97f,"I can't even get into the app just because my Developer mode setting is turned on? why am I getting this message? I'm never turning it off. bye, what a great app😏, it only lasted 3 minutes on my phone (I uninstalled it).",1,2026-04-26,Dashen Bank,NEGATIVE,-0.976445734500885,Other
345,62898ce9-3e85-488e-96fc-b9e54c2047cf,super,5,2026-04-27,Dashen Bank,POSITIVE,0.998783528804779,Other
346,72039950-7406-4fcd-bec5-19dfde02e7b2,good,5,2026-04-27,Dashen Bank,POSITIVE,0.999816119670868,Other
347,e4c18ede-7a95-48c9-b0f8-0db83fe26191,"Misguiding - Claimed people can convert ETB to USD for online payments, but not true.",1,2026-04-27,Dashen Bank,NEGATIVE,-0.9977388381958008,Transactions
348,9ef4967b-61cd-460f-8f33-d5359a4c2939,it forgets the password in weeks and the biometric password too it says wrong password fix it,1,2026-04-28,Dashen Bank,NEGATIVE,-0.9994890689849854,Authentication
349,c915f258-9dea-42e9-900d-20077006ad7f,no faset dashen bsnk,1,2026-04-29,Dashen Bank,NEGATIVE,-0.9979751706123352,Other
350,c25d42d9-8060-4a37-8492-26abc65ae73c,best,5,2026-04-30,Dashen Bank,POSITIVE,0.9997941851615906,Other
351,77977fdf-eb0d-4a72-93c9-31c8f4249249,"👍👍 አሪፍ ነው ""ለአጠቃም ቀላል ምቹ እና አስተማማኝ ነው ተመችቶኛል 💚💛❤️",5,2026-04-30,Dashen Bank,NEGATIVE,-0.9490476846694946,Other
352,4703619b-96cd-482f-a100-7a0d460fb93e,ok,5,2026-04-30,Dashen Bank,POSITIVE,0.9997851252555848,Other
353,b37a3ed6-026a-426b-8ac9-f957a847a44d,I can't open a bank account It says 'something went wrong',5,2026-04-30,Dashen Bank,NEGATIVE,-0.9997047781944276,Account Issues
354,33aba156-de27-4096-8d63-9bcc3e890480,Wrong advertisement! You can't open an account using the app.,1,2026-05-01,Dashen Bank,NEGATIVE,-0.9997207522392272,Account Issues
355,fdcc9b38-156a-4c4d-9ea4-4efe953189c8,I like it,5,2026-05-01,Dashen Bank,POSITIVE,0.99985933303833,Other
356,071649cd-5bd6-4d89-8c9a-08ec934ebf8d,very interesting,5,2026-05-03,Dashen Bank,POSITIVE,0.999863862991333,Other
357,00a951b8-2c47-4a39-bd8d-6620f65763bb,yes goode app,5,2026-05-04,Dashen Bank,POSITIVE,0.9997490048408508,Other
358,33915bd9-74fa-4ff7-9b31-a2d3abb01fcb,Best app👍,5,2026-05-04,Dashen Bank,POSITIVE,0.9997019171714784,Other
359,d40c1a6c-675f-41a1-afd9-db5435cd365e,best app,5,2026-05-06,Dashen Bank,POSITIVE,0.999686598777771,Other
360,1ed4529d-195a-4aea-94ab-322951a0f5ba,"Dashen Supper up Dashen Bank ,Always one step ahead!",5,2026-05-08,Dashen Bank,POSITIVE,0.9975284934043884,Other
361,56411fd2-d30b-4196-963b-c01446fd0cb1,top mobile banking app,5,2026-05-08,Dashen Bank,POSITIVE,0.9976580142974854,Other
362,cfb817ad-236a-4390-acbf-4fd1f3b2630b,Thank you Dashen Bank,5,2026-05-08,Dashen Bank,POSITIVE,0.9997771382331848,Other
363,fea94eb2-8044-4f6d-99f8-4dc2566c49f3,best app,5,2026-05-08,Dashen Bank,POSITIVE,0.999686598777771,Other
364,8f7b9345-9fb9-4aa2-968e-7fab01efe7ab,dashin bank one step a head,5,2026-05-08,Dashen Bank,POSITIVE,0.9953054785728456,Other
365,87b8a693-a799-47e8-bbae-8e2c54be7db2,Nice,5,2026-05-08,Dashen Bank,POSITIVE,0.9998552799224854,Other
366,6e11f887-175b-4dfd-a0f5-37cd407cfdcf,nice bank,5,2026-05-08,Dashen Bank,POSITIVE,0.999805510044098,Other
367,47d5f9a2-bdb9-44a0-86d3-20566aa64d4b,good app,5,2026-05-08,Dashen Bank,POSITIVE,0.9998493194580078,Other
368,d0155863-fe05-42c1-8dc5-761628839468,The best mobile super app in Ethiopia specifically I like it's User interface(UI),4,2026-05-08,Dashen Bank,POSITIVE,0.999785840511322,User Experience
369,523d1cac-39b0-43e1-a58e-9bf41ba4fb99,Good,5,2026-05-08,Dashen Bank,POSITIVE,0.999816119670868,Other
370,267bc779-3955-45e6-9924-3ca9258c740d,appn keessan kun daddafee update gaafata yeroo gootee garuu password block godhaa maallifi,5,2026-05-09,Dashen Bank,NEGATIVE,-0.9931946992874146,Authentication
371,484bb204-6ec2-4f83-bbfb-38b192227902,best app,5,2026-05-09,Dashen Bank,POSITIVE,0.999686598777771,Other
372,ff65a1e6-08ab-4b69-9519-898af730d7d3,best but not staple suit and not fast,5,2026-05-09,Dashen Bank,NEGATIVE,-0.9160029292106628,Performance
373,29676917-abff-45ee-b8b7-ad4df0673a15,Dashen super app is the latest mobile banking.,5,2026-05-09,Dashen Bank,POSITIVE,0.9838573932647704,Other
374,e85ad0c2-be37-494e-9932-90abcf379c54,good,5,2026-05-09,Dashen Bank,POSITIVE,0.999816119670868,Other
375,c77f77ce-8911-47ff-8ef8-c282395a60f2,it is terrible and shame update request 3 times a month what is the matter with us?,1,2026-05-09,Dashen Bank,NEGATIVE,-0.9991959929466248,Other
376,681ad5dc-07e1-460c-bc79-84bdcbc080bf,nice financial app 👌,5,2026-05-10,Dashen Bank,POSITIVE,0.9997125267982484,Other
377,1bea6573-ccee-42a9-8625-1d78536db154,it is best but sometime when I need to sign in it request update,3,2026-05-10,Dashen Bank,NEGATIVE,-0.9961728453636168,Authentication
378,c95d64b1-557b-4695-b66b-f2315d55c48c,best app i ever seen,5,2026-05-11,Dashen Bank,POSITIVE,0.999450147151947,Other
379,2f3c3a25-5022-4e2b-8090-0be0fda09f74,easy tp use.,5,2026-05-11,Dashen Bank,NEGATIVE,-0.9467806220054626,User Experience
380,15e7f782-ce40-4927-a035-f0f73b2b5631,good but it takes forever to load,4,2026-05-11,Dashen Bank,NEGATIVE,-0.9274651408195496,Other
381,3ac00147-9251-4c11-a6fa-35579bcd67d5,fast and very easy to use,5,2026-05-11,Dashen Bank,POSITIVE,0.9995935559272766,User Experience
382,fbca52ab-3c9e-4199-83bc-ef1cb7cbb1eb,this app is amaizing,5,2026-05-11,Dashen Bank,POSITIVE,0.9541445374488832,Other
383,d84810ac-35af-4044-bcc4-2866cde7d441,excelent,5,2026-05-12,Dashen Bank,POSITIVE,0.9998672008514404,Other
384,6392f0ac-7404-4939-9863-2a275db40dd2,good,5,2026-05-12,Dashen Bank,POSITIVE,0.999816119670868,Other
385,c04ae465-9539-4f17-b6bd-62711206e770,The application booting time is so bad..,3,2026-05-12,Dashen Bank,NEGATIVE,-0.9998094439506532,Other
386,3cba8ce3-0124-43fb-87c2-e2f1000dd366,smart app,5,2026-05-12,Dashen Bank,POSITIVE,0.999789297580719,Other
387,41170efe-a4b7-482c-83d1-fea6fa51993d,"Very bad customer service line. they won't pick up, dialed repeatedly. waited on hold for 20 minutes+. The worst customer service line I have experienced from a big bank.",1,2026-05-12,Dashen Bank,NEGATIVE,-0.9998158812522888,Customer Support
388,abf6804b-429f-4383-94a1-5a5955c27569,bad mobile banking at all,1,2026-05-13,Dashen Bank,NEGATIVE,-0.9998067021369934,Other
389,265cfda4-296c-4676-bc76-032559a65ec2,very nice app.,5,2026-05-13,Dashen Bank,POSITIVE,0.9998617172241212,Other
390,eaeb3ab3-2f40-49c2-be8f-8d434331b7cb,"Good app, but debit transactions not allowed Why ?",5,2026-05-13,Dashen Bank,POSITIVE,0.7536807060241699,Transactions
391,24e6a87a-ec94-489c-b9e6-4ed8e33a70a9,nice,5,2026-05-13,Dashen Bank,POSITIVE,0.9998552799224854,Other
392,94a4413f-40c7-4842-b31c-43f70aff0686,very difficult app,1,2026-05-13,Dashen Bank,NEGATIVE,-0.9985297918319702,Other
393,fd76bc39-9ee1-4a56-b784-3c6e46f83d39,good and easier to used,5,2026-05-14,Dashen Bank,POSITIVE,0.9998475313186646,Other
394,3cf7873a-56b2-4e5d-b963-eb31a72d3fc7,"i swear to god , By using this app, I won a Samsung S23 Ultra. Truly, Dashen Bank is one step ahead 👏👏",5,2026-05-14,Dashen Bank,POSITIVE,0.9992080330848694,Other
395,105aa71e-1e72-4618-899b-78a321a5258b,good,5,2026-05-14,Dashen Bank,POSITIVE,0.999816119670868,Other
396,fc184115-ab13-482b-bb08-798589a4d482,good app but it was doesnt work other bank transfer and require so many updates why,5,2026-05-14,Dashen Bank,NEGATIVE,-0.9969203472137452,Transactions
397,59a20f9e-bb87-4d5f-bee7-ce19f19baddf,good,5,2026-05-14,Dashen Bank,POSITIVE,0.999816119670868,Other
398,b4a7ea95-727b-4501-8d84-77db88187c84,good,5,2026-05-14,Dashen Bank,POSITIVE,0.999816119670868,Other
399,78284116-8313-4ca8-a28c-61ce4fa44ee6,Very Annoying App i tried to open virtual bank account with fayda but in the end it says something went wrong i tried so many times it says something went wrong why???fix it quickly for now i give you 1/5👎👎👎,1,2026-05-14,Dashen Bank,NEGATIVE,-0.9994437098503112,Performance
