content,bank,nouns,keywords,vader_compound,tb_polarity,tb_subjectivity,sentiment,bank_id
best app i like it,CBE Bank,[],"['best', 'like']",0.7717,1.0,0.3,positive,
ገላግሌ ብየዋለው ጥድት ያለ አፕ,CBE Bank,"['ብየዋለው', 'ጥድት']","['ገላግሌ', 'ብየዋለው', 'ጥድት']",0.0,0.0,0.0,neutral,
vibe,CBE Bank,['vibe'],['vibe'],0.0,0.0,0.0,neutral,
digital banking,CBE Bank,['banking'],"['digital', 'banking']",0.0,0.0,0.0,neutral,
it is very good service you are giving,CBE Bank,['service'],"['good', 'service', 'giving']",0.6801,0.9099999999999999,0.7800000000000001,positive,
Tajajilli keessan dubati Hafadha አገልግሎታችሁን ዱባቲ ሀፋድህን አቆይ Your service will stay behind,CBE Bank,"['tajajilli', 'keessan', 'dubati', 'hafadha', 'አገልግሎታችሁን', 'ዱባቲ', 'ሀፋድህን', 'አቆይ', 'your', 'service']","['tajajilli', 'keessan', 'dubati', 'hafadha', 'አገልግሎታችሁን', 'ዱባቲ', 'ሀፋድህን', 'አቆይ', 'your', 'service', 'will', 'stay', 'behind']",0.0,-0.4,0.7,neutral,
nice app for me,CBE Bank,[],"['nice', 'for']",0.4215,0.6,1.0,positive,
ps fast and easy,CBE Bank,['fast'],"['fast', 'easy']",0.4404,0.31666666666666665,0.7166666666666667,positive,
I Am Proud Of CBE Period!!!,CBE Bank,"['proud', 'cbe', 'period']","['proud', 'cbe', 'period']",0.6093,1.0,1.0,positive,
very good,CBE Bank,[],['good'],0.4927,0.9099999999999999,0.7800000000000001,positive,
CBE is my beast one for any transactions,CBE Bank,"['cbe', 'transactions']","['cbe', 'beast', 'one', 'for', 'any', 'transactions']",0.0,0.0,0.0,neutral,
nice App,CBE Bank,[],['nice'],0.4215,0.6,1.0,positive,
not work app,CBE Bank,['work'],"['not', 'work']",0.0,0.0,0.0,neutral,
its good,CBE Bank,[],"['its', 'good']",0.4404,0.7,0.6000000000000001,positive,
it nice and fast but usually it bad the connection by 4g network it still bad,CBE Bank,"['connection', 'network']","['nice', 'fast', 'usually', 'bad', 'connection', 'network', 'still', 'bad']",-0.8625,-0.1499999999999999,0.7333333333333333,negative,
so nice,CBE Bank,[],['nice'],0.4754,0.6,1.0,positive,
good,CBE Bank,[],['good'],0.4404,0.7,0.6000000000000001,positive,
good application,CBE Bank,[],['good'],0.4404,0.7,0.6000000000000001,positive,
wow,CBE Bank,['wow'],['wow'],0.5859,0.1,1.0,positive,
ohh very useful and easy for use,CBE Bank,['use'],"['ohh', 'useful', 'easy', 'for', 'use']",0.7474,0.4116666666666667,0.4166666666666667,positive,
Very good service all times,CBE Bank,"['service', 'times']","['good', 'service', 'all', 'times']",0.4927,0.9099999999999999,0.7800000000000001,positive,
melkam new,CBE Bank,[],"['melkam', 'new']",0.0,0.13636363636363635,0.45454545454545453,neutral,
good,CBE Bank,[],['good'],0.4404,0.7,0.6000000000000001,positive,
good,CBE Bank,[],['good'],0.4404,0.7,0.6000000000000001,positive,
Thank you,CBE Bank,['thank'],['thank'],0.3612,0.0,0.0,positive,
nice,CBE Bank,[],['nice'],0.4215,0.6,1.0,positive,
It charges high amount of service charge.,CBE Bank,"['amount', 'service', 'charge']","['charges', 'high', 'amount', 'service', 'charge']",-0.2732,0.16,0.54,negative,
best,CBE Bank,[],['best'],0.6369,1.0,0.3,positive,
excellent,CBE Bank,['excellent'],['excellent'],0.5719,1.0,1.0,positive,
easygoing & Convenient to use.,CBE Bank,['convenient'],"['easygoing', 'convenient', 'use']",0.3182,0.0,0.0,positive,
good,CBE Bank,[],['good'],0.4404,0.7,0.6000000000000001,positive,
saved transactions doesn't work properly it doesn't show transactions before a month only shows recent transactions even after I set filter date range,CBE Bank,"['transactions', 'transactions', 'month', 'transactions', 'date', 'range']","['saved', 'transactions', 'doesn', 'work', 'properly', 'doesn', 'show', 'transactions', 'before', 'month', 'only', 'shows', 'recent', 'transactions', 'even', 'after', 'set', 'filter', 'date', 'range']",0.4215,0.0,0.45,positive,
Pleas allow self service on Mobile banking.,CBE Bank,"['pleas', 'service', 'mobile', 'banking']","['pleas', 'allow', 'self', 'service', 'mobile', 'banking']",0.2263,0.0,0.0,positive,
i use CBE almost more than 5 years,CBE Bank,"['use', 'cbe', 'years']","['use', 'cbe', 'almost', 'more', 'than', 'years']",0.0,0.5,0.5,neutral,
this app essential app on this time,CBE Bank,['time'],"['essential', 'time']",0.0,0.0,0.3,neutral,
"After update not working at all, I live in abroad.",CBE Bank,[],"['after', 'update', 'not', 'working', 'all', 'live', 'abroad']",0.0,0.13636363636363635,0.5,neutral,
nice,CBE Bank,[],['nice'],0.4215,0.6,1.0,positive,
it is not well functional. It always sluggish and poor application. n Not interested because always straggling .,CBE Bank,[],"['not', 'well', 'functional', 'always', 'sluggish', 'poor', 'not', 'interested', 'because', 'always', 'straggling']",-0.8348,-0.2625,0.55,negative,
best bank ever,CBE Bank,['bank'],"['best', 'bank', 'ever']",0.6369,1.0,0.3,positive,
best app,CBE Bank,[],['best'],0.6369,1.0,0.3,positive,
does this app support international transactions,CBE Bank,"['support', 'transactions']","['does', 'support', 'international', 'transactions']",0.4019,0.0,0.0,positive,
Why mobile Banking is not functional?,CBE Bank,['banking'],"['why', 'mobile', 'banking', 'not', 'functional']",0.0,0.0,0.0,neutral,
"very nice app, but charge more.",CBE Bank,['charge'],"['nice', 'charge', 'more']",0.2609,0.64,0.75,positive,
not working,CBE Bank,[],"['not', 'working']",0.0,0.0,0.0,neutral,
I can't use the app months ago. It stopped working with Mobile data and WiFi. I didn't know the cause. Why this app is not compatible with Android 8?,CBE Bank,"['months', 'mobile', 'data', 'wifi', 'cause', 'android']","['can', 'use', 'months', 'ago', 'stopped', 'working', 'with', 'mobile', 'data', 'wifi', 'didn', 'know', 'cause', 'why', 'not', 'compatible', 'with', 'android']",-0.2263,0.0,0.0,negative,
very excellent application the number one bank of Ethiopia thanks,CBE Bank,"['number', 'bank', 'ethiopia', 'thanks']","['excellent', 'number', 'one', 'bank', 'ethiopia', 'thanks']",0.8016,0.6,0.6,positive,
Good app,CBE Bank,[],['good'],0.4404,0.7,0.6000000000000001,positive,
not working,CBE Bank,[],"['not', 'working']",0.0,0.0,0.0,neutral,
it's fast and easy nice,CBE Bank,[],"['fast', 'easy', 'nice']",0.6908,0.41111111111111115,0.8111111111111112,positive,
Good,CBE Bank,[],['good'],0.4404,0.7,0.6000000000000001,positive,
"this platform is very useful for exchanging payment ,than *889#(it's slower ).🙏🙏",CBE Bank,"['platform', 'payment', '.🙏🙏']","['platform', 'useful', 'for', 'exchanging', 'payment', 'than', '889', 'slower']",0.4927,0.39,0.0,positive,
best,CBE Bank,[],['best'],0.6369,1.0,0.3,positive,
girms,CBE Bank,['girms'],['girms'],0.0,0.0,0.0,neutral,
good update,CBE Bank,['update'],"['good', 'update']",0.4404,0.7,0.6000000000000001,positive,
It's a good improvement. the app,CBE Bank,['improvement'],"['good', 'improvement']",0.7096,0.7,0.6000000000000001,positive,
good,CBE Bank,[],['good'],0.4404,0.7,0.6000000000000001,positive,
best,CBE Bank,[],['best'],0.6369,1.0,0.3,positive,
ok,CBE Bank,[],[],0.296,0.5,0.5,positive,
best,CBE Bank,[],['best'],0.6369,1.0,0.3,positive,
"This app is very unreliable—slow, frequently crashes, and fails to sync properly. Transactions don’t reflect accurately; I transferred money that was deducted but never received, with no record in recent activity. It often stops working and takes too long to update. Reinstalling doesn’t help. You even have to visit a branch for it to start working, which is unacceptable today. The problem is even worse outside Ethiopia.",CBE Bank,"['slow', 'crashes', 'transactions', 'money', 'record', 'activity', 'help', 'branch', 'working', 'today', 'problem', 'ethiopia']","['unreliable', 'slow', 'frequently', 'crashes', 'fails', 'sync', 'properly', 'transactions', 'don', 'reflect', 'accurately', 'transferred', 'money', 'deducted', 'never', 'received', 'with', 'record', 'recent', 'activity', 'often', 'stops', 'working', 'takes', 'too', 'long', 'update', 'reinstalling', 'doesn', 'help', 'even', 'have', 'visit', 'branch', 'for', 'start', 'working', 'which', 'unacceptable', 'today', 'problem', 'even', 'worse', 'outside', 'ethiopia']",-0.8631,-0.027777777777777766,0.3259259259259259,negative,
Excellent,CBE Bank,['excellent'],['excellent'],0.5719,1.0,1.0,positive,
so nice to me,CBE Bank,[],['nice'],0.4754,0.6,1.0,positive,
bad👎,CBE Bank,['bad👎'],['bad'],0.0,0.0,0.0,neutral,
very much for your information 👋,CBE Bank,['information'],"['much', 'for', 'your', 'information']",0.0,0.26,0.26,neutral,
nice app keep it up🤝🤝,CBE Bank,[],"['nice', 'keep']",0.4215,0.6,1.0,positive,
i like this app,CBE Bank,[],['like'],0.3612,0.0,0.0,positive,
i have more experience,CBE Bank,['experience'],"['have', 'more', 'experience']",0.0,0.5,0.5,neutral,
good,CBE Bank,[],['good'],0.4404,0.7,0.6000000000000001,positive,
I love this app,CBE Bank,[],['love'],0.6369,0.5,0.6,positive,
WOW!,CBE Bank,['wow'],['wow'],0.6239,0.125,1.0,positive,
the app freezes sometimes and crashing,CBE Bank,[],"['freezes', 'sometimes', 'crashing']",-0.0258,0.0,0.0,neutral,
for active payment it's number one chose,CBE Bank,"['payment', 'number', 'chose']","['for', 'active', 'payment', 'number', 'one', 'chose']",0.4588,-0.13333333333333333,0.6,positive,
"What a nasty Update is this !. May I say 'Events cast their shadow before happenings'. Trust, value, Bank's 'n' Customers' financial property, such like things, at risk once again(the State owned Bank experienced some months ago due to app development issues or some other unknown reasons. Unable to see my own current balance due to a hidden page being displayed, stacked transaction history since March 26th, among others. Is that a Banking app being developed by Professionals ?.",CBE Bank,"['update', 'may', ""'events"", 'shadow', 'happenings', 'trust', 'value', 'bank', 'customers', 'property', 'things', 'risk', 'state', 'bank', 'months', 'development', 'issues', 'reasons', 'balance', 'page', 'transaction', 'history', 'march', 'others', 'banking', 'professionals']","['what', 'nasty', 'update', 'may', 'say', 'events', 'cast', 'their', 'shadow', 'before', 'happenings', 'trust', 'value', 'bank', 'customers', 'financial', 'property', 'such', 'like', 'things', 'risk', 'once', 'again', 'state', 'owned', 'bank', 'experienced', 'some', 'months', 'ago', 'due', 'development', 'issues', 'some', 'other', 'unknown', 'reasons', 'unable', 'see', 'own', 'current', 'balance', 'due', 'hidden', 'page', 'being', 'displayed', 'stacked', 'transaction', 'history', 'since', 'march', '26th', 'among', 'others', 'banking', 'being', 'developed', 'professionals']",0.4199,-0.04935897435897434,0.5121794871794871,positive,
Very good Service provider bank,CBE Bank,"['service', 'provider', 'bank']","['good', 'service', 'provider', 'bank']",0.4927,0.9099999999999999,0.7800000000000001,positive,
it is not working,CBE Bank,[],"['not', 'working']",0.0,0.0,0.0,neutral,
nice,CBE Bank,[],['nice'],0.4215,0.6,1.0,positive,
Thank you for your service.,CBE Bank,"['thank', 'service']","['thank', 'for', 'your', 'service']",0.3612,0.0,0.0,positive,
good 👍,CBE Bank,[],['good'],0.4404,0.7,0.6000000000000001,positive,
wow,CBE Bank,['wow'],['wow'],0.5859,0.1,1.0,positive,
good,CBE Bank,[],['good'],0.4404,0.7,0.6000000000000001,positive,
good,CBE Bank,[],['good'],0.4404,0.7,0.6000000000000001,positive,
nice,CBE Bank,[],['nice'],0.4215,0.6,1.0,positive,
fully functional greate application it makes payment and transaction easier,CBE Bank,"['greate', 'payment', 'transaction']","['fully', 'functional', 'greate', 'makes', 'payment', 'transaction', 'easier']",0.4215,0.0,0.0,positive,
it's best for everyone,CBE Bank,['everyone'],"['best', 'for', 'everyone']",0.6369,1.0,0.3,positive,
good,CBE Bank,[],['good'],0.4404,0.7,0.6000000000000001,positive,
am happy using it.But why does it need continuous updates?,CBE Bank,['updates'],"['happy', 'using', 'why', 'does', 'need', 'continuous', 'updates']",0.5719,0.8,1.0,positive,
Good job,CBE Bank,['job'],"['good', 'job']",0.4404,0.7,0.6000000000000001,positive,
good jobs,CBE Bank,['jobs'],"['good', 'jobs']",0.4404,0.7,0.6000000000000001,positive,
it is wel,CBE Bank,[],['wel'],0.0,0.0,0.0,neutral,
best,CBE Bank,[],['best'],0.6369,1.0,0.3,positive,
swift,CBE Bank,['swift'],['swift'],0.2023,0.0,0.0,positive,
Good bank,CBE Bank,['bank'],"['good', 'bank']",0.4404,0.7,0.6000000000000001,positive,
nice,CBE Bank,[],['nice'],0.4215,0.6,1.0,positive,
👍👍,CBE Bank,[],[],0.0,0.0,0.0,neutral,
difficult to see our transactions after aweek,CBE Bank,"['transactions', 'aweek']","['difficult', 'see', 'our', 'transactions', 'after', 'aweek']",-0.3612,-0.5,1.0,negative,
Easy to use and reliable.,CBE Bank,['easy'],"['easy', 'use', 'reliable']",0.4404,0.43333333333333335,0.8333333333333334,positive,
its good,CBE Bank,[],"['its', 'good']",0.4404,0.7,0.6000000000000001,positive,
easy and fast,CBE Bank,[],"['easy', 'fast']",0.4404,0.31666666666666665,0.7166666666666667,positive,
በጣም ጥሩ ነው,CBE Bank,[],[],0.0,0.0,0.0,neutral,
this app is very good,CBE Bank,[],['good'],0.4927,0.9099999999999999,0.7800000000000001,positive,
very nice,CBE Bank,[],['nice'],0.4754,0.78,1.0,positive,
deduction but no transaction. not good,CBE Bank,"['deduction', 'transaction']","['deduction', 'transaction', 'not', 'good']",-0.7104,-0.35,0.6000000000000001,negative,
good app,CBE Bank,[],['good'],0.4404,0.7,0.6000000000000001,positive,
good,CBE Bank,[],['good'],0.4404,0.7,0.6000000000000001,positive,
Musxafaa,CBE Bank,['musxafaa'],['musxafaa'],0.0,0.0,0.0,neutral,
good,CBE Bank,[],['good'],0.4404,0.7,0.6000000000000001,positive,
Good,CBE Bank,[],['good'],0.4404,0.7,0.6000000000000001,positive,
good,CBE Bank,[],['good'],0.4404,0.7,0.6000000000000001,positive,
great 👍,CBE Bank,[],['great'],0.6249,0.8,0.75,positive,
I had good time with CBE,CBE Bank,"['time', 'cbe']","['had', 'good', 'time', 'with', 'cbe']",0.4404,0.7,0.6000000000000001,positive,
crashes every time you need to update this app ASAP.. i will be changing bank if tjis continues,CBE Bank,"['crashes', 'time', 'asap', 'bank']","['crashes', 'every', 'time', 'need', 'update', 'asap', 'will', 'changing', 'bank', 'tjis', 'continues']",0.0,0.0,0.0,neutral,
well expriences,CBE Bank,['expriences'],"['well', 'expriences']",0.2732,0.0,0.0,positive,
itii fayadamaa namaa fayadaa kuniin,CBE Bank,"['itii', 'fayadamaa', 'fayadaa', 'kuniin']","['itii', 'fayadamaa', 'namaa', 'fayadaa', 'kuniin']",0.0,0.0,0.0,neutral,
crush alot,CBE Bank,"['crush', 'alot']","['crush', 'alot']",-0.1531,0.0,0.0,negative,
Best,CBE Bank,[],['best'],0.6369,1.0,0.3,positive,
Not that happy at this app,CBE Bank,[],"['not', 'happy']",-0.4585,0.8,1.0,negative,
100%100 Fast and Amazing app !! 🏆🏆🏆🏆🏆🏆🏆🏆 💞🌷🇪🇹,CBE Bank,"['fast', 'amazing', '💞🌷🇪🇹']","['100', '100', 'fast', 'amazing']",0.658,0.5687500000000001,0.75,positive,
lulit tukka giro,CBE Bank,"['tukka', 'giro']","['lulit', 'tukka', 'giro']",0.0,0.0,0.0,neutral,
Enough good even it hasn't transferring for other telebirr users,CBE Bank,"['telebirr', 'users']","['enough', 'good', 'even', 'hasn', 'transferring', 'for', 'other', 'telebirr', 'users']",0.4404,0.19166666666666665,0.4916666666666667,positive,
not good not bad.,CBE Bank,[],"['not', 'good', 'not', 'bad']",-0.5824,-2.7755575615628914e-17,0.6333333333333333,negative,
"my favorite so far, but, how come we are not able to download the app and fix our problem ourselves? it is not fair to go to the bank and fix it for you? please think about it. Thank you",CBE Bank,"['favorite', 'problem', 'bank', 'thank']","['favorite', 'far', 'how', 'come', 'not', 'able', 'download', 'fix', 'our', 'problem', 'ourselves', 'not', 'fair', 'bank', 'fix', 'for', 'please', 'think', 'about', 'thank']",0.3751,0.0,0.88125,positive,
good,CBE Bank,[],['good'],0.4404,0.7,0.6000000000000001,positive,
good,CBE Bank,[],['good'],0.4404,0.7,0.6000000000000001,positive,
bad strresing,CBE Bank,['strresing'],"['bad', 'strresing']",-0.5423,-0.6999999999999998,0.6666666666666666,negative,
easy fast helpful for our business,CBE Bank,"['helpful', 'business']","['easy', 'fast', 'helpful', 'for', 'our', 'business']",0.6908,0.31666666666666665,0.7166666666666667,positive,
cool,CBE Bank,['cool'],['cool'],0.3182,0.35,0.65,positive,
"This application was not that great, and its performance has unfortunately declined further. For the past week, I have been unable to access my balance or transfer funds. This situation is causing considerable concern and inconvenience, as I cannot access my money in a timely manner. This has resulted in late payments and a loss of confidence and trust. Furthermore, I have not received a response to my message to the customer support team.",CBE Bank,"['performance', 'week', 'access', 'balance', 'funds', 'situation', 'concern', 'inconvenience', 'access', 'money', 'manner', 'payments', 'loss', 'confidence', 'trust', 'furthermore', 'response', 'message', 'customer', 'support', 'team']","['not', 'great', 'its', 'performance', 'has', 'unfortunately', 'declined', 'further', 'for', 'past', 'week', 'have', 'been', 'unable', 'access', 'balance', 'transfer', 'funds', 'situation', 'causing', 'considerable', 'concern', 'inconvenience', 'cannot', 'access', 'money', 'timely', 'manner', 'has', 'resulted', 'late', 'payments', 'loss', 'confidence', 'trust', 'furthermore', 'have', 'not', 'received', 'response', 'message', 'customer', 'support', 'team']",-0.05,-0.09285714285714285,0.5785714285714285,negative,
I can't download this app please assist how it can be downloaded,CBE Bank,['please'],"['can', 'download', 'please', 'assist', 'how', 'can', 'downloaded']",0.3182,0.0,0.0,positive,
🤙,CBE Bank,[],[],0.0,0.0,0.0,neutral,
accessibility need to be taken seriously. There are people excluded because of inaccessible apps.,CBE Bank,"['accessibility', 'need', 'people', 'apps']","['accessibility', 'need', 'taken', 'seriously', 'there', 'people', 'excluded', 'because', 'inaccessible', 'apps']",-0.4767,-0.3333333333333333,0.6666666666666666,negative,
nice,CBE Bank,[],['nice'],0.4215,0.6,1.0,positive,
good,CBE Bank,[],['good'],0.4404,0.7,0.6000000000000001,positive,
it's has an issue,CBE Bank,['issue'],"['has', 'issue']",0.0,0.0,0.0,neutral,
I customer for commercial bank of Ethiopia I trade,CBE Bank,"['customer', 'bank', 'ethiopia']","['customer', 'for', 'commercial', 'bank', 'ethiopia', 'trade']",0.0,0.0,0.0,neutral,
sestemaa siresun osoo manaa banki hindemne namnii barbade national id isa fayadamee osoo banachun danda'ame bayye nammati tola live event qabate,CBE Bank,"['sestemaa', 'siresun', 'osoo', 'manaa', 'banki', 'hindemne', 'isa', 'fayadamee', 'osoo', 'banachun', ""danda'ame"", 'bayye', 'tola', 'event', 'qabate']","['sestemaa', 'siresun', 'osoo', 'manaa', 'banki', 'hindemne', 'namnii', 'barbade', 'national', 'isa', 'fayadamee', 'osoo', 'banachun', 'danda', 'ame', 'bayye', 'nammati', 'tola', 'live', 'event', 'qabate']",0.0,0.13636363636363635,0.5,neutral,
pls speedup for quick uses,CBE Bank,"['pls', 'speedup', 'uses']","['pls', 'speedup', 'for', 'quick', 'uses']",0.0772,0.3333333333333333,0.5,positive,
Pls facilitate transfer to telebirr agent,CBE Bank,"['pls', 'facilitate', 'transfer', 'agent']","['pls', 'facilitate', 'transfer', 'telebirr', 'agent']",0.0772,0.0,0.0,positive,
"before, it was nice. now it does not work and crash automatically",CBE Bank,[],"['before', 'nice', 'now', 'does', 'not', 'work', 'crash', 'automatically']",0.6197,0.6,1.0,positive,
does not working well,CBE Bank,[],"['does', 'not', 'working', 'well']",-0.2057,0.0,0.0,negative,
good,CBE Bank,[],['good'],0.4404,0.7,0.6000000000000001,positive,
ok,CBE Bank,[],[],0.296,0.5,0.5,positive,
"life longe bank CBE , Save & change your life.",CBE Bank,"['life', 'longe', 'bank', 'cbe', 'save', 'life']","['life', 'longe', 'bank', 'cbe', 'save', 'change', 'your', 'life']",0.4939,0.0,0.0,positive,
keeps on saying bucket override when I try to pay henon school fee,CBE Bank,"['keeps', 'bucket', 'school', 'fee']","['keeps', 'saying', 'bucket', 'override', 'when', 'try', 'pay', 'henon', 'school', 'fee']",-0.1027,0.0,0.0,negative,
Factory reset made me to lose my pin to login to my account!,CBE Bank,"['factory', 'reset', 'pin', 'account']","['factory', 'reset', 'made', 'lose', 'pin', 'login', 'account']",-0.4574,0.0,0.0,negative,
This is app is not fast and not working well in all android phone. eg it is not functioning well using one plus phone.,CBE Bank,"['phone', 'phone']","['not', 'fast', 'not', 'working', 'well', 'all', 'android', 'phone', 'not', 'functioning', 'well', 'using', 'one', 'plus', 'phone']",-0.3875,-0.1,0.6,negative,
gooooodddd.....,CBE Bank,"['gooooodddd', '.....']",['gooooodddd'],0.0,0.0,0.0,neutral,
it's v good app sometimes there is a problem on other bank transfers,CBE Bank,"['problem', 'bank', 'transfers']","['good', 'sometimes', 'there', 'problem', 'other', 'bank', 'transfers']",0.0516,0.2875,0.48750000000000004,positive,
nice app,CBE Bank,[],['nice'],0.4215,0.6,1.0,positive,
very nice app,CBE Bank,[],['nice'],0.4754,0.78,1.0,positive,
ok,CBE Bank,[],[],0.296,0.5,0.5,positive,
it looks fantasy,CBE Bank,[],"['looks', 'fantasy']",0.0,0.0,0.0,neutral,
it is more convenient app,CBE Bank,[],"['more', 'convenient']",0.0,0.5,0.5,neutral,
nice app,CBE Bank,[],['nice'],0.4215,0.6,1.0,positive,
it's best app to use recently and upgraded day to day for internationalization,CBE Bank,"['day', 'day', 'internationalization']","['best', 'use', 'recently', 'upgraded', 'day', 'day', 'for', 'internationalization']",0.6369,0.5,0.275,positive,
its good,CBE Bank,[],"['its', 'good']",0.4404,0.7,0.6000000000000001,positive,
korsa,CBE Bank,['korsa'],['korsa'],0.0,0.0,0.0,neutral,
CBE does not offer anything international.,CBE Bank,"['cbe', 'anything']","['cbe', 'does', 'not', 'offer', 'anything', 'international']",0.0,0.0,0.0,neutral,
Absolute garbage,CBE Bank,"['absolute', 'garbage']","['absolute', 'garbage']",0.0,0.2,0.9,neutral,
"im having a terrible experience with this app, im getting 'unable to connect' error, this happened for a while now and they didnt fix it, it is so unreliable in times i need it that i have to resort to using ussd code instead of it. please fix this issue",CBE Bank,"['experience', 'error', 'while', 'times', 'code', 'issue']","['having', 'terrible', 'experience', 'with', 'getting', 'unable', 'connect', 'error', 'happened', 'for', 'while', 'now', 'didnt', 'fix', 'unreliable', 'times', 'need', 'have', 'resort', 'using', 'ussd', 'code', 'instead', 'please', 'fix', 'issue']",-0.5423,-0.75,0.75,negative,
አሪፍ ነው,CBE Bank,['አሪፍ'],['አሪፍ'],0.0,0.0,0.0,neutral,
I have 1 year and thank you for yo ur genuine service,CBE Bank,"['year', 'thank', 'genuine', 'service']","['have', 'year', 'thank', 'for', 'genuine', 'service']",0.3612,0.4,0.5,positive,
it is the best application in the Ethiopia I like it this,CBE Bank,['ethiopia'],"['best', 'ethiopia', 'like']",0.7717,1.0,0.3,positive,
excellent,CBE Bank,['excellent'],['excellent'],0.5719,1.0,1.0,positive,
Excellent,CBE Bank,['excellent'],['excellent'],0.5719,1.0,1.0,positive,
ካየህዋቸው ተመሳሳይ መተግበርያዎች በጣም ጥሩ መተግበርያ ነው,CBE Bank,"['ተመሳሳይ', 'መተግበርያዎች', 'መተግበርያ']","['ካየህዋቸው', 'ተመሳሳይ', 'መተግበርያዎች', 'መተግበርያ']",0.0,0.0,0.0,neutral,
super spp,CBE Bank,"['super', 'spp']","['super', 'spp']",0.5994,0.3333333333333333,0.6666666666666666,positive,
i like cbe service,CBE Bank,"['cbe', 'service']","['like', 'cbe', 'service']",0.3612,0.0,0.0,positive,
best bank for Android application form market place and key number,CBE Bank,"['bank', 'android', 'form', 'market', 'place', 'number']","['best', 'bank', 'for', 'android', 'form', 'market', 'place', 'key', 'number']",0.6705,0.5,0.65,positive,
good job,CBE Bank,['job'],"['good', 'job']",0.4404,0.7,0.6000000000000001,positive,
"Trasaction history not sorted in time basis, besides the hilight transaction and its details which is found by clicking the highht transaction are diffrent. Generally, the tansaction history page has a critical problem",CBE Bank,"['trasaction', 'history', 'time', 'basis', 'transaction', 'details', 'transaction', 'diffrent', 'tansaction', 'history', 'page', 'problem']","['trasaction', 'history', 'not', 'sorted', 'time', 'basis', 'besides', 'hilight', 'transaction', 'its', 'details', 'which', 'found', 'clicking', 'highht', 'transaction', 'diffrent', 'generally', 'tansaction', 'history', 'page', 'has', 'critical', 'problem']",-0.6124,0.02500000000000001,0.65,negative,
Rtgs limit very small,CBE Bank,"['rtgs', 'limit']","['rtgs', 'limit', 'small']",0.0,-0.325,0.52,neutral,
good,CBE Bank,[],['good'],0.4404,0.7,0.6000000000000001,positive,
የጣት አሻራ አገልግሎት አላገኘሁም። አጠቃቀሙ ጠፍቶኝ ይሆን?,CBE Bank,"['አሻራ', 'አገልግሎት', 'አላገኘሁም።', 'አጠቃቀሙ', 'ጠፍቶኝ', 'ይሆን']","['የጣት', 'አሻራ', 'አገልግሎት', 'አላገኘሁም', 'አጠቃቀሙ', 'ጠፍቶኝ', 'ይሆን']",0.0,0.0,0.0,neutral,
good,CBE Bank,[],['good'],0.4404,0.7,0.6000000000000001,positive,
very bad experience as its very slow,CBE Bank,['experience'],"['bad', 'experience', 'its', 'slow']",-0.5849,-0.6499999999999999,0.6933333333333334,negative,
Good&fast,CBE Bank,"['good', 'fast']","['good', 'fast']",0.0,0.0,0.0,neutral,
good,CBE Bank,[],['good'],0.4404,0.7,0.6000000000000001,positive,
i luv it,CBE Bank,[],['luv'],0.0,0.0,0.0,neutral,
very nice 👌,CBE Bank,[],['nice'],0.4754,0.78,1.0,positive,
اليش يتعخر معرف والله,CBE Bank,"['يتعخر', 'معرف', 'والله']","['اليش', 'يتعخر', 'معرف', 'والله']",0.0,0.0,0.0,neutral,
good application 💯💯💯.,CBE Bank,['💯💯💯'],['good'],0.4404,0.7,0.6000000000000001,positive,
best,CBE Bank,[],['best'],0.6369,1.0,0.3,positive,
good app,CBE Bank,[],['good'],0.4404,0.7,0.6000000000000001,positive,
good,CBE Bank,[],['good'],0.4404,0.7,0.6000000000000001,positive,
ok,CBE Bank,[],[],0.296,0.5,0.5,positive,
it cost us a lot just by transfer and in other way not fair,CBE Bank,"['lot', 'transfer', 'way']","['cost', 'lot', 'just', 'transfer', 'other', 'way', 'not', 'fair']",-0.2411,-0.2375,0.6375,negative,
Great app,CBE Bank,['great'],['great'],0.6249,0.8,0.75,positive,
Interesting app,CBE Bank,[],['interesting'],0.4019,0.5,0.5,positive,
ok,CBE Bank,[],[],0.296,0.5,0.5,positive,
"i didn't get feed back through message ,Why so?",CBE Bank,['message'],"['didn', 'get', 'feed', 'back', 'through', 'message', 'why']",0.0,0.0,0.0,neutral,
good and fast,CBE Bank,[],"['good', 'fast']",0.4404,0.44999999999999996,0.6000000000000001,positive,
"v, good",CBE Bank,[],['good'],0.4404,0.7,0.6000000000000001,positive,
Nice App,CBE Bank,['nice'],['nice'],0.4215,0.6,1.0,positive,
best,CBE Bank,[],['best'],0.6369,1.0,0.3,positive,
"Very secured, fast and favourable",CBE Bank,[],"['secured', 'fast', 'favourable']",0.4576,0.2,0.44999999999999996,positive,
owww cbe,CBE Bank,"['owww', 'cbe']","['owww', 'cbe']",0.0,0.0,0.0,neutral,
perfect app,CBE Bank,[],['perfect'],0.5719,1.0,1.0,positive,
this secure app of all Ethiopia mobile banking ever.,CBE Bank,"['secure', 'ethiopia', 'mobile', 'banking']","['secure', 'all', 'ethiopia', 'mobile', 'banking', 'ever']",0.34,0.4,0.6,positive,
ok,CBE Bank,[],[],0.296,0.5,0.5,positive,
is good,CBE Bank,[],['good'],0.4404,0.7,0.6000000000000001,positive,
Number One App,CBE Bank,['number'],"['number', 'one']",0.0772,0.0,0.0,positive,
it good. to get services,CBE Bank,['services'],"['good', 'get', 'services']",0.4404,0.7,0.6000000000000001,positive,
good,CBE Bank,[],['good'],0.4404,0.7,0.6000000000000001,positive,
it's good app for ease of access mobile banking transaction and use our time properly!,CBE Bank,"['ease', 'access', 'banking', 'transaction', 'time']","['good', 'for', 'ease', 'access', 'mobile', 'banking', 'transaction', 'use', 'our', 'time', 'properly']",0.69,0.35,0.35000000000000003,positive,
"pls make an option fingerprint Biometric payment only, it's fast and secure to pay",CBE Bank,"['pls', 'option', 'fingerprint', 'biometric', 'payment']","['pls', 'make', 'option', 'fingerprint', 'biometric', 'payment', 'only', 'fast', 'secure', 'pay']",0.3182,0.20000000000000004,0.7333333333333334,positive,
በጣም ቀላልና ፈጣን ለመጠቀም ወድጀዋለሁ,CBE Bank,"['ቀላልና', 'ፈጣን', 'ለመጠቀም', 'ወድጀዋለሁ']","['ቀላልና', 'ፈጣን', 'ለመጠቀም', 'ወድጀዋለሁ']",0.0,0.0,0.0,neutral,
I love this up to much eollahi,CBE Bank,['eollahi'],"['love', 'much', 'eollahi']",0.6369,0.35,0.4,positive,
I hope this bank have excellent Mobile app but still not easy and not working in holidays why,CBE Bank,"['bank', 'mobile', 'holidays']","['hope', 'bank', 'have', 'excellent', 'mobile', 'still', 'not', 'easy', 'not', 'working', 'holidays', 'why']",-0.3788,0.39166666666666666,0.9166666666666667,negative,
"It's a great, easy-to-use, very convenient and secure app.",CBE Bank,[],"['great', 'easy', 'use', 'convenient', 'secure']",0.7759,0.4666666666666666,0.5499999999999999,positive,
Good Job,CBE Bank,['job'],"['good', 'job']",0.4404,0.7,0.6000000000000001,positive,
best,CBE Bank,[],['best'],0.6369,1.0,0.3,positive,
best,CBE Bank,[],['best'],0.6369,1.0,0.3,positive,
it's so use full and secure 👍💪👌,CBE Bank,['👍💪👌'],"['use', 'full', 'secure']",0.34,0.375,0.575,positive,
"there should be atm voucher access included , and also the app crash sometimes .",CBE Bank,"['access', 'crash']","['there', 'should', 'atm', 'voucher', 'access', 'included', 'also', 'crash', 'sometimes']",-0.4019,0.0,0.0,negative,
ok,CBE Bank,[],[],0.296,0.5,0.5,positive,
"The app has some issues we need to have a place where we save our contacts where we usually send money to, after update I keep loosing all the important accounts.Also user needs to configure their notification types we want to receive either by email ,SMS or both. right now I don't get any notifications when I receive funds from companies.",CBE Bank,"['issues', 'place', 'contacts', 'money', 'accounts.also', 'needs', 'notification', 'email', 'sms', 'right', 'notifications', 'funds', 'companies']","['has', 'some', 'issues', 'need', 'have', 'place', 'where', 'save', 'our', 'contacts', 'where', 'usually', 'send', 'money', 'after', 'update', 'keep', 'loosing', 'all', 'important', 'accounts', 'also', 'user', 'needs', 'configure', 'their', 'notification', 'types', 'want', 'receive', 'either', 'email', 'sms', 'both', 'right', 'now', 'don', 'get', 'any', 'notifications', 'when', 'receive', 'funds', 'from', 'companies']",0.6486,0.14523809523809525,0.5952380952380952,positive,
after the the recent update the app not responding. even transfer to telebirr isn't working.,CBE Bank,['update'],"['after', 'recent', 'update', 'not', 'responding', 'even', 'transfer', 'telebirr', 'isn', 'working']",0.0,0.0,0.25,neutral,
Need more additional future include for now it's not bad,CBE Bank,['future'],"['need', 'more', 'additional', 'future', 'include', 'for', 'now', 'not', 'bad']",0.431,0.28333333333333327,0.4305555555555555,positive,
I don't like. I can't make transfer to my own telebirr,CBE Bank,"['transfer', 'telebirr']","['don', 'like', 'can', 'make', 'transfer', 'own', 'telebirr']",-0.2755,0.6,1.0,negative,
lag and stack not quick response 😞😞,CBE Bank,"['lag', 'stack', 'response']","['lag', 'stack', 'not', 'quick', 'response']",-0.34,-0.16666666666666666,0.5,negative,
Best app.,CBE Bank,['best'],['best'],0.6369,1.0,0.3,positive,
"This application was not that great, and its performance has unfortunately declined further. For the past week, I have been unable to access my balance or transfer funds. This situation is causing considerable concern and inconvenience, as I cannot access my money in a timely manner. This has resulted in late payments and a loss of confidence and trust. Furthermore, I have not received a response to my message to the customer support team",CBE Bank,"['performance', 'week', 'access', 'balance', 'funds', 'situation', 'concern', 'inconvenience', 'access', 'money', 'manner', 'payments', 'loss', 'confidence', 'trust', 'furthermore', 'response', 'message', 'customer', 'support', 'team']","['not', 'great', 'its', 'performance', 'has', 'unfortunately', 'declined', 'further', 'for', 'past', 'week', 'have', 'been', 'unable', 'access', 'balance', 'transfer', 'funds', 'situation', 'causing', 'considerable', 'concern', 'inconvenience', 'cannot', 'access', 'money', 'timely', 'manner', 'has', 'resulted', 'late', 'payments', 'loss', 'confidence', 'trust', 'furthermore', 'have', 'not', 'received', 'response', 'message', 'customer', 'support', 'team']",-0.05,-0.09285714285714285,0.5785714285714285,negative,
Very good,CBE Bank,[],['good'],0.4927,0.9099999999999999,0.7800000000000001,positive,
አዲሱ ገጽታው በጣም ያስጠላል። ለአይን ይከብዳል። ወደነበረበት ብትመልሱት።,CBE Bank,"['ገጽታው', 'ያስጠላል።', 'ለአይን', 'ይከብዳል።', 'ወደነበረበት', 'ብትመልሱት።']","['አዲሱ', 'ገጽታው', 'ያስጠላል', 'ለአይን', 'ይከብዳል', 'ወደነበረበት', 'ብትመልሱት']",0.0,0.0,0.0,neutral,
I like it but sometimes there is a system error,CBE Bank,"['system', 'error']","['like', 'sometimes', 'there', 'system', 'error']",-0.4215,0.0,0.0,negative,
good,CBE Bank,[],['good'],0.4404,0.7,0.6000000000000001,positive,
"the app keeps asking for update, even after being updated",CBE Bank,"['keeps', 'update']","['keeps', 'asking', 'for', 'update', 'even', 'after', 'being', 'updated']",0.0,0.0,0.0,neutral,
good,CBE Bank,[],['good'],0.4404,0.7,0.6000000000000001,positive,
tel birr,CBE Bank,"['tel', 'birr']","['tel', 'birr']",0.0,0.0,0.0,neutral,
Good !,CBE Bank,[],['good'],0.4926,0.875,0.6000000000000001,positive,
good,CBE Bank,[],['good'],0.4404,0.7,0.6000000000000001,positive,
good,CBE Bank,[],['good'],0.4404,0.7,0.6000000000000001,positive,
very good cbe app,CBE Bank,['cbe'],"['good', 'cbe']",0.4927,0.9099999999999999,0.7800000000000001,positive,
halaba kuleto,CBE Bank,"['halaba', 'kuleto']","['halaba', 'kuleto']",0.0,0.0,0.0,neutral,
best app ever,CBE Bank,[],"['best', 'ever']",0.6369,1.0,0.3,positive,
like,CBE Bank,[],['like'],0.3612,0.0,0.0,positive,
the best,CBE Bank,[],['best'],0.6369,1.0,0.3,positive,
good app but it needs more languages do it with more than four languages,CBE Bank,"['languages', 'languages']","['good', 'needs', 'more', 'languages', 'with', 'more', 'than', 'four', 'languages']",0.2382,0.5666666666666667,0.5333333333333333,positive,
good work,CBE Bank,['work'],"['good', 'work']",0.4404,0.7,0.6000000000000001,positive,
ok,CBE Bank,[],[],0.296,0.5,0.5,positive,
wow app.The developers make improvements every time.,CBE Bank,"['wow', 'app.the', 'developers', 'improvements', 'time']","['wow', 'developers', 'make', 'improvements', 'every', 'time']",0.7269,0.1,1.0,positive,
nice and perfect,CBE Bank,[],"['nice', 'perfect']",0.7579,0.8,1.0,positive,
best experience,CBE Bank,['experience'],"['best', 'experience']",0.6369,1.0,0.3,positive,
What's wrong after i update the app unable to open,CBE Bank,[],"['what', 'wrong', 'after', 'update', 'unable', 'open']",-0.4767,-0.3333333333333333,0.6333333333333333,negative,
good,CBE Bank,[],['good'],0.4404,0.7,0.6000000000000001,positive,
👍👍it is good. pls Hide the amount that appear on the top when we need to transfer🙏,CBE Bank,"['👍👍it', 'amount']","['good', 'pls', 'hide', 'amount', 'appear', 'top', 'when', 'need', 'transfer']",0.5106,0.6,0.55,positive,
not sure at the moment,CBE Bank,['moment'],"['not', 'sure', 'moment']",-0.2411,-0.25,0.8888888888888888,negative,
Good,CBE Bank,[],['good'],0.4404,0.7,0.6000000000000001,positive,
it's the best app i have every seen it is fast and securty,CBE Bank,['securty'],"['best', 'have', 'every', 'seen', 'fast', 'securty']",0.6369,0.6,0.44999999999999996,positive,
Useful apps,CBE Bank,['apps'],"['useful', 'apps']",0.4404,0.3,0.0,positive,
easy to use,CBE Bank,[],"['easy', 'use']",0.4404,0.43333333333333335,0.8333333333333334,positive,
waw,CBE Bank,['waw'],['waw'],0.0,0.0,0.0,neutral,
"This app used to work well, but now it constantly shows an error saying it can’t load my accounts and tells me to visit a branch. I’m not even in the country, so that’s not possible. The app has frequent issues and needs better reliability and remote support options.",CBE Bank,"['error', 'load', 'accounts', 'tells', 'branch', 'country', 'issues', 'needs', 'reliability', 'support', 'options']","['used', 'work', 'well', 'now', 'constantly', 'shows', 'error', 'saying', 'can', 'load', 'accounts', 'tells', 'visit', 'branch', 'not', 'even', 'country', 'not', 'possible', 'has', 'frequent', 'issues', 'needs', 'better', 'reliability', 'remote', 'support', 'options']",0.6597,0.1,0.4666666666666667,positive,
nice,CBE Bank,[],['nice'],0.4215,0.6,1.0,positive,
good,CBE Bank,[],['good'],0.4404,0.7,0.6000000000000001,positive,
I am very comfortable because we can easily access various transfer services that we used to have to go to the bank.,CBE Bank,"['access', 'transfer', 'services', 'bank']","['comfortable', 'because', 'can', 'easily', 'access', 'various', 'transfer', 'services', 'used', 'have', 'bank']",0.7178,0.31777777777777777,0.7777777777777778,positive,
ok,CBE Bank,[],[],0.296,0.5,0.5,positive,
i am so happy,CBE Bank,[],['happy'],0.6115,0.8,1.0,positive,
good,CBE Bank,[],['good'],0.4404,0.7,0.6000000000000001,positive,
good app,CBE Bank,[],['good'],0.4404,0.7,0.6000000000000001,positive,
good job,CBE Bank,['job'],"['good', 'job']",0.4404,0.7,0.6000000000000001,positive,
best,CBE Bank,[],['best'],0.6369,1.0,0.3,positive,
I'm from Ethiopia and proud of CBE service app.,CBE Bank,"['ethiopia', 'proud', 'cbe', 'service']","['from', 'ethiopia', 'proud', 'cbe', 'service']",0.4767,0.8,1.0,positive,
I am successful with app,CBE Bank,[],"['successful', 'with']",0.5859,0.75,0.95,positive,
everything is boaring the previous one is good,CBE Bank,['everything'],"['everything', 'boaring', 'previous', 'one', 'good']",0.4404,0.26666666666666666,0.38333333333333336,positive,
The recent update is trash. I couldn't refresh the page. It's not even trying to sync. Please fix the bug and release a clean version.,CBE Bank,"['update', 'page', 'please', 'bug', 'version']","['recent', 'update', 'trash', 'couldn', 'refresh', 'page', 'not', 'even', 'trying', 'sync', 'please', 'fix', 'bug', 'release', 'clean', 'version']",0.6124,0.18333333333333335,0.47500000000000003,positive,
ወከቀቀ,CBE Bank,['ወከቀቀ'],['ወከቀቀ'],0.0,0.0,0.0,neutral,
Nice,CBE Bank,['nice'],['nice'],0.4215,0.6,1.0,positive,
This app is very good and helpful I am Happy working with cbe mobile banking tanx all members and I am ready invite all my family and friends ❤️,CBE Bank,"['banking', 'members', 'invite', 'family', 'friends']","['good', 'helpful', 'happy', 'working', 'with', 'cbe', 'mobile', 'banking', 'tanx', 'all', 'members', 'ready', 'invite', 'all', 'family', 'friends']",0.9447,0.6366666666666666,0.7600000000000001,positive,
Samsung A-5360 is not my device and i did not opened by this,CBE Bank,"['samsung', 'a-5360', 'device']","['samsung', '5360', 'not', 'device', 'did', 'not', 'opened']",0.0,0.0,0.0,neutral,
notwork totransferto other,CBE Bank,"['notwork', 'totransferto']","['notwork', 'totransferto', 'other']",0.0,-0.125,0.375,neutral,
የCommercial Bank of Ethiopia ሞባይል ባንኪንግ አገልግሎት በአጠቃላይ ጠቃሚ ነው፣ ግን አንድ ችግር አጋጥሞኛል። የሂሳብ ቁጥር በምናስገባበት ሳጥን ላይ “Mr” ወይም “Mrs” ከሚለው ቀጥሎ ያለውን ስም ለማስገባት ስፔስ (space) መጠቀም አይቻልም። ይህ ተጠቃሚዎችን ስም ትክክለኛ ለማስገባት እንዲቸገሩ ያደርጋል። እባክዎ በዚህ ክፍል ስፔስ መጠቀም እንዲቻል ወይም የስም መሙያ ስርዓቱን እንዲሻሻል ቢያደርጉ በጣም ጥሩ ይሆናል።,CBE Bank,"['bank', 'ethiopia', 'ሞባይል', 'ባንኪንግ', 'አገልግሎት', 'በአጠቃላይ', 'ጠቃሚ', 'ነው፣', 'አንድ', 'ችግር', 'አጋጥሞኛል።', 'የሂሳብ', 'ቁጥር', 'በምናስገባበት', 'ሳጥን', 'ወይም', 'mrs', 'ከሚለው', 'ቀጥሎ', 'ያለውን', 'ለማስገባት', 'ስፔስ', 'space', 'ይሆናል።']","['የcommercial', 'bank', 'ethiopia', 'ሞባይል', 'ባንኪንግ', 'አገልግሎት', 'በአጠቃላይ', 'ጠቃሚ', 'አንድ', 'ችግር', 'አጋጥሞኛል', 'የሂሳብ', 'ቁጥር', 'በምናስገባበት', 'ሳጥን', 'ወይም', 'mrs', 'ከሚለው', 'ቀጥሎ', 'ያለውን', 'ለማስገባት', 'ስፔስ', 'space', 'መጠቀም', 'አይቻልም', 'ተጠቃሚዎችን', 'ትክክለኛ', 'ለማስገባት', 'እንዲቸገሩ', 'ያደርጋል', 'እባክዎ', 'በዚህ', 'ክፍል', 'ስፔስ', 'መጠቀም', 'እንዲቻል', 'ወይም', 'የስም', 'መሙያ', 'ስርዓቱን', 'እንዲሻሻል', 'ቢያደርጉ', 'ይሆናል']",0.0,0.0,0.0,neutral,
🫶👍🙏,CBE Bank,['🫶👍🙏'],[],0.0,0.0,0.0,neutral,
ok,CBE Bank,[],[],0.296,0.5,0.5,positive,
good,CBE Bank,[],['good'],0.4404,0.7,0.6000000000000001,positive,
ok,CBE Bank,[],[],0.296,0.5,0.5,positive,
nice,CBE Bank,[],['nice'],0.4215,0.6,1.0,positive,
i like it,CBE Bank,[],['like'],0.3612,0.0,0.0,positive,
ok,CBE Bank,[],[],0.296,0.5,0.5,positive,
unable to use it is not performed well,CBE Bank,[],"['unable', 'use', 'not', 'performed', 'well']",-0.2057,-0.5,0.5,negative,
cbe mobile app best app,CBE Bank,['cbe'],"['cbe', 'mobile', 'best']",0.6369,1.0,0.3,positive,
"easy for use,and good privacy",CBE Bank,"['easy', 'use', 'privacy']","['easy', 'for', 'use', 'good', 'privacy']",0.7003,0.5666666666666667,0.7166666666666668,positive,
amazing,CBE Bank,[],['amazing'],0.5859,0.6000000000000001,0.9,positive,
i really judged this app. 99% were profit exclusive for others only with organization benefit.,CBE Bank,"['others', 'organization', 'benefit']","['really', 'judged', 'profit', 'exclusive', 'for', 'others', 'only', 'with', 'organization', 'benefit']",0.7506,0.1,0.6,positive,
Good,CBE Bank,[],['good'],0.4404,0.7,0.6000000000000001,positive,
"It is so good,and easy to use.",CBE Bank,[],"['good', 'easy', 'use']",0.4902,0.43333333333333335,0.8333333333333334,positive,
great app,CBE Bank,[],['great'],0.6249,0.8,0.75,positive,
update is not downgrade. its literally not working,CBE Bank,['update'],"['update', 'not', 'downgrade', 'its', 'literally', 'not', 'working']",0.0,0.0,0.0,neutral,
Please consider optimizing the app for Huawei Mobile Services (HMS). It doesn't work after the update.,CBE Bank,"['please', 'huawei', 'mobile', 'services', 'hms', 'update']","['please', 'consider', 'optimizing', 'for', 'huawei', 'mobile', 'services', 'hms', 'doesn', 'work', 'after', 'update']",0.6486,0.0,0.0,positive,
please use the cute ui as a professional developer,CBE Bank,"['please', 'cute', 'developer']","['please', 'use', 'cute', 'professional', 'developer']",0.6486,0.3,0.55,positive,
Daily Of the day Transfer Limit Restriction If there wasn't If it didn't have Very Extremely Happy We would be.,CBE Bank,"['daily', 'day', 'transfer', 'limit', 'restriction']","['daily', 'day', 'transfer', 'limit', 'restriction', 'there', 'wasn', 'didn', 'have', 'extremely', 'happy', 'would']",0.489,0.4,0.5,positive,
best,CBE Bank,[],['best'],0.6369,1.0,0.3,positive,
Amazing,CBE Bank,[],['amazing'],0.5859,0.6000000000000001,0.9,positive,
worst apk for a big bank,CBE Bank,"['apk', 'bank']","['worst', 'apk', 'for', 'big', 'bank']",-0.6249,-0.5,0.55,negative,
doesn't work properly with safaricom network.,CBE Bank,['network'],"['doesn', 'work', 'properly', 'with', 'safaricom', 'network']",0.0,0.0,0.1,neutral,
"The app forcefully made me an update, since then every time I try to make a payment it keeps bugging and failing non stop. please fix that . this is a big company not a start up .",CBE Bank,"['update', 'time', 'payment', 'stop', 'company', 'start']","['forcefully', 'made', 'update', 'since', 'then', 'every', 'time', 'try', 'make', 'payment', 'keeps', 'bugging', 'failing', 'non', 'stop', 'please', 'fix', 'big', 'company', 'not', 'start']",-0.4939,0.0,0.1,negative,
good,CBE Bank,[],['good'],0.4404,0.7,0.6000000000000001,positive,
I found that when i am using safaricom network the app keeps crashing a lot and not working and as soon as i change the network it will work smoothly so make is a lot compatible with the safaricom network service.,CBE Bank,"['safaricom', 'network', 'lot', 'network', 'lot', 'safaricom', 'network', 'service']","['found', 'when', 'using', 'safaricom', 'network', 'keeps', 'crashing', 'lot', 'not', 'working', 'soon', 'change', 'network', 'will', 'work', 'smoothly', 'make', 'lot', 'compatible', 'with', 'safaricom', 'network', 'service']",0.0,0.4,0.5,neutral,
go ahead,CBE Bank,[],['ahead'],0.0,0.0,0.0,neutral,
it's better than before,CBE Bank,[],"['better', 'than', 'before']",0.4404,0.5,0.5,positive,
nice,CBE Bank,[],['nice'],0.4215,0.6,1.0,positive,
Good,CBE Bank,[],['good'],0.4404,0.7,0.6000000000000001,positive,
excellent app,CBE Bank,[],['excellent'],0.5719,1.0,1.0,positive,
CBE not compare to others,CBE Bank,"['cbe', 'others']","['cbe', 'not', 'compare', 'others']",0.0,0.0,0.0,neutral,
Great,CBE Bank,['great'],['great'],0.6249,0.8,0.75,positive,
good,CBE Bank,[],['good'],0.4404,0.7,0.6000000000000001,positive,
nice app thanks,CBE Bank,['thanks'],"['nice', 'thanks']",0.6908,0.4,0.6,positive,
good service,CBE Bank,['service'],"['good', 'service']",0.4404,0.7,0.6000000000000001,positive,
good,CBE Bank,[],['good'],0.4404,0.7,0.6000000000000001,positive,
It's not working after the update it doesn't open at all,CBE Bank,[],"['not', 'working', 'after', 'update', 'doesn', 'open', 'all']",0.0,0.0,0.5,neutral,
good,CBE Bank,[],['good'],0.4404,0.7,0.6000000000000001,positive,
Tamam Yunus Guddata,CBE Bank,"['tamam', 'yunus', 'guddata']","['tamam', 'yunus', 'guddata']",0.0,0.0,0.0,neutral,
it's no functional problem,CBE Bank,['problem'],"['functional', 'problem']",-0.5994,0.0,0.0,negative,
good 👍,CBE Bank,[],['good'],0.4404,0.7,0.6000000000000001,positive,
nice bank,CBE Bank,['bank'],"['nice', 'bank']",0.4215,0.6,1.0,positive,
usefull app,CBE Bank,[],['usefull'],0.0,0.0,0.0,neutral,
excellent app,CBE Bank,[],['excellent'],0.5719,1.0,1.0,positive,
misraqe,CBE Bank,['misraqe'],['misraqe'],0.0,0.0,0.0,neutral,
why it alaways asked me to update every second when I log in.,CBE Bank,[],"['why', 'alaways', 'asked', 'update', 'every', 'second', 'when', 'log']",0.0,0.0,0.0,neutral,
pls update my cbe mobile banking,CBE Bank,"['pls', 'cbe', 'mobile', 'banking']","['pls', 'update', 'cbe', 'mobile', 'banking']",0.0772,0.0,0.0,positive,
hiote tegayede,CBE Bank,"['hiote', 'tegayede']","['hiote', 'tegayede']",0.0,0.0,0.0,neutral,
"Easy, secure and user friend",CBE Bank,"['easy', 'secure', 'user', 'friend']","['easy', 'secure', 'user', 'friend']",0.8176,0.4166666666666667,0.7166666666666667,positive,
nice,CBE Bank,[],['nice'],0.4215,0.6,1.0,positive,
good,CBE Bank,[],['good'],0.4404,0.7,0.6000000000000001,positive,
መስተካከል አለብት ብዩ አስታየት የም ሰጠው አካውንንት በስም ሲፈለግ mr ብሎ ቀጣይ ስም ለመፃፍ እስፔስም አይፈቅድ ቀጣዩ ፊደልም ሲፃፍ አይፅፍም ይሄ ቢስተካከል ይበልጥ ቀላል የረገዋል ብዩ አስበለው,CBE Bank,"['አለብት', 'አስታየት', 'ሰጠው', 'አካውንንት', 'በስም', 'ሲፈለግ', 'ቀጣይ', 'ለመፃፍ', 'እስፔስም', 'አይፈቅድ', 'ቀጣዩ', 'ፊደልም', 'ሲፃፍ', 'አይፅፍም', 'ቢስተካከል', 'ይበልጥ', 'ቀላል', 'የረገዋል', 'አስበለው']","['መስተካከል', 'አለብት', 'አስታየት', 'ሰጠው', 'አካውንንት', 'በስም', 'ሲፈለግ', 'ቀጣይ', 'ለመፃፍ', 'እስፔስም', 'አይፈቅድ', 'ቀጣዩ', 'ፊደልም', 'ሲፃፍ', 'አይፅፍም', 'ቢስተካከል', 'ይበልጥ', 'ቀላል', 'የረገዋል', 'አስበለው']",0.0,0.0,0.0,neutral,
Good app,CBE Bank,[],['good'],0.4404,0.7,0.6000000000000001,positive,
Good Application,CBE Bank,[],['good'],0.4404,0.7,0.6000000000000001,positive,
easy to use but hard to find easily,CBE Bank,[],"['easy', 'use', 'hard', 'find', 'easily']",0.5346,0.19166666666666665,0.7361111111111112,positive,
nice,CBE Bank,[],['nice'],0.4215,0.6,1.0,positive,
fixed problem,CBE Bank,['problem'],"['fixed', 'problem']",-0.4019,0.1,0.2,negative,
በእውነት የሚገርም app ነው ነገሮችን ሁሉ ቀለል ያደርጋል,CBE Bank,"['የሚገርም', 'ነገሮችን', 'ቀለል', 'ያደርጋል']","['በእውነት', 'የሚገርም', 'ነገሮችን', 'ቀለል', 'ያደርጋል']",0.0,0.0,0.0,neutral,
good,CBE Bank,[],['good'],0.4404,0.7,0.6000000000000001,positive,
good,CBE Bank,[],['good'],0.4404,0.7,0.6000000000000001,positive,
best app,CBE Bank,[],['best'],0.6369,1.0,0.3,positive,
nice app.,CBE Bank,[],['nice'],0.4215,0.6,1.0,positive,
"While the option to create or cancel standing orders has been added, it is not functional. Similarly, adding a new beneficiary is also not working. Please fix.",CBE Bank,"['option', 'orders', 'beneficiary', 'please', 'fix']","['while', 'option', 'create', 'cancel', 'standing', 'orders', 'has', 'been', 'added', 'not', 'functional', 'similarly', 'adding', 'new', 'beneficiary', 'also', 'not', 'working', 'please', 'fix']",0.3045,0.06818181818181818,0.42727272727272725,positive,
Wonderful App ❤️❤️❤️ I love it,CBE Bank,['❤️❤️❤️'],"['wonderful', 'love']",0.836,0.75,0.8,positive,
i like it,CBE Bank,[],['like'],0.3612,0.0,0.0,positive,
This app has never been efficient at all,CBE Bank,[],"['has', 'never', 'been', 'efficient', 'all']",-0.3252,0.0,0.0,negative,
vary good app,CBE Bank,[],"['vary', 'good']",0.4404,0.7,0.6000000000000001,positive,
good,CBE Bank,[],['good'],0.4404,0.7,0.6000000000000001,positive,
good,CBE Bank,[],['good'],0.4404,0.7,0.6000000000000001,positive,
good,CBE Bank,[],['good'],0.4404,0.7,0.6000000000000001,positive,
best,CBE Bank,[],['best'],0.6369,1.0,0.3,positive,
I like so much,CBE Bank,[],"['like', 'much']",0.3612,0.2,0.2,positive,
goood g,CBE Bank,['goood'],['goood'],0.0,0.0,0.0,neutral,
best,CBE Bank,[],['best'],0.6369,1.0,0.3,positive,
features በጣም ወድጄዋለሁ ነገር ግን አንድ ችግር አይቼዋለሁ ።APPU DELETE በሆነ ጊዜ ቅርንጫፍ ማመላለሱና MB APPLICATION FORMAT ላይ በየጊዜው መፈረሙ አንድ ለባንኩ ወጪ ነው ሁለት ለደንበኞች Inconvenience ይፈጥራል አስተካክሉ,CBE Bank,"['features', 'ነገር', 'አንድ', 'ችግር', 'አይቼዋለሁ', '።appu', 'delete', 'በሆነ', 'ቅርንጫፍ', 'ማመላለሱና', 'format', 'በየጊዜው', 'መፈረሙ', 'አንድ', 'ለባንኩ', 'ሁለት', 'ለደንበኞች', 'inconvenience', 'ይፈጥራል', 'አስተካክሉ']","['features', 'ወድጄዋለሁ', 'ነገር', 'አንድ', 'ችግር', 'አይቼዋለሁ', 'appu', 'delete', 'በሆነ', 'ቅርንጫፍ', 'ማመላለሱና', 'format', 'በየጊዜው', 'መፈረሙ', 'አንድ', 'ለባንኩ', 'ሁለት', 'ለደንበኞች', 'inconvenience', 'ይፈጥራል', 'አስተካክሉ']",-0.3612,0.0,0.0,negative,
Best ever,CBE Bank,[],"['best', 'ever']",0.6369,1.0,0.3,positive,
thanks you so much 👍 okay I am going to be like in,CBE Bank,"['thanks', 'okay']","['thanks', 'much', 'okay', 'going', 'like']",0.7635,0.35,0.35,positive,
When I update this app there isn't working,CBE Bank,[],"['when', 'update', 'there', 'isn', 'working']",0.0,0.0,0.0,neutral,
አሪፍ አፕ ነው ገራሚ ሁኖ አግኝቼዋለሁ,CBE Bank,"['ገራሚ', 'አግኝቼዋለሁ']","['አሪፍ', 'ገራሚ', 'አግኝቼዋለሁ']",0.0,0.0,0.0,neutral,
is not work properly !!,CBE Bank,[],"['not', 'work', 'properly']",0.0,0.0,0.1,neutral,
ok,CBE Bank,[],[],0.296,0.5,0.5,positive,
yesisgood,CBE Bank,['yesisgood'],['yesisgood'],0.0,0.0,0.0,neutral,
iam happy excellent app,CBE Bank,"['iam', 'excellent']","['iam', 'happy', 'excellent']",0.8126,0.9,1.0,positive,
"The app is getting worse and worse after every ""update"". The UI is inconsistent, you haven't fixed the issue with Mpesa wallet transfer ( the ""begin 0, end 1, length 0"" error after ever transfer attempt) ; now the tellbirr transfer raises ""Bucket override O-10094"" error. Test your work FULLY before release.",CBE Bank,"['issue', 'mpesa', 'wallet', 'transfer', 'end', 'error', 'attempt', 'tellbirr', 'transfer', 'bucket', 'o-10094', 'error', 'work', 'fully', 'release']","['getting', 'worse', 'worse', 'after', 'every', 'update', 'inconsistent', 'haven', 'fixed', 'issue', 'with', 'mpesa', 'wallet', 'transfer', 'begin', 'end', 'length', 'error', 'after', 'ever', 'transfer', 'attempt', 'now', 'tellbirr', 'transfer', 'raises', 'bucket', 'override', '10094', 'error', 'test', 'your', 'work', 'fully', 'before', 'release']",-0.891,-0.23333333333333336,0.4666666666666666,negative,
so good,CBE Bank,[],['good'],0.4927,0.7,0.6000000000000001,positive,
ok,CBE Bank,[],[],0.296,0.5,0.5,positive,
fast and time saving...,CBE Bank,"['time', 'saving']","['fast', 'time', 'saving']",0.0,0.2,0.6,neutral,
CBE it's my excellent choice,CBE Bank,"['cbe', 'choice']","['cbe', 'excellent', 'choice']",0.5719,1.0,1.0,positive,
"Internet Based mobile app for CBEBirr A Internet Based mobile app for CBEBirr. With the new Internet based CBEBirr Mobile App you can make every operations applicable via the USSD version of CBEBirr. This app version is the latest version branded as CBEBirr Plus, CBEBirr+, CBE Birr +, or CBE Birr plus.",CBE Bank,"['internet', 'cbebirr', 'internet', 'cbebirr', 'internet', 'cbebirr', 'mobile', 'operations', 'ussd', 'version', 'cbebirr', 'version', 'version', 'cbebirr', 'plus', 'cbebirr+', 'cbe', 'birr', 'cbe', 'birr', 'plus']","['internet', 'based', 'mobile', 'for', 'cbebirr', 'internet', 'based', 'mobile', 'for', 'cbebirr', 'with', 'new', 'internet', 'based', 'cbebirr', 'mobile', 'can', 'make', 'every', 'operations', 'applicable', 'via', 'ussd', 'version', 'cbebirr', 'version', 'latest', 'version', 'branded', 'cbebirr', 'plus', 'cbebirr', 'cbe', 'birr', 'cbe', 'birr', 'plus']",0.0,0.3181818181818182,0.6772727272727272,neutral,
best,CBE Bank,[],['best'],0.6369,1.0,0.3,positive,
smart app,CBE Bank,[],['smart'],0.4019,0.21428571428571427,0.6428571428571429,positive,
good,CBE Bank,[],['good'],0.4404,0.7,0.6000000000000001,positive,
It is usefull app,CBE Bank,[],['usefull'],0.0,0.0,0.0,neutral,
this app is so functional for airtime for wallet and,CBE Bank,"['airtime', 'wallet']","['functional', 'for', 'airtime', 'for', 'wallet']",0.0,0.0,0.0,neutral,
very amazing app,CBE Bank,[],['amazing'],0.624,0.7800000000000001,1.0,positive,
excellent service,CBE Bank,['service'],"['excellent', 'service']",0.5719,1.0,1.0,positive,
good,CBE Bank,[],['good'],0.4404,0.7,0.6000000000000001,positive,
good,CBE Bank,[],['good'],0.4404,0.7,0.6000000000000001,positive,
Cbe,CBE Bank,['cbe'],['cbe'],0.0,0.0,0.0,neutral,
There is a a problem when updating the app,CBE Bank,['problem'],"['there', 'problem', 'when', 'updating']",-0.4019,0.0,0.0,negative,
እ. በ. ጥ. ነው,CBE Bank,[],[],0.0,0.0,0.0,neutral,
posetive,CBE Bank,['posetive'],['posetive'],0.0,0.0,0.0,neutral,
Gal✅😶‍🌫️,CBE Bank,['gal✅😶\u200d🌫️'],['gal'],0.0,0.0,0.0,neutral,
why is my transaction fee hidden? Why doesn't the app show some of the transaction fees before. eg vat 15% show it togather before confirmation not after it feels like a scam.,CBE Bank,"['transaction', 'fee', 'hidden', 'transaction', 'fees', 'show', 'confirmation', 'scam']","['why', 'transaction', 'fee', 'hidden', 'why', 'doesn', 'show', 'some', 'transaction', 'fees', 'before', 'vat', 'show', 'togather', 'before', 'confirmation', 'not', 'after', 'feels', 'like', 'scam']",-0.296,-0.16666666666666666,0.3333333333333333,negative,
good,CBE Bank,[],['good'],0.4404,0.7,0.6000000000000001,positive,
Cbe,CBE Bank,['cbe'],['cbe'],0.0,0.0,0.0,neutral,
ok,CBE Bank,[],[],0.296,0.5,0.5,positive,
best,CBE Bank,[],['best'],0.6369,1.0,0.3,positive,
best and secured,CBE Bank,[],"['best', 'secured']",0.7845,1.0,0.3,positive,
cbe,CBE Bank,['cbe'],['cbe'],0.0,0.0,0.0,neutral,
Good to use,CBE Bank,[],"['good', 'use']",0.4404,0.7,0.6000000000000001,positive,
good,CBE Bank,[],['good'],0.4404,0.7,0.6000000000000001,positive,
it's a good application,CBE Bank,[],['good'],0.4404,0.7,0.6000000000000001,positive,
thank you cbe,CBE Bank,['thank'],"['thank', 'cbe']",0.3612,0.0,0.0,positive,
wow,CBE Bank,['wow'],['wow'],0.5859,0.1,1.0,positive,
is good,CBE Bank,[],['good'],0.4404,0.7,0.6000000000000001,positive,
"Nice, but I can't get some recently transactions. please try to keep all history scrolling full visibility done.",CBE Bank,"['nice', 'transactions', 'history', 'visibility']","['nice', 'can', 'get', 'some', 'recently', 'transactions', 'please', 'try', 'keep', 'all', 'history', 'scrolling', 'full', 'visibility', 'done']",0.5927,0.31666666666666665,0.6,positive,
Very Secure but very poor interface and limited history service. The new colorful version is worst. Visibility and contrast are low. It is just my idea.,CBE Bank,"['interface', 'history', 'service', 'version', 'visibility', 'contrast', 'idea']","['secure', 'poor', 'interface', 'limited', 'history', 'service', 'new', 'colorful', 'version', 'worst', 'visibility', 'contrast', 'low', 'just', 'idea']",-0.9371,-0.09072356215213359,0.5510575139146567,negative,
very nice 100%,CBE Bank,[],"['nice', '100']",0.4754,0.78,1.0,positive,
Good application,CBE Bank,[],['good'],0.4404,0.7,0.6000000000000001,positive,
best app for financial sector,CBE Bank,['sector'],"['best', 'for', 'financial', 'sector']",0.6369,0.5,0.15,positive,
incredible,CBE Bank,[],['incredible'],0.0,0.9,0.9,neutral,
yoroo namaste 🙏 ♥️ ❤️ 💖 💖,CBE Bank,['namaste'],"['yoroo', 'namaste']",0.0,0.0,0.0,neutral,
best app for financial activities 🙌,CBE Bank,['activities'],"['best', 'for', 'financial', 'activities']",0.6369,0.5,0.15,positive,
formative,CBE Bank,[],['formative'],0.0,0.0,0.0,neutral,
nice app,CBE Bank,[],['nice'],0.4215,0.6,1.0,positive,
wow,CBE Bank,['wow'],['wow'],0.5859,0.1,1.0,positive,
best app i like it,CBE Bank,[],"['best', 'like']",0.7717,1.0,0.3,positive,
ገላግሌ ብየዋለው ጥድት ያለ አፕ,CBE Bank,"['ብየዋለው', 'ጥድት']","['ገላግሌ', 'ብየዋለው', 'ጥድት']",0.0,0.0,0.0,neutral,
vibe,CBE Bank,['vibe'],['vibe'],0.0,0.0,0.0,neutral,
digital banking,CBE Bank,['banking'],"['digital', 'banking']",0.0,0.0,0.0,neutral,
it is very good service you are giving,CBE Bank,['service'],"['good', 'service', 'giving']",0.6801,0.9099999999999999,0.7800000000000001,positive,
Tajajilli keessan dubati Hafadha አገልግሎታችሁን ዱባቲ ሀፋድህን አቆይ Your service will stay behind,CBE Bank,"['tajajilli', 'keessan', 'dubati', 'hafadha', 'አገልግሎታችሁን', 'ዱባቲ', 'ሀፋድህን', 'አቆይ', 'your', 'service']","['tajajilli', 'keessan', 'dubati', 'hafadha', 'አገልግሎታችሁን', 'ዱባቲ', 'ሀፋድህን', 'አቆይ', 'your', 'service', 'will', 'stay', 'behind']",0.0,-0.4,0.7,neutral,
nice app for me,CBE Bank,[],"['nice', 'for']",0.4215,0.6,1.0,positive,
ps fast and easy,CBE Bank,['fast'],"['fast', 'easy']",0.4404,0.31666666666666665,0.7166666666666667,positive,
I Am Proud Of CBE Period!!!,CBE Bank,"['proud', 'cbe', 'period']","['proud', 'cbe', 'period']",0.6093,1.0,1.0,positive,
very good,CBE Bank,[],['good'],0.4927,0.9099999999999999,0.7800000000000001,positive,
CBE is my beast one for any transactions,CBE Bank,"['cbe', 'transactions']","['cbe', 'beast', 'one', 'for', 'any', 'transactions']",0.0,0.0,0.0,neutral,
nice App,CBE Bank,[],['nice'],0.4215,0.6,1.0,positive,
not work app,CBE Bank,['work'],"['not', 'work']",0.0,0.0,0.0,neutral,
its good,CBE Bank,[],"['its', 'good']",0.4404,0.7,0.6000000000000001,positive,
it nice and fast but usually it bad the connection by 4g network it still bad,CBE Bank,"['connection', 'network']","['nice', 'fast', 'usually', 'bad', 'connection', 'network', 'still', 'bad']",-0.8625,-0.1499999999999999,0.7333333333333333,negative,
so nice,CBE Bank,[],['nice'],0.4754,0.6,1.0,positive,
good,CBE Bank,[],['good'],0.4404,0.7,0.6000000000000001,positive,
good application,CBE Bank,[],['good'],0.4404,0.7,0.6000000000000001,positive,
wow,CBE Bank,['wow'],['wow'],0.5859,0.1,1.0,positive,
ohh very useful and easy for use,CBE Bank,['use'],"['ohh', 'useful', 'easy', 'for', 'use']",0.7474,0.4116666666666667,0.4166666666666667,positive,
Very good service all times,CBE Bank,"['service', 'times']","['good', 'service', 'all', 'times']",0.4927,0.9099999999999999,0.7800000000000001,positive,
melkam new,CBE Bank,[],"['melkam', 'new']",0.0,0.13636363636363635,0.45454545454545453,neutral,
good,CBE Bank,[],['good'],0.4404,0.7,0.6000000000000001,positive,
good,CBE Bank,[],['good'],0.4404,0.7,0.6000000000000001,positive,
Thank you,CBE Bank,['thank'],['thank'],0.3612,0.0,0.0,positive,
nice,CBE Bank,[],['nice'],0.4215,0.6,1.0,positive,
It charges high amount of service charge.,CBE Bank,"['amount', 'service', 'charge']","['charges', 'high', 'amount', 'service', 'charge']",-0.2732,0.16,0.54,negative,
best,CBE Bank,[],['best'],0.6369,1.0,0.3,positive,
excellent,CBE Bank,['excellent'],['excellent'],0.5719,1.0,1.0,positive,
easygoing & Convenient to use.,CBE Bank,['convenient'],"['easygoing', 'convenient', 'use']",0.3182,0.0,0.0,positive,
good,CBE Bank,[],['good'],0.4404,0.7,0.6000000000000001,positive,
saved transactions doesn't work properly it doesn't show transactions before a month only shows recent transactions even after I set filter date range,CBE Bank,"['transactions', 'transactions', 'month', 'transactions', 'date', 'range']","['saved', 'transactions', 'doesn', 'work', 'properly', 'doesn', 'show', 'transactions', 'before', 'month', 'only', 'shows', 'recent', 'transactions', 'even', 'after', 'set', 'filter', 'date', 'range']",0.4215,0.0,0.45,positive,
Pleas allow self service on Mobile banking.,CBE Bank,"['pleas', 'service', 'mobile', 'banking']","['pleas', 'allow', 'self', 'service', 'mobile', 'banking']",0.2263,0.0,0.0,positive,
i use CBE almost more than 5 years,CBE Bank,"['use', 'cbe', 'years']","['use', 'cbe', 'almost', 'more', 'than', 'years']",0.0,0.5,0.5,neutral,
this app essential app on this time,CBE Bank,['time'],"['essential', 'time']",0.0,0.0,0.3,neutral,
"After update not working at all, I live in abroad.",CBE Bank,[],"['after', 'update', 'not', 'working', 'all', 'live', 'abroad']",0.0,0.13636363636363635,0.5,neutral,
nice,CBE Bank,[],['nice'],0.4215,0.6,1.0,positive,
it is not well functional. It always sluggish and poor application. n Not interested because always straggling .,CBE Bank,[],"['not', 'well', 'functional', 'always', 'sluggish', 'poor', 'not', 'interested', 'because', 'always', 'straggling']",-0.8348,-0.2625,0.55,negative,
best bank ever,CBE Bank,['bank'],"['best', 'bank', 'ever']",0.6369,1.0,0.3,positive,
best app,CBE Bank,[],['best'],0.6369,1.0,0.3,positive,
does this app support international transactions,CBE Bank,"['support', 'transactions']","['does', 'support', 'international', 'transactions']",0.4019,0.0,0.0,positive,
Why mobile Banking is not functional?,CBE Bank,['banking'],"['why', 'mobile', 'banking', 'not', 'functional']",0.0,0.0,0.0,neutral,
"very nice app, but charge more.",CBE Bank,['charge'],"['nice', 'charge', 'more']",0.2609,0.64,0.75,positive,
not working,CBE Bank,[],"['not', 'working']",0.0,0.0,0.0,neutral,
I can't use the app months ago. It stopped working with Mobile data and WiFi. I didn't know the cause. Why this app is not compatible with Android 8?,CBE Bank,"['months', 'mobile', 'data', 'wifi', 'cause', 'android']","['can', 'use', 'months', 'ago', 'stopped', 'working', 'with', 'mobile', 'data', 'wifi', 'didn', 'know', 'cause', 'why', 'not', 'compatible', 'with', 'android']",-0.2263,0.0,0.0,negative,
very excellent application the number one bank of Ethiopia thanks,CBE Bank,"['number', 'bank', 'ethiopia', 'thanks']","['excellent', 'number', 'one', 'bank', 'ethiopia', 'thanks']",0.8016,0.6,0.6,positive,
Good app,CBE Bank,[],['good'],0.4404,0.7,0.6000000000000001,positive,
not working,CBE Bank,[],"['not', 'working']",0.0,0.0,0.0,neutral,
it's fast and easy nice,CBE Bank,[],"['fast', 'easy', 'nice']",0.6908,0.41111111111111115,0.8111111111111112,positive,
Good,CBE Bank,[],['good'],0.4404,0.7,0.6000000000000001,positive,
"this platform is very useful for exchanging payment ,than *889#(it's slower ).🙏🙏",CBE Bank,"['platform', 'payment', '.🙏🙏']","['platform', 'useful', 'for', 'exchanging', 'payment', 'than', '889', 'slower']",0.4927,0.39,0.0,positive,
best,CBE Bank,[],['best'],0.6369,1.0,0.3,positive,
girms,CBE Bank,['girms'],['girms'],0.0,0.0,0.0,neutral,
good update,CBE Bank,['update'],"['good', 'update']",0.4404,0.7,0.6000000000000001,positive,
It's a good improvement. the app,CBE Bank,['improvement'],"['good', 'improvement']",0.7096,0.7,0.6000000000000001,positive,
good,CBE Bank,[],['good'],0.4404,0.7,0.6000000000000001,positive,
best,CBE Bank,[],['best'],0.6369,1.0,0.3,positive,
ok,CBE Bank,[],[],0.296,0.5,0.5,positive,
best,CBE Bank,[],['best'],0.6369,1.0,0.3,positive,
"This app is very unreliable—slow, frequently crashes, and fails to sync properly. Transactions don’t reflect accurately; I transferred money that was deducted but never received, with no record in recent activity. It often stops working and takes too long to update. Reinstalling doesn’t help. You even have to visit a branch for it to start working, which is unacceptable today. The problem is even worse outside Ethiopia.",CBE Bank,"['slow', 'crashes', 'transactions', 'money', 'record', 'activity', 'help', 'branch', 'working', 'today', 'problem', 'ethiopia']","['unreliable', 'slow', 'frequently', 'crashes', 'fails', 'sync', 'properly', 'transactions', 'don', 'reflect', 'accurately', 'transferred', 'money', 'deducted', 'never', 'received', 'with', 'record', 'recent', 'activity', 'often', 'stops', 'working', 'takes', 'too', 'long', 'update', 'reinstalling', 'doesn', 'help', 'even', 'have', 'visit', 'branch', 'for', 'start', 'working', 'which', 'unacceptable', 'today', 'problem', 'even', 'worse', 'outside', 'ethiopia']",-0.8631,-0.027777777777777766,0.3259259259259259,negative,
Excellent,CBE Bank,['excellent'],['excellent'],0.5719,1.0,1.0,positive,
so nice to me,CBE Bank,[],['nice'],0.4754,0.6,1.0,positive,
bad👎,CBE Bank,['bad👎'],['bad'],0.0,0.0,0.0,neutral,
very much for your information 👋,CBE Bank,['information'],"['much', 'for', 'your', 'information']",0.0,0.26,0.26,neutral,
nice app keep it up🤝🤝,CBE Bank,[],"['nice', 'keep']",0.4215,0.6,1.0,positive,
i like this app,CBE Bank,[],['like'],0.3612,0.0,0.0,positive,
i have more experience,CBE Bank,['experience'],"['have', 'more', 'experience']",0.0,0.5,0.5,neutral,
good,CBE Bank,[],['good'],0.4404,0.7,0.6000000000000001,positive,
I love this app,CBE Bank,[],['love'],0.6369,0.5,0.6,positive,
WOW!,CBE Bank,['wow'],['wow'],0.6239,0.125,1.0,positive,
the app freezes sometimes and crashing,CBE Bank,[],"['freezes', 'sometimes', 'crashing']",-0.0258,0.0,0.0,neutral,
for active payment it's number one chose,CBE Bank,"['payment', 'number', 'chose']","['for', 'active', 'payment', 'number', 'one', 'chose']",0.4588,-0.13333333333333333,0.6,positive,
"What a nasty Update is this !. May I say 'Events cast their shadow before happenings'. Trust, value, Bank's 'n' Customers' financial property, such like things, at risk once again(the State owned Bank experienced some months ago due to app development issues or some other unknown reasons. Unable to see my own current balance due to a hidden page being displayed, stacked transaction history since March 26th, among others. Is that a Banking app being developed by Professionals ?.",CBE Bank,"['update', 'may', ""'events"", 'shadow', 'happenings', 'trust', 'value', 'bank', 'customers', 'property', 'things', 'risk', 'state', 'bank', 'months', 'development', 'issues', 'reasons', 'balance', 'page', 'transaction', 'history', 'march', 'others', 'banking', 'professionals']","['what', 'nasty', 'update', 'may', 'say', 'events', 'cast', 'their', 'shadow', 'before', 'happenings', 'trust', 'value', 'bank', 'customers', 'financial', 'property', 'such', 'like', 'things', 'risk', 'once', 'again', 'state', 'owned', 'bank', 'experienced', 'some', 'months', 'ago', 'due', 'development', 'issues', 'some', 'other', 'unknown', 'reasons', 'unable', 'see', 'own', 'current', 'balance', 'due', 'hidden', 'page', 'being', 'displayed', 'stacked', 'transaction', 'history', 'since', 'march', '26th', 'among', 'others', 'banking', 'being', 'developed', 'professionals']",0.4199,-0.04935897435897434,0.5121794871794871,positive,
Very good Service provider bank,CBE Bank,"['service', 'provider', 'bank']","['good', 'service', 'provider', 'bank']",0.4927,0.9099999999999999,0.7800000000000001,positive,
it is not working,CBE Bank,[],"['not', 'working']",0.0,0.0,0.0,neutral,
nice,CBE Bank,[],['nice'],0.4215,0.6,1.0,positive,
Thank you for your service.,CBE Bank,"['thank', 'service']","['thank', 'for', 'your', 'service']",0.3612,0.0,0.0,positive,
good 👍,CBE Bank,[],['good'],0.4404,0.7,0.6000000000000001,positive,
wow,CBE Bank,['wow'],['wow'],0.5859,0.1,1.0,positive,
good,CBE Bank,[],['good'],0.4404,0.7,0.6000000000000001,positive,
good,CBE Bank,[],['good'],0.4404,0.7,0.6000000000000001,positive,
nice,CBE Bank,[],['nice'],0.4215,0.6,1.0,positive,
fully functional greate application it makes payment and transaction easier,CBE Bank,"['greate', 'payment', 'transaction']","['fully', 'functional', 'greate', 'makes', 'payment', 'transaction', 'easier']",0.4215,0.0,0.0,positive,
it's best for everyone,CBE Bank,['everyone'],"['best', 'for', 'everyone']",0.6369,1.0,0.3,positive,
good,CBE Bank,[],['good'],0.4404,0.7,0.6000000000000001,positive,
am happy using it.But why does it need continuous updates?,CBE Bank,['updates'],"['happy', 'using', 'why', 'does', 'need', 'continuous', 'updates']",0.5719,0.8,1.0,positive,
Good job,CBE Bank,['job'],"['good', 'job']",0.4404,0.7,0.6000000000000001,positive,
good jobs,CBE Bank,['jobs'],"['good', 'jobs']",0.4404,0.7,0.6000000000000001,positive,
it is wel,CBE Bank,[],['wel'],0.0,0.0,0.0,neutral,
best,CBE Bank,[],['best'],0.6369,1.0,0.3,positive,
swift,CBE Bank,['swift'],['swift'],0.2023,0.0,0.0,positive,
Good bank,CBE Bank,['bank'],"['good', 'bank']",0.4404,0.7,0.6000000000000001,positive,
nice,CBE Bank,[],['nice'],0.4215,0.6,1.0,positive,
👍👍,CBE Bank,[],[],0.0,0.0,0.0,neutral,
difficult to see our transactions after aweek,CBE Bank,"['transactions', 'aweek']","['difficult', 'see', 'our', 'transactions', 'after', 'aweek']",-0.3612,-0.5,1.0,negative,
Easy to use and reliable.,CBE Bank,['easy'],"['easy', 'use', 'reliable']",0.4404,0.43333333333333335,0.8333333333333334,positive,
its good,CBE Bank,[],"['its', 'good']",0.4404,0.7,0.6000000000000001,positive,
easy and fast,CBE Bank,[],"['easy', 'fast']",0.4404,0.31666666666666665,0.7166666666666667,positive,
በጣም ጥሩ ነው,CBE Bank,[],[],0.0,0.0,0.0,neutral,
this app is very good,CBE Bank,[],['good'],0.4927,0.9099999999999999,0.7800000000000001,positive,
very nice,CBE Bank,[],['nice'],0.4754,0.78,1.0,positive,
deduction but no transaction. not good,CBE Bank,"['deduction', 'transaction']","['deduction', 'transaction', 'not', 'good']",-0.7104,-0.35,0.6000000000000001,negative,
good app,CBE Bank,[],['good'],0.4404,0.7,0.6000000000000001,positive,
good,CBE Bank,[],['good'],0.4404,0.7,0.6000000000000001,positive,
Musxafaa,CBE Bank,['musxafaa'],['musxafaa'],0.0,0.0,0.0,neutral,
good,CBE Bank,[],['good'],0.4404,0.7,0.6000000000000001,positive,
Good,CBE Bank,[],['good'],0.4404,0.7,0.6000000000000001,positive,
good,CBE Bank,[],['good'],0.4404,0.7,0.6000000000000001,positive,
great 👍,CBE Bank,[],['great'],0.6249,0.8,0.75,positive,
I had good time with CBE,CBE Bank,"['time', 'cbe']","['had', 'good', 'time', 'with', 'cbe']",0.4404,0.7,0.6000000000000001,positive,
crashes every time you need to update this app ASAP.. i will be changing bank if tjis continues,CBE Bank,"['crashes', 'time', 'asap', 'bank']","['crashes', 'every', 'time', 'need', 'update', 'asap', 'will', 'changing', 'bank', 'tjis', 'continues']",0.0,0.0,0.0,neutral,
well expriences,CBE Bank,['expriences'],"['well', 'expriences']",0.2732,0.0,0.0,positive,
itii fayadamaa namaa fayadaa kuniin,CBE Bank,"['itii', 'fayadamaa', 'fayadaa', 'kuniin']","['itii', 'fayadamaa', 'namaa', 'fayadaa', 'kuniin']",0.0,0.0,0.0,neutral,
crush alot,CBE Bank,"['crush', 'alot']","['crush', 'alot']",-0.1531,0.0,0.0,negative,
Best,CBE Bank,[],['best'],0.6369,1.0,0.3,positive,
Not that happy at this app,CBE Bank,[],"['not', 'happy']",-0.4585,0.8,1.0,negative,
100%100 Fast and Amazing app !! 🏆🏆🏆🏆🏆🏆🏆🏆 💞🌷🇪🇹,CBE Bank,"['fast', 'amazing', '💞🌷🇪🇹']","['100', '100', 'fast', 'amazing']",0.658,0.5687500000000001,0.75,positive,
lulit tukka giro,CBE Bank,"['tukka', 'giro']","['lulit', 'tukka', 'giro']",0.0,0.0,0.0,neutral,
Enough good even it hasn't transferring for other telebirr users,CBE Bank,"['telebirr', 'users']","['enough', 'good', 'even', 'hasn', 'transferring', 'for', 'other', 'telebirr', 'users']",0.4404,0.19166666666666665,0.4916666666666667,positive,
not good not bad.,CBE Bank,[],"['not', 'good', 'not', 'bad']",-0.5824,-2.7755575615628914e-17,0.6333333333333333,negative,
"my favorite so far, but, how come we are not able to download the app and fix our problem ourselves? it is not fair to go to the bank and fix it for you? please think about it. Thank you",CBE Bank,"['favorite', 'problem', 'bank', 'thank']","['favorite', 'far', 'how', 'come', 'not', 'able', 'download', 'fix', 'our', 'problem', 'ourselves', 'not', 'fair', 'bank', 'fix', 'for', 'please', 'think', 'about', 'thank']",0.3751,0.0,0.88125,positive,
good,CBE Bank,[],['good'],0.4404,0.7,0.6000000000000001,positive,
good,CBE Bank,[],['good'],0.4404,0.7,0.6000000000000001,positive,
bad strresing,CBE Bank,['strresing'],"['bad', 'strresing']",-0.5423,-0.6999999999999998,0.6666666666666666,negative,
easy fast helpful for our business,CBE Bank,"['helpful', 'business']","['easy', 'fast', 'helpful', 'for', 'our', 'business']",0.6908,0.31666666666666665,0.7166666666666667,positive,
cool,CBE Bank,['cool'],['cool'],0.3182,0.35,0.65,positive,
"This application was not that great, and its performance has unfortunately declined further. For the past week, I have been unable to access my balance or transfer funds. This situation is causing considerable concern and inconvenience, as I cannot access my money in a timely manner. This has resulted in late payments and a loss of confidence and trust. Furthermore, I have not received a response to my message to the customer support team.",CBE Bank,"['performance', 'week', 'access', 'balance', 'funds', 'situation', 'concern', 'inconvenience', 'access', 'money', 'manner', 'payments', 'loss', 'confidence', 'trust', 'furthermore', 'response', 'message', 'customer', 'support', 'team']","['not', 'great', 'its', 'performance', 'has', 'unfortunately', 'declined', 'further', 'for', 'past', 'week', 'have', 'been', 'unable', 'access', 'balance', 'transfer', 'funds', 'situation', 'causing', 'considerable', 'concern', 'inconvenience', 'cannot', 'access', 'money', 'timely', 'manner', 'has', 'resulted', 'late', 'payments', 'loss', 'confidence', 'trust', 'furthermore', 'have', 'not', 'received', 'response', 'message', 'customer', 'support', 'team']",-0.05,-0.09285714285714285,0.5785714285714285,negative,
I can't download this app please assist how it can be downloaded,CBE Bank,['please'],"['can', 'download', 'please', 'assist', 'how', 'can', 'downloaded']",0.3182,0.0,0.0,positive,
🤙,CBE Bank,[],[],0.0,0.0,0.0,neutral,
accessibility need to be taken seriously. There are people excluded because of inaccessible apps.,CBE Bank,"['accessibility', 'need', 'people', 'apps']","['accessibility', 'need', 'taken', 'seriously', 'there', 'people', 'excluded', 'because', 'inaccessible', 'apps']",-0.4767,-0.3333333333333333,0.6666666666666666,negative,
nice,CBE Bank,[],['nice'],0.4215,0.6,1.0,positive,
good,CBE Bank,[],['good'],0.4404,0.7,0.6000000000000001,positive,
it's has an issue,CBE Bank,['issue'],"['has', 'issue']",0.0,0.0,0.0,neutral,
I customer for commercial bank of Ethiopia I trade,CBE Bank,"['customer', 'bank', 'ethiopia']","['customer', 'for', 'commercial', 'bank', 'ethiopia', 'trade']",0.0,0.0,0.0,neutral,
sestemaa siresun osoo manaa banki hindemne namnii barbade national id isa fayadamee osoo banachun danda'ame bayye nammati tola live event qabate,CBE Bank,"['sestemaa', 'siresun', 'osoo', 'manaa', 'banki', 'hindemne', 'isa', 'fayadamee', 'osoo', 'banachun', ""danda'ame"", 'bayye', 'tola', 'event', 'qabate']","['sestemaa', 'siresun', 'osoo', 'manaa', 'banki', 'hindemne', 'namnii', 'barbade', 'national', 'isa', 'fayadamee', 'osoo', 'banachun', 'danda', 'ame', 'bayye', 'nammati', 'tola', 'live', 'event', 'qabate']",0.0,0.13636363636363635,0.5,neutral,
pls speedup for quick uses,CBE Bank,"['pls', 'speedup', 'uses']","['pls', 'speedup', 'for', 'quick', 'uses']",0.0772,0.3333333333333333,0.5,positive,
Pls facilitate transfer to telebirr agent,CBE Bank,"['pls', 'facilitate', 'transfer', 'agent']","['pls', 'facilitate', 'transfer', 'telebirr', 'agent']",0.0772,0.0,0.0,positive,
"before, it was nice. now it does not work and crash automatically",CBE Bank,[],"['before', 'nice', 'now', 'does', 'not', 'work', 'crash', 'automatically']",0.6197,0.6,1.0,positive,
does not working well,CBE Bank,[],"['does', 'not', 'working', 'well']",-0.2057,0.0,0.0,negative,
good,CBE Bank,[],['good'],0.4404,0.7,0.6000000000000001,positive,
ok,CBE Bank,[],[],0.296,0.5,0.5,positive,
"life longe bank CBE , Save & change your life.",CBE Bank,"['life', 'longe', 'bank', 'cbe', 'save', 'life']","['life', 'longe', 'bank', 'cbe', 'save', 'change', 'your', 'life']",0.4939,0.0,0.0,positive,
keeps on saying bucket override when I try to pay henon school fee,CBE Bank,"['keeps', 'bucket', 'school', 'fee']","['keeps', 'saying', 'bucket', 'override', 'when', 'try', 'pay', 'henon', 'school', 'fee']",-0.1027,0.0,0.0,negative,
Factory reset made me to lose my pin to login to my account!,CBE Bank,"['factory', 'reset', 'pin', 'account']","['factory', 'reset', 'made', 'lose', 'pin', 'login', 'account']",-0.4574,0.0,0.0,negative,
This is app is not fast and not working well in all android phone. eg it is not functioning well using one plus phone.,CBE Bank,"['phone', 'phone']","['not', 'fast', 'not', 'working', 'well', 'all', 'android', 'phone', 'not', 'functioning', 'well', 'using', 'one', 'plus', 'phone']",-0.3875,-0.1,0.6,negative,
gooooodddd.....,CBE Bank,"['gooooodddd', '.....']",['gooooodddd'],0.0,0.0,0.0,neutral,
it's v good app sometimes there is a problem on other bank transfers,CBE Bank,"['problem', 'bank', 'transfers']","['good', 'sometimes', 'there', 'problem', 'other', 'bank', 'transfers']",0.0516,0.2875,0.48750000000000004,positive,
nice app,CBE Bank,[],['nice'],0.4215,0.6,1.0,positive,
very nice app,CBE Bank,[],['nice'],0.4754,0.78,1.0,positive,
ok,CBE Bank,[],[],0.296,0.5,0.5,positive,
it looks fantasy,CBE Bank,[],"['looks', 'fantasy']",0.0,0.0,0.0,neutral,
it is more convenient app,CBE Bank,[],"['more', 'convenient']",0.0,0.5,0.5,neutral,
nice app,CBE Bank,[],['nice'],0.4215,0.6,1.0,positive,
it's best app to use recently and upgraded day to day for internationalization,CBE Bank,"['day', 'day', 'internationalization']","['best', 'use', 'recently', 'upgraded', 'day', 'day', 'for', 'internationalization']",0.6369,0.5,0.275,positive,
its good,CBE Bank,[],"['its', 'good']",0.4404,0.7,0.6000000000000001,positive,
korsa,CBE Bank,['korsa'],['korsa'],0.0,0.0,0.0,neutral,
CBE does not offer anything international.,CBE Bank,"['cbe', 'anything']","['cbe', 'does', 'not', 'offer', 'anything', 'international']",0.0,0.0,0.0,neutral,
Absolute garbage,CBE Bank,"['absolute', 'garbage']","['absolute', 'garbage']",0.0,0.2,0.9,neutral,
"im having a terrible experience with this app, im getting 'unable to connect' error, this happened for a while now and they didnt fix it, it is so unreliable in times i need it that i have to resort to using ussd code instead of it. please fix this issue",CBE Bank,"['experience', 'error', 'while', 'times', 'code', 'issue']","['having', 'terrible', 'experience', 'with', 'getting', 'unable', 'connect', 'error', 'happened', 'for', 'while', 'now', 'didnt', 'fix', 'unreliable', 'times', 'need', 'have', 'resort', 'using', 'ussd', 'code', 'instead', 'please', 'fix', 'issue']",-0.5423,-0.75,0.75,negative,
አሪፍ ነው,CBE Bank,['አሪፍ'],['አሪፍ'],0.0,0.0,0.0,neutral,
I have 1 year and thank you for yo ur genuine service,CBE Bank,"['year', 'thank', 'genuine', 'service']","['have', 'year', 'thank', 'for', 'genuine', 'service']",0.3612,0.4,0.5,positive,
it is the best application in the Ethiopia I like it this,CBE Bank,['ethiopia'],"['best', 'ethiopia', 'like']",0.7717,1.0,0.3,positive,
excellent,CBE Bank,['excellent'],['excellent'],0.5719,1.0,1.0,positive,
Excellent,CBE Bank,['excellent'],['excellent'],0.5719,1.0,1.0,positive,
ካየህዋቸው ተመሳሳይ መተግበርያዎች በጣም ጥሩ መተግበርያ ነው,CBE Bank,"['ተመሳሳይ', 'መተግበርያዎች', 'መተግበርያ']","['ካየህዋቸው', 'ተመሳሳይ', 'መተግበርያዎች', 'መተግበርያ']",0.0,0.0,0.0,neutral,
super spp,CBE Bank,"['super', 'spp']","['super', 'spp']",0.5994,0.3333333333333333,0.6666666666666666,positive,
i like cbe service,CBE Bank,"['cbe', 'service']","['like', 'cbe', 'service']",0.3612,0.0,0.0,positive,
best bank for Android application form market place and key number,CBE Bank,"['bank', 'android', 'form', 'market', 'place', 'number']","['best', 'bank', 'for', 'android', 'form', 'market', 'place', 'key', 'number']",0.6705,0.5,0.65,positive,
good job,CBE Bank,['job'],"['good', 'job']",0.4404,0.7,0.6000000000000001,positive,
"Trasaction history not sorted in time basis, besides the hilight transaction and its details which is found by clicking the highht transaction are diffrent. Generally, the tansaction history page has a critical problem",CBE Bank,"['trasaction', 'history', 'time', 'basis', 'transaction', 'details', 'transaction', 'diffrent', 'tansaction', 'history', 'page', 'problem']","['trasaction', 'history', 'not', 'sorted', 'time', 'basis', 'besides', 'hilight', 'transaction', 'its', 'details', 'which', 'found', 'clicking', 'highht', 'transaction', 'diffrent', 'generally', 'tansaction', 'history', 'page', 'has', 'critical', 'problem']",-0.6124,0.02500000000000001,0.65,negative,
Rtgs limit very small,CBE Bank,"['rtgs', 'limit']","['rtgs', 'limit', 'small']",0.0,-0.325,0.52,neutral,
good,CBE Bank,[],['good'],0.4404,0.7,0.6000000000000001,positive,
የጣት አሻራ አገልግሎት አላገኘሁም። አጠቃቀሙ ጠፍቶኝ ይሆን?,CBE Bank,"['አሻራ', 'አገልግሎት', 'አላገኘሁም።', 'አጠቃቀሙ', 'ጠፍቶኝ', 'ይሆን']","['የጣት', 'አሻራ', 'አገልግሎት', 'አላገኘሁም', 'አጠቃቀሙ', 'ጠፍቶኝ', 'ይሆን']",0.0,0.0,0.0,neutral,
good,CBE Bank,[],['good'],0.4404,0.7,0.6000000000000001,positive,
very bad experience as its very slow,CBE Bank,['experience'],"['bad', 'experience', 'its', 'slow']",-0.5849,-0.6499999999999999,0.6933333333333334,negative,
Good&fast,CBE Bank,"['good', 'fast']","['good', 'fast']",0.0,0.0,0.0,neutral,
good,CBE Bank,[],['good'],0.4404,0.7,0.6000000000000001,positive,
i luv it,CBE Bank,[],['luv'],0.0,0.0,0.0,neutral,
very nice 👌,CBE Bank,[],['nice'],0.4754,0.78,1.0,positive,
اليش يتعخر معرف والله,CBE Bank,"['يتعخر', 'معرف', 'والله']","['اليش', 'يتعخر', 'معرف', 'والله']",0.0,0.0,0.0,neutral,
good application 💯💯💯.,CBE Bank,['💯💯💯'],['good'],0.4404,0.7,0.6000000000000001,positive,
best,CBE Bank,[],['best'],0.6369,1.0,0.3,positive,
good app,CBE Bank,[],['good'],0.4404,0.7,0.6000000000000001,positive,
good,CBE Bank,[],['good'],0.4404,0.7,0.6000000000000001,positive,
ok,CBE Bank,[],[],0.296,0.5,0.5,positive,
it cost us a lot just by transfer and in other way not fair,CBE Bank,"['lot', 'transfer', 'way']","['cost', 'lot', 'just', 'transfer', 'other', 'way', 'not', 'fair']",-0.2411,-0.2375,0.6375,negative,
Great app,CBE Bank,['great'],['great'],0.6249,0.8,0.75,positive,
Interesting app,CBE Bank,[],['interesting'],0.4019,0.5,0.5,positive,
ok,CBE Bank,[],[],0.296,0.5,0.5,positive,
"i didn't get feed back through message ,Why so?",CBE Bank,['message'],"['didn', 'get', 'feed', 'back', 'through', 'message', 'why']",0.0,0.0,0.0,neutral,
good and fast,CBE Bank,[],"['good', 'fast']",0.4404,0.44999999999999996,0.6000000000000001,positive,
"v, good",CBE Bank,[],['good'],0.4404,0.7,0.6000000000000001,positive,
Nice App,CBE Bank,['nice'],['nice'],0.4215,0.6,1.0,positive,
best,CBE Bank,[],['best'],0.6369,1.0,0.3,positive,
"Very secured, fast and favourable",CBE Bank,[],"['secured', 'fast', 'favourable']",0.4576,0.2,0.44999999999999996,positive,
owww cbe,CBE Bank,"['owww', 'cbe']","['owww', 'cbe']",0.0,0.0,0.0,neutral,
perfect app,CBE Bank,[],['perfect'],0.5719,1.0,1.0,positive,
this secure app of all Ethiopia mobile banking ever.,CBE Bank,"['secure', 'ethiopia', 'mobile', 'banking']","['secure', 'all', 'ethiopia', 'mobile', 'banking', 'ever']",0.34,0.4,0.6,positive,
ok,CBE Bank,[],[],0.296,0.5,0.5,positive,
is good,CBE Bank,[],['good'],0.4404,0.7,0.6000000000000001,positive,
Number One App,CBE Bank,['number'],"['number', 'one']",0.0772,0.0,0.0,positive,
it good. to get services,CBE Bank,['services'],"['good', 'get', 'services']",0.4404,0.7,0.6000000000000001,positive,
good,CBE Bank,[],['good'],0.4404,0.7,0.6000000000000001,positive,
it's good app for ease of access mobile banking transaction and use our time properly!,CBE Bank,"['ease', 'access', 'banking', 'transaction', 'time']","['good', 'for', 'ease', 'access', 'mobile', 'banking', 'transaction', 'use', 'our', 'time', 'properly']",0.69,0.35,0.35000000000000003,positive,
"pls make an option fingerprint Biometric payment only, it's fast and secure to pay",CBE Bank,"['pls', 'option', 'fingerprint', 'biometric', 'payment']","['pls', 'make', 'option', 'fingerprint', 'biometric', 'payment', 'only', 'fast', 'secure', 'pay']",0.3182,0.20000000000000004,0.7333333333333334,positive,
በጣም ቀላልና ፈጣን ለመጠቀም ወድጀዋለሁ,CBE Bank,"['ቀላልና', 'ፈጣን', 'ለመጠቀም', 'ወድጀዋለሁ']","['ቀላልና', 'ፈጣን', 'ለመጠቀም', 'ወድጀዋለሁ']",0.0,0.0,0.0,neutral,
I love this up to much eollahi,CBE Bank,['eollahi'],"['love', 'much', 'eollahi']",0.6369,0.35,0.4,positive,
I hope this bank have excellent Mobile app but still not easy and not working in holidays why,CBE Bank,"['bank', 'mobile', 'holidays']","['hope', 'bank', 'have', 'excellent', 'mobile', 'still', 'not', 'easy', 'not', 'working', 'holidays', 'why']",-0.3788,0.39166666666666666,0.9166666666666667,negative,
"It's a great, easy-to-use, very convenient and secure app.",CBE Bank,[],"['great', 'easy', 'use', 'convenient', 'secure']",0.7759,0.4666666666666666,0.5499999999999999,positive,
Good Job,CBE Bank,['job'],"['good', 'job']",0.4404,0.7,0.6000000000000001,positive,
best,CBE Bank,[],['best'],0.6369,1.0,0.3,positive,
best,CBE Bank,[],['best'],0.6369,1.0,0.3,positive,
it's so use full and secure 👍💪👌,CBE Bank,['👍💪👌'],"['use', 'full', 'secure']",0.34,0.375,0.575,positive,
"there should be atm voucher access included , and also the app crash sometimes .",CBE Bank,"['access', 'crash']","['there', 'should', 'atm', 'voucher', 'access', 'included', 'also', 'crash', 'sometimes']",-0.4019,0.0,0.0,negative,
ok,CBE Bank,[],[],0.296,0.5,0.5,positive,
"The app has some issues we need to have a place where we save our contacts where we usually send money to, after update I keep loosing all the important accounts.Also user needs to configure their notification types we want to receive either by email ,SMS or both. right now I don't get any notifications when I receive funds from companies.",CBE Bank,"['issues', 'place', 'contacts', 'money', 'accounts.also', 'needs', 'notification', 'email', 'sms', 'right', 'notifications', 'funds', 'companies']","['has', 'some', 'issues', 'need', 'have', 'place', 'where', 'save', 'our', 'contacts', 'where', 'usually', 'send', 'money', 'after', 'update', 'keep', 'loosing', 'all', 'important', 'accounts', 'also', 'user', 'needs', 'configure', 'their', 'notification', 'types', 'want', 'receive', 'either', 'email', 'sms', 'both', 'right', 'now', 'don', 'get', 'any', 'notifications', 'when', 'receive', 'funds', 'from', 'companies']",0.6486,0.14523809523809525,0.5952380952380952,positive,
after the the recent update the app not responding. even transfer to telebirr isn't working.,CBE Bank,['update'],"['after', 'recent', 'update', 'not', 'responding', 'even', 'transfer', 'telebirr', 'isn', 'working']",0.0,0.0,0.25,neutral,
Need more additional future include for now it's not bad,CBE Bank,['future'],"['need', 'more', 'additional', 'future', 'include', 'for', 'now', 'not', 'bad']",0.431,0.28333333333333327,0.4305555555555555,positive,
I don't like. I can't make transfer to my own telebirr,CBE Bank,"['transfer', 'telebirr']","['don', 'like', 'can', 'make', 'transfer', 'own', 'telebirr']",-0.2755,0.6,1.0,negative,
lag and stack not quick response 😞😞,CBE Bank,"['lag', 'stack', 'response']","['lag', 'stack', 'not', 'quick', 'response']",-0.34,-0.16666666666666666,0.5,negative,
Best app.,CBE Bank,['best'],['best'],0.6369,1.0,0.3,positive,
"This application was not that great, and its performance has unfortunately declined further. For the past week, I have been unable to access my balance or transfer funds. This situation is causing considerable concern and inconvenience, as I cannot access my money in a timely manner. This has resulted in late payments and a loss of confidence and trust. Furthermore, I have not received a response to my message to the customer support team",CBE Bank,"['performance', 'week', 'access', 'balance', 'funds', 'situation', 'concern', 'inconvenience', 'access', 'money', 'manner', 'payments', 'loss', 'confidence', 'trust', 'furthermore', 'response', 'message', 'customer', 'support', 'team']","['not', 'great', 'its', 'performance', 'has', 'unfortunately', 'declined', 'further', 'for', 'past', 'week', 'have', 'been', 'unable', 'access', 'balance', 'transfer', 'funds', 'situation', 'causing', 'considerable', 'concern', 'inconvenience', 'cannot', 'access', 'money', 'timely', 'manner', 'has', 'resulted', 'late', 'payments', 'loss', 'confidence', 'trust', 'furthermore', 'have', 'not', 'received', 'response', 'message', 'customer', 'support', 'team']",-0.05,-0.09285714285714285,0.5785714285714285,negative,
Very good,CBE Bank,[],['good'],0.4927,0.9099999999999999,0.7800000000000001,positive,
አዲሱ ገጽታው በጣም ያስጠላል። ለአይን ይከብዳል። ወደነበረበት ብትመልሱት።,CBE Bank,"['ገጽታው', 'ያስጠላል።', 'ለአይን', 'ይከብዳል።', 'ወደነበረበት', 'ብትመልሱት።']","['አዲሱ', 'ገጽታው', 'ያስጠላል', 'ለአይን', 'ይከብዳል', 'ወደነበረበት', 'ብትመልሱት']",0.0,0.0,0.0,neutral,
I like it but sometimes there is a system error,CBE Bank,"['system', 'error']","['like', 'sometimes', 'there', 'system', 'error']",-0.4215,0.0,0.0,negative,
good,CBE Bank,[],['good'],0.4404,0.7,0.6000000000000001,positive,
"the app keeps asking for update, even after being updated",CBE Bank,"['keeps', 'update']","['keeps', 'asking', 'for', 'update', 'even', 'after', 'being', 'updated']",0.0,0.0,0.0,neutral,
good,CBE Bank,[],['good'],0.4404,0.7,0.6000000000000001,positive,
tel birr,CBE Bank,"['tel', 'birr']","['tel', 'birr']",0.0,0.0,0.0,neutral,
Good !,CBE Bank,[],['good'],0.4926,0.875,0.6000000000000001,positive,
good,CBE Bank,[],['good'],0.4404,0.7,0.6000000000000001,positive,
good,CBE Bank,[],['good'],0.4404,0.7,0.6000000000000001,positive,
very good cbe app,CBE Bank,['cbe'],"['good', 'cbe']",0.4927,0.9099999999999999,0.7800000000000001,positive,
halaba kuleto,CBE Bank,"['halaba', 'kuleto']","['halaba', 'kuleto']",0.0,0.0,0.0,neutral,
best app ever,CBE Bank,[],"['best', 'ever']",0.6369,1.0,0.3,positive,
like,CBE Bank,[],['like'],0.3612,0.0,0.0,positive,
the best,CBE Bank,[],['best'],0.6369,1.0,0.3,positive,
good app but it needs more languages do it with more than four languages,CBE Bank,"['languages', 'languages']","['good', 'needs', 'more', 'languages', 'with', 'more', 'than', 'four', 'languages']",0.2382,0.5666666666666667,0.5333333333333333,positive,
good work,CBE Bank,['work'],"['good', 'work']",0.4404,0.7,0.6000000000000001,positive,
ok,CBE Bank,[],[],0.296,0.5,0.5,positive,
wow app.The developers make improvements every time.,CBE Bank,"['wow', 'app.the', 'developers', 'improvements', 'time']","['wow', 'developers', 'make', 'improvements', 'every', 'time']",0.7269,0.1,1.0,positive,
nice and perfect,CBE Bank,[],"['nice', 'perfect']",0.7579,0.8,1.0,positive,
best experience,CBE Bank,['experience'],"['best', 'experience']",0.6369,1.0,0.3,positive,
What's wrong after i update the app unable to open,CBE Bank,[],"['what', 'wrong', 'after', 'update', 'unable', 'open']",-0.4767,-0.3333333333333333,0.6333333333333333,negative,
good,CBE Bank,[],['good'],0.4404,0.7,0.6000000000000001,positive,
👍👍it is good. pls Hide the amount that appear on the top when we need to transfer🙏,CBE Bank,"['👍👍it', 'amount']","['good', 'pls', 'hide', 'amount', 'appear', 'top', 'when', 'need', 'transfer']",0.5106,0.6,0.55,positive,
not sure at the moment,CBE Bank,['moment'],"['not', 'sure', 'moment']",-0.2411,-0.25,0.8888888888888888,negative,
Good,CBE Bank,[],['good'],0.4404,0.7,0.6000000000000001,positive,
it's the best app i have every seen it is fast and securty,CBE Bank,['securty'],"['best', 'have', 'every', 'seen', 'fast', 'securty']",0.6369,0.6,0.44999999999999996,positive,
Useful apps,CBE Bank,['apps'],"['useful', 'apps']",0.4404,0.3,0.0,positive,
easy to use,CBE Bank,[],"['easy', 'use']",0.4404,0.43333333333333335,0.8333333333333334,positive,
waw,CBE Bank,['waw'],['waw'],0.0,0.0,0.0,neutral,
"This app used to work well, but now it constantly shows an error saying it can’t load my accounts and tells me to visit a branch. I’m not even in the country, so that’s not possible. The app has frequent issues and needs better reliability and remote support options.",CBE Bank,"['error', 'load', 'accounts', 'tells', 'branch', 'country', 'issues', 'needs', 'reliability', 'support', 'options']","['used', 'work', 'well', 'now', 'constantly', 'shows', 'error', 'saying', 'can', 'load', 'accounts', 'tells', 'visit', 'branch', 'not', 'even', 'country', 'not', 'possible', 'has', 'frequent', 'issues', 'needs', 'better', 'reliability', 'remote', 'support', 'options']",0.6597,0.1,0.4666666666666667,positive,
nice,CBE Bank,[],['nice'],0.4215,0.6,1.0,positive,
good,CBE Bank,[],['good'],0.4404,0.7,0.6000000000000001,positive,
I am very comfortable because we can easily access various transfer services that we used to have to go to the bank.,CBE Bank,"['access', 'transfer', 'services', 'bank']","['comfortable', 'because', 'can', 'easily', 'access', 'various', 'transfer', 'services', 'used', 'have', 'bank']",0.7178,0.31777777777777777,0.7777777777777778,positive,
ok,CBE Bank,[],[],0.296,0.5,0.5,positive,
i am so happy,CBE Bank,[],['happy'],0.6115,0.8,1.0,positive,
good,CBE Bank,[],['good'],0.4404,0.7,0.6000000000000001,positive,
good app,CBE Bank,[],['good'],0.4404,0.7,0.6000000000000001,positive,
good job,CBE Bank,['job'],"['good', 'job']",0.4404,0.7,0.6000000000000001,positive,
best,CBE Bank,[],['best'],0.6369,1.0,0.3,positive,
I'm from Ethiopia and proud of CBE service app.,CBE Bank,"['ethiopia', 'proud', 'cbe', 'service']","['from', 'ethiopia', 'proud', 'cbe', 'service']",0.4767,0.8,1.0,positive,
I am successful with app,CBE Bank,[],"['successful', 'with']",0.5859,0.75,0.95,positive,
everything is boaring the previous one is good,CBE Bank,['everything'],"['everything', 'boaring', 'previous', 'one', 'good']",0.4404,0.26666666666666666,0.38333333333333336,positive,
The recent update is trash. I couldn't refresh the page. It's not even trying to sync. Please fix the bug and release a clean version.,CBE Bank,"['update', 'page', 'please', 'bug', 'version']","['recent', 'update', 'trash', 'couldn', 'refresh', 'page', 'not', 'even', 'trying', 'sync', 'please', 'fix', 'bug', 'release', 'clean', 'version']",0.6124,0.18333333333333335,0.47500000000000003,positive,
ወከቀቀ,CBE Bank,['ወከቀቀ'],['ወከቀቀ'],0.0,0.0,0.0,neutral,
Nice,CBE Bank,['nice'],['nice'],0.4215,0.6,1.0,positive,
This app is very good and helpful I am Happy working with cbe mobile banking tanx all members and I am ready invite all my family and friends ❤️,CBE Bank,"['banking', 'members', 'invite', 'family', 'friends']","['good', 'helpful', 'happy', 'working', 'with', 'cbe', 'mobile', 'banking', 'tanx', 'all', 'members', 'ready', 'invite', 'all', 'family', 'friends']",0.9447,0.6366666666666666,0.7600000000000001,positive,
Samsung A-5360 is not my device and i did not opened by this,CBE Bank,"['samsung', 'a-5360', 'device']","['samsung', '5360', 'not', 'device', 'did', 'not', 'opened']",0.0,0.0,0.0,neutral,
notwork totransferto other,CBE Bank,"['notwork', 'totransferto']","['notwork', 'totransferto', 'other']",0.0,-0.125,0.375,neutral,
የCommercial Bank of Ethiopia ሞባይል ባንኪንግ አገልግሎት በአጠቃላይ ጠቃሚ ነው፣ ግን አንድ ችግር አጋጥሞኛል። የሂሳብ ቁጥር በምናስገባበት ሳጥን ላይ “Mr” ወይም “Mrs” ከሚለው ቀጥሎ ያለውን ስም ለማስገባት ስፔስ (space) መጠቀም አይቻልም። ይህ ተጠቃሚዎችን ስም ትክክለኛ ለማስገባት እንዲቸገሩ ያደርጋል። እባክዎ በዚህ ክፍል ስፔስ መጠቀም እንዲቻል ወይም የስም መሙያ ስርዓቱን እንዲሻሻል ቢያደርጉ በጣም ጥሩ ይሆናል።,CBE Bank,"['bank', 'ethiopia', 'ሞባይል', 'ባንኪንግ', 'አገልግሎት', 'በአጠቃላይ', 'ጠቃሚ', 'ነው፣', 'አንድ', 'ችግር', 'አጋጥሞኛል።', 'የሂሳብ', 'ቁጥር', 'በምናስገባበት', 'ሳጥን', 'ወይም', 'mrs', 'ከሚለው', 'ቀጥሎ', 'ያለውን', 'ለማስገባት', 'ስፔስ', 'space', 'ይሆናል።']","['የcommercial', 'bank', 'ethiopia', 'ሞባይል', 'ባንኪንግ', 'አገልግሎት', 'በአጠቃላይ', 'ጠቃሚ', 'አንድ', 'ችግር', 'አጋጥሞኛል', 'የሂሳብ', 'ቁጥር', 'በምናስገባበት', 'ሳጥን', 'ወይም', 'mrs', 'ከሚለው', 'ቀጥሎ', 'ያለውን', 'ለማስገባት', 'ስፔስ', 'space', 'መጠቀም', 'አይቻልም', 'ተጠቃሚዎችን', 'ትክክለኛ', 'ለማስገባት', 'እንዲቸገሩ', 'ያደርጋል', 'እባክዎ', 'በዚህ', 'ክፍል', 'ስፔስ', 'መጠቀም', 'እንዲቻል', 'ወይም', 'የስም', 'መሙያ', 'ስርዓቱን', 'እንዲሻሻል', 'ቢያደርጉ', 'ይሆናል']",0.0,0.0,0.0,neutral,
🫶👍🙏,CBE Bank,['🫶👍🙏'],[],0.0,0.0,0.0,neutral,
ok,CBE Bank,[],[],0.296,0.5,0.5,positive,
good,CBE Bank,[],['good'],0.4404,0.7,0.6000000000000001,positive,
ok,CBE Bank,[],[],0.296,0.5,0.5,positive,
nice,CBE Bank,[],['nice'],0.4215,0.6,1.0,positive,
i like it,CBE Bank,[],['like'],0.3612,0.0,0.0,positive,
ok,CBE Bank,[],[],0.296,0.5,0.5,positive,
unable to use it is not performed well,CBE Bank,[],"['unable', 'use', 'not', 'performed', 'well']",-0.2057,-0.5,0.5,negative,
cbe mobile app best app,CBE Bank,['cbe'],"['cbe', 'mobile', 'best']",0.6369,1.0,0.3,positive,
"easy for use,and good privacy",CBE Bank,"['easy', 'use', 'privacy']","['easy', 'for', 'use', 'good', 'privacy']",0.7003,0.5666666666666667,0.7166666666666668,positive,
amazing,CBE Bank,[],['amazing'],0.5859,0.6000000000000001,0.9,positive,
i really judged this app. 99% were profit exclusive for others only with organization benefit.,CBE Bank,"['others', 'organization', 'benefit']","['really', 'judged', 'profit', 'exclusive', 'for', 'others', 'only', 'with', 'organization', 'benefit']",0.7506,0.1,0.6,positive,
Good,CBE Bank,[],['good'],0.4404,0.7,0.6000000000000001,positive,
"It is so good,and easy to use.",CBE Bank,[],"['good', 'easy', 'use']",0.4902,0.43333333333333335,0.8333333333333334,positive,
great app,CBE Bank,[],['great'],0.6249,0.8,0.75,positive,
update is not downgrade. its literally not working,CBE Bank,['update'],"['update', 'not', 'downgrade', 'its', 'literally', 'not', 'working']",0.0,0.0,0.0,neutral,
Please consider optimizing the app for Huawei Mobile Services (HMS). It doesn't work after the update.,CBE Bank,"['please', 'huawei', 'mobile', 'services', 'hms', 'update']","['please', 'consider', 'optimizing', 'for', 'huawei', 'mobile', 'services', 'hms', 'doesn', 'work', 'after', 'update']",0.6486,0.0,0.0,positive,
please use the cute ui as a professional developer,CBE Bank,"['please', 'cute', 'developer']","['please', 'use', 'cute', 'professional', 'developer']",0.6486,0.3,0.55,positive,
Daily Of the day Transfer Limit Restriction If there wasn't If it didn't have Very Extremely Happy We would be.,CBE Bank,"['daily', 'day', 'transfer', 'limit', 'restriction']","['daily', 'day', 'transfer', 'limit', 'restriction', 'there', 'wasn', 'didn', 'have', 'extremely', 'happy', 'would']",0.489,0.4,0.5,positive,
best,CBE Bank,[],['best'],0.6369,1.0,0.3,positive,
Amazing,CBE Bank,[],['amazing'],0.5859,0.6000000000000001,0.9,positive,
worst apk for a big bank,CBE Bank,"['apk', 'bank']","['worst', 'apk', 'for', 'big', 'bank']",-0.6249,-0.5,0.55,negative,
doesn't work properly with safaricom network.,CBE Bank,['network'],"['doesn', 'work', 'properly', 'with', 'safaricom', 'network']",0.0,0.0,0.1,neutral,
"The app forcefully made me an update, since then every time I try to make a payment it keeps bugging and failing non stop. please fix that . this is a big company not a start up .",CBE Bank,"['update', 'time', 'payment', 'stop', 'company', 'start']","['forcefully', 'made', 'update', 'since', 'then', 'every', 'time', 'try', 'make', 'payment', 'keeps', 'bugging', 'failing', 'non', 'stop', 'please', 'fix', 'big', 'company', 'not', 'start']",-0.4939,0.0,0.1,negative,
good,CBE Bank,[],['good'],0.4404,0.7,0.6000000000000001,positive,
I found that when i am using safaricom network the app keeps crashing a lot and not working and as soon as i change the network it will work smoothly so make is a lot compatible with the safaricom network service.,CBE Bank,"['safaricom', 'network', 'lot', 'network', 'lot', 'safaricom', 'network', 'service']","['found', 'when', 'using', 'safaricom', 'network', 'keeps', 'crashing', 'lot', 'not', 'working', 'soon', 'change', 'network', 'will', 'work', 'smoothly', 'make', 'lot', 'compatible', 'with', 'safaricom', 'network', 'service']",0.0,0.4,0.5,neutral,
go ahead,CBE Bank,[],['ahead'],0.0,0.0,0.0,neutral,
it's better than before,CBE Bank,[],"['better', 'than', 'before']",0.4404,0.5,0.5,positive,
nice,CBE Bank,[],['nice'],0.4215,0.6,1.0,positive,
Good,CBE Bank,[],['good'],0.4404,0.7,0.6000000000000001,positive,
excellent app,CBE Bank,[],['excellent'],0.5719,1.0,1.0,positive,
CBE not compare to others,CBE Bank,"['cbe', 'others']","['cbe', 'not', 'compare', 'others']",0.0,0.0,0.0,neutral,
Great,CBE Bank,['great'],['great'],0.6249,0.8,0.75,positive,
good,CBE Bank,[],['good'],0.4404,0.7,0.6000000000000001,positive,
nice app thanks,CBE Bank,['thanks'],"['nice', 'thanks']",0.6908,0.4,0.6,positive,
good service,CBE Bank,['service'],"['good', 'service']",0.4404,0.7,0.6000000000000001,positive,
good,CBE Bank,[],['good'],0.4404,0.7,0.6000000000000001,positive,
It's not working after the update it doesn't open at all,CBE Bank,[],"['not', 'working', 'after', 'update', 'doesn', 'open', 'all']",0.0,0.0,0.5,neutral,
good,CBE Bank,[],['good'],0.4404,0.7,0.6000000000000001,positive,
Tamam Yunus Guddata,CBE Bank,"['tamam', 'yunus', 'guddata']","['tamam', 'yunus', 'guddata']",0.0,0.0,0.0,neutral,
it's no functional problem,CBE Bank,['problem'],"['functional', 'problem']",-0.5994,0.0,0.0,negative,
good 👍,CBE Bank,[],['good'],0.4404,0.7,0.6000000000000001,positive,
nice bank,CBE Bank,['bank'],"['nice', 'bank']",0.4215,0.6,1.0,positive,
usefull app,CBE Bank,[],['usefull'],0.0,0.0,0.0,neutral,
excellent app,CBE Bank,[],['excellent'],0.5719,1.0,1.0,positive,
misraqe,CBE Bank,['misraqe'],['misraqe'],0.0,0.0,0.0,neutral,
why it alaways asked me to update every second when I log in.,CBE Bank,[],"['why', 'alaways', 'asked', 'update', 'every', 'second', 'when', 'log']",0.0,0.0,0.0,neutral,
pls update my cbe mobile banking,CBE Bank,"['pls', 'cbe', 'mobile', 'banking']","['pls', 'update', 'cbe', 'mobile', 'banking']",0.0772,0.0,0.0,positive,
hiote tegayede,CBE Bank,"['hiote', 'tegayede']","['hiote', 'tegayede']",0.0,0.0,0.0,neutral,
"Easy, secure and user friend",CBE Bank,"['easy', 'secure', 'user', 'friend']","['easy', 'secure', 'user', 'friend']",0.8176,0.4166666666666667,0.7166666666666667,positive,
nice,CBE Bank,[],['nice'],0.4215,0.6,1.0,positive,
good,CBE Bank,[],['good'],0.4404,0.7,0.6000000000000001,positive,
መስተካከል አለብት ብዩ አስታየት የም ሰጠው አካውንንት በስም ሲፈለግ mr ብሎ ቀጣይ ስም ለመፃፍ እስፔስም አይፈቅድ ቀጣዩ ፊደልም ሲፃፍ አይፅፍም ይሄ ቢስተካከል ይበልጥ ቀላል የረገዋል ብዩ አስበለው,CBE Bank,"['አለብት', 'አስታየት', 'ሰጠው', 'አካውንንት', 'በስም', 'ሲፈለግ', 'ቀጣይ', 'ለመፃፍ', 'እስፔስም', 'አይፈቅድ', 'ቀጣዩ', 'ፊደልም', 'ሲፃፍ', 'አይፅፍም', 'ቢስተካከል', 'ይበልጥ', 'ቀላል', 'የረገዋል', 'አስበለው']","['መስተካከል', 'አለብት', 'አስታየት', 'ሰጠው', 'አካውንንት', 'በስም', 'ሲፈለግ', 'ቀጣይ', 'ለመፃፍ', 'እስፔስም', 'አይፈቅድ', 'ቀጣዩ', 'ፊደልም', 'ሲፃፍ', 'አይፅፍም', 'ቢስተካከል', 'ይበልጥ', 'ቀላል', 'የረገዋል', 'አስበለው']",0.0,0.0,0.0,neutral,
Good app,CBE Bank,[],['good'],0.4404,0.7,0.6000000000000001,positive,
Good Application,CBE Bank,[],['good'],0.4404,0.7,0.6000000000000001,positive,
easy to use but hard to find easily,CBE Bank,[],"['easy', 'use', 'hard', 'find', 'easily']",0.5346,0.19166666666666665,0.7361111111111112,positive,
nice,CBE Bank,[],['nice'],0.4215,0.6,1.0,positive,
fixed problem,CBE Bank,['problem'],"['fixed', 'problem']",-0.4019,0.1,0.2,negative,
በእውነት የሚገርም app ነው ነገሮችን ሁሉ ቀለል ያደርጋል,CBE Bank,"['የሚገርም', 'ነገሮችን', 'ቀለል', 'ያደርጋል']","['በእውነት', 'የሚገርም', 'ነገሮችን', 'ቀለል', 'ያደርጋል']",0.0,0.0,0.0,neutral,
good,CBE Bank,[],['good'],0.4404,0.7,0.6000000000000001,positive,
good,CBE Bank,[],['good'],0.4404,0.7,0.6000000000000001,positive,
best app,CBE Bank,[],['best'],0.6369,1.0,0.3,positive,
nice app.,CBE Bank,[],['nice'],0.4215,0.6,1.0,positive,
"While the option to create or cancel standing orders has been added, it is not functional. Similarly, adding a new beneficiary is also not working. Please fix.",CBE Bank,"['option', 'orders', 'beneficiary', 'please', 'fix']","['while', 'option', 'create', 'cancel', 'standing', 'orders', 'has', 'been', 'added', 'not', 'functional', 'similarly', 'adding', 'new', 'beneficiary', 'also', 'not', 'working', 'please', 'fix']",0.3045,0.06818181818181818,0.42727272727272725,positive,
Wonderful App ❤️❤️❤️ I love it,CBE Bank,['❤️❤️❤️'],"['wonderful', 'love']",0.836,0.75,0.8,positive,
i like it,CBE Bank,[],['like'],0.3612,0.0,0.0,positive,
This app has never been efficient at all,CBE Bank,[],"['has', 'never', 'been', 'efficient', 'all']",-0.3252,0.0,0.0,negative,
vary good app,CBE Bank,[],"['vary', 'good']",0.4404,0.7,0.6000000000000001,positive,
good,CBE Bank,[],['good'],0.4404,0.7,0.6000000000000001,positive,
good,CBE Bank,[],['good'],0.4404,0.7,0.6000000000000001,positive,
good,CBE Bank,[],['good'],0.4404,0.7,0.6000000000000001,positive,
best,CBE Bank,[],['best'],0.6369,1.0,0.3,positive,
I like so much,CBE Bank,[],"['like', 'much']",0.3612,0.2,0.2,positive,
goood g,CBE Bank,['goood'],['goood'],0.0,0.0,0.0,neutral,
best,CBE Bank,[],['best'],0.6369,1.0,0.3,positive,
features በጣም ወድጄዋለሁ ነገር ግን አንድ ችግር አይቼዋለሁ ።APPU DELETE በሆነ ጊዜ ቅርንጫፍ ማመላለሱና MB APPLICATION FORMAT ላይ በየጊዜው መፈረሙ አንድ ለባንኩ ወጪ ነው ሁለት ለደንበኞች Inconvenience ይፈጥራል አስተካክሉ,CBE Bank,"['features', 'ነገር', 'አንድ', 'ችግር', 'አይቼዋለሁ', '።appu', 'delete', 'በሆነ', 'ቅርንጫፍ', 'ማመላለሱና', 'format', 'በየጊዜው', 'መፈረሙ', 'አንድ', 'ለባንኩ', 'ሁለት', 'ለደንበኞች', 'inconvenience', 'ይፈጥራል', 'አስተካክሉ']","['features', 'ወድጄዋለሁ', 'ነገር', 'አንድ', 'ችግር', 'አይቼዋለሁ', 'appu', 'delete', 'በሆነ', 'ቅርንጫፍ', 'ማመላለሱና', 'format', 'በየጊዜው', 'መፈረሙ', 'አንድ', 'ለባንኩ', 'ሁለት', 'ለደንበኞች', 'inconvenience', 'ይፈጥራል', 'አስተካክሉ']",-0.3612,0.0,0.0,negative,
Best ever,CBE Bank,[],"['best', 'ever']",0.6369,1.0,0.3,positive,
thanks you so much 👍 okay I am going to be like in,CBE Bank,"['thanks', 'okay']","['thanks', 'much', 'okay', 'going', 'like']",0.7635,0.35,0.35,positive,
When I update this app there isn't working,CBE Bank,[],"['when', 'update', 'there', 'isn', 'working']",0.0,0.0,0.0,neutral,
አሪፍ አፕ ነው ገራሚ ሁኖ አግኝቼዋለሁ,CBE Bank,"['ገራሚ', 'አግኝቼዋለሁ']","['አሪፍ', 'ገራሚ', 'አግኝቼዋለሁ']",0.0,0.0,0.0,neutral,
is not work properly !!,CBE Bank,[],"['not', 'work', 'properly']",0.0,0.0,0.1,neutral,
ok,CBE Bank,[],[],0.296,0.5,0.5,positive,
yesisgood,CBE Bank,['yesisgood'],['yesisgood'],0.0,0.0,0.0,neutral,
iam happy excellent app,CBE Bank,"['iam', 'excellent']","['iam', 'happy', 'excellent']",0.8126,0.9,1.0,positive,
"The app is getting worse and worse after every ""update"". The UI is inconsistent, you haven't fixed the issue with Mpesa wallet transfer ( the ""begin 0, end 1, length 0"" error after ever transfer attempt) ; now the tellbirr transfer raises ""Bucket override O-10094"" error. Test your work FULLY before release.",CBE Bank,"['issue', 'mpesa', 'wallet', 'transfer', 'end', 'error', 'attempt', 'tellbirr', 'transfer', 'bucket', 'o-10094', 'error', 'work', 'fully', 'release']","['getting', 'worse', 'worse', 'after', 'every', 'update', 'inconsistent', 'haven', 'fixed', 'issue', 'with', 'mpesa', 'wallet', 'transfer', 'begin', 'end', 'length', 'error', 'after', 'ever', 'transfer', 'attempt', 'now', 'tellbirr', 'transfer', 'raises', 'bucket', 'override', '10094', 'error', 'test', 'your', 'work', 'fully', 'before', 'release']",-0.891,-0.23333333333333336,0.4666666666666666,negative,
so good,CBE Bank,[],['good'],0.4927,0.7,0.6000000000000001,positive,
ok,CBE Bank,[],[],0.296,0.5,0.5,positive,
fast and time saving...,CBE Bank,"['time', 'saving']","['fast', 'time', 'saving']",0.0,0.2,0.6,neutral,
CBE it's my excellent choice,CBE Bank,"['cbe', 'choice']","['cbe', 'excellent', 'choice']",0.5719,1.0,1.0,positive,
"Internet Based mobile app for CBEBirr A Internet Based mobile app for CBEBirr. With the new Internet based CBEBirr Mobile App you can make every operations applicable via the USSD version of CBEBirr. This app version is the latest version branded as CBEBirr Plus, CBEBirr+, CBE Birr +, or CBE Birr plus.",CBE Bank,"['internet', 'cbebirr', 'internet', 'cbebirr', 'internet', 'cbebirr', 'mobile', 'operations', 'ussd', 'version', 'cbebirr', 'version', 'version', 'cbebirr', 'plus', 'cbebirr+', 'cbe', 'birr', 'cbe', 'birr', 'plus']","['internet', 'based', 'mobile', 'for', 'cbebirr', 'internet', 'based', 'mobile', 'for', 'cbebirr', 'with', 'new', 'internet', 'based', 'cbebirr', 'mobile', 'can', 'make', 'every', 'operations', 'applicable', 'via', 'ussd', 'version', 'cbebirr', 'version', 'latest', 'version', 'branded', 'cbebirr', 'plus', 'cbebirr', 'cbe', 'birr', 'cbe', 'birr', 'plus']",0.0,0.3181818181818182,0.6772727272727272,neutral,
best,CBE Bank,[],['best'],0.6369,1.0,0.3,positive,
smart app,CBE Bank,[],['smart'],0.4019,0.21428571428571427,0.6428571428571429,positive,
good,CBE Bank,[],['good'],0.4404,0.7,0.6000000000000001,positive,
It is usefull app,CBE Bank,[],['usefull'],0.0,0.0,0.0,neutral,
this app is so functional for airtime for wallet and,CBE Bank,"['airtime', 'wallet']","['functional', 'for', 'airtime', 'for', 'wallet']",0.0,0.0,0.0,neutral,
very amazing app,CBE Bank,[],['amazing'],0.624,0.7800000000000001,1.0,positive,
excellent service,CBE Bank,['service'],"['excellent', 'service']",0.5719,1.0,1.0,positive,
good,CBE Bank,[],['good'],0.4404,0.7,0.6000000000000001,positive,
good,CBE Bank,[],['good'],0.4404,0.7,0.6000000000000001,positive,
Cbe,CBE Bank,['cbe'],['cbe'],0.0,0.0,0.0,neutral,
There is a a problem when updating the app,CBE Bank,['problem'],"['there', 'problem', 'when', 'updating']",-0.4019,0.0,0.0,negative,
እ. በ. ጥ. ነው,CBE Bank,[],[],0.0,0.0,0.0,neutral,
posetive,CBE Bank,['posetive'],['posetive'],0.0,0.0,0.0,neutral,
Gal✅😶‍🌫️,CBE Bank,['gal✅😶\u200d🌫️'],['gal'],0.0,0.0,0.0,neutral,
why is my transaction fee hidden? Why doesn't the app show some of the transaction fees before. eg vat 15% show it togather before confirmation not after it feels like a scam.,CBE Bank,"['transaction', 'fee', 'hidden', 'transaction', 'fees', 'show', 'confirmation', 'scam']","['why', 'transaction', 'fee', 'hidden', 'why', 'doesn', 'show', 'some', 'transaction', 'fees', 'before', 'vat', 'show', 'togather', 'before', 'confirmation', 'not', 'after', 'feels', 'like', 'scam']",-0.296,-0.16666666666666666,0.3333333333333333,negative,
good,CBE Bank,[],['good'],0.4404,0.7,0.6000000000000001,positive,
Cbe,CBE Bank,['cbe'],['cbe'],0.0,0.0,0.0,neutral,
ok,CBE Bank,[],[],0.296,0.5,0.5,positive,
best,CBE Bank,[],['best'],0.6369,1.0,0.3,positive,
best and secured,CBE Bank,[],"['best', 'secured']",0.7845,1.0,0.3,positive,
cbe,CBE Bank,['cbe'],['cbe'],0.0,0.0,0.0,neutral,
Good to use,CBE Bank,[],"['good', 'use']",0.4404,0.7,0.6000000000000001,positive,
good,CBE Bank,[],['good'],0.4404,0.7,0.6000000000000001,positive,
it's a good application,CBE Bank,[],['good'],0.4404,0.7,0.6000000000000001,positive,
thank you cbe,CBE Bank,['thank'],"['thank', 'cbe']",0.3612,0.0,0.0,positive,
wow,CBE Bank,['wow'],['wow'],0.5859,0.1,1.0,positive,
is good,CBE Bank,[],['good'],0.4404,0.7,0.6000000000000001,positive,
"Nice, but I can't get some recently transactions. please try to keep all history scrolling full visibility done.",CBE Bank,"['nice', 'transactions', 'history', 'visibility']","['nice', 'can', 'get', 'some', 'recently', 'transactions', 'please', 'try', 'keep', 'all', 'history', 'scrolling', 'full', 'visibility', 'done']",0.5927,0.31666666666666665,0.6,positive,
Very Secure but very poor interface and limited history service. The new colorful version is worst. Visibility and contrast are low. It is just my idea.,CBE Bank,"['interface', 'history', 'service', 'version', 'visibility', 'contrast', 'idea']","['secure', 'poor', 'interface', 'limited', 'history', 'service', 'new', 'colorful', 'version', 'worst', 'visibility', 'contrast', 'low', 'just', 'idea']",-0.9371,-0.09072356215213359,0.5510575139146567,negative,
very nice 100%,CBE Bank,[],"['nice', '100']",0.4754,0.78,1.0,positive,
Good application,CBE Bank,[],['good'],0.4404,0.7,0.6000000000000001,positive,
best app for financial sector,CBE Bank,['sector'],"['best', 'for', 'financial', 'sector']",0.6369,0.5,0.15,positive,
incredible,CBE Bank,[],['incredible'],0.0,0.9,0.9,neutral,
yoroo namaste 🙏 ♥️ ❤️ 💖 💖,CBE Bank,['namaste'],"['yoroo', 'namaste']",0.0,0.0,0.0,neutral,
best app for financial activities 🙌,CBE Bank,['activities'],"['best', 'for', 'financial', 'activities']",0.6369,0.5,0.15,positive,
formative,CBE Bank,[],['formative'],0.0,0.0,0.0,neutral,
nice app,CBE Bank,[],['nice'],0.4215,0.6,1.0,positive,
wow,CBE Bank,['wow'],['wow'],0.5859,0.1,1.0,positive,
best app i like it,CBE Bank,[],"['best', 'like']",0.7717,1.0,0.3,positive,
ገላግሌ ብየዋለው ጥድት ያለ አፕ,CBE Bank,"['ብየዋለው', 'ጥድት']","['ገላግሌ', 'ብየዋለው', 'ጥድት']",0.0,0.0,0.0,neutral,
vibe,CBE Bank,['vibe'],['vibe'],0.0,0.0,0.0,neutral,
digital banking,CBE Bank,['banking'],"['digital', 'banking']",0.0,0.0,0.0,neutral,
it is very good service you are giving,CBE Bank,['service'],"['good', 'service', 'giving']",0.6801,0.9099999999999999,0.7800000000000001,positive,
Tajajilli keessan dubati Hafadha አገልግሎታችሁን ዱባቲ ሀፋድህን አቆይ Your service will stay behind,CBE Bank,"['tajajilli', 'keessan', 'dubati', 'hafadha', 'አገልግሎታችሁን', 'ዱባቲ', 'ሀፋድህን', 'አቆይ', 'your', 'service']","['tajajilli', 'keessan', 'dubati', 'hafadha', 'አገልግሎታችሁን', 'ዱባቲ', 'ሀፋድህን', 'አቆይ', 'your', 'service', 'will', 'stay', 'behind']",0.0,-0.4,0.7,neutral,
nice app for me,CBE Bank,[],"['nice', 'for']",0.4215,0.6,1.0,positive,
ps fast and easy,CBE Bank,['fast'],"['fast', 'easy']",0.4404,0.31666666666666665,0.7166666666666667,positive,
I Am Proud Of CBE Period!!!,CBE Bank,"['proud', 'cbe', 'period']","['proud', 'cbe', 'period']",0.6093,1.0,1.0,positive,
very good,CBE Bank,[],['good'],0.4927,0.9099999999999999,0.7800000000000001,positive,
CBE is my beast one for any transactions,CBE Bank,"['cbe', 'transactions']","['cbe', 'beast', 'one', 'for', 'any', 'transactions']",0.0,0.0,0.0,neutral,
nice App,CBE Bank,[],['nice'],0.4215,0.6,1.0,positive,
not work app,CBE Bank,['work'],"['not', 'work']",0.0,0.0,0.0,neutral,
its good,CBE Bank,[],"['its', 'good']",0.4404,0.7,0.6000000000000001,positive,
it nice and fast but usually it bad the connection by 4g network it still bad,CBE Bank,"['connection', 'network']","['nice', 'fast', 'usually', 'bad', 'connection', 'network', 'still', 'bad']",-0.8625,-0.1499999999999999,0.7333333333333333,negative,
so nice,CBE Bank,[],['nice'],0.4754,0.6,1.0,positive,
good,CBE Bank,[],['good'],0.4404,0.7,0.6000000000000001,positive,
good application,CBE Bank,[],['good'],0.4404,0.7,0.6000000000000001,positive,
wow,CBE Bank,['wow'],['wow'],0.5859,0.1,1.0,positive,
ohh very useful and easy for use,CBE Bank,['use'],"['ohh', 'useful', 'easy', 'for', 'use']",0.7474,0.4116666666666667,0.4166666666666667,positive,
Very good service all times,CBE Bank,"['service', 'times']","['good', 'service', 'all', 'times']",0.4927,0.9099999999999999,0.7800000000000001,positive,
melkam new,CBE Bank,[],"['melkam', 'new']",0.0,0.13636363636363635,0.45454545454545453,neutral,
good,CBE Bank,[],['good'],0.4404,0.7,0.6000000000000001,positive,
good,CBE Bank,[],['good'],0.4404,0.7,0.6000000000000001,positive,
Thank you,CBE Bank,['thank'],['thank'],0.3612,0.0,0.0,positive,
nice,CBE Bank,[],['nice'],0.4215,0.6,1.0,positive,
It charges high amount of service charge.,CBE Bank,"['amount', 'service', 'charge']","['charges', 'high', 'amount', 'service', 'charge']",-0.2732,0.16,0.54,negative,
best,CBE Bank,[],['best'],0.6369,1.0,0.3,positive,
excellent,CBE Bank,['excellent'],['excellent'],0.5719,1.0,1.0,positive,
easygoing & Convenient to use.,CBE Bank,['convenient'],"['easygoing', 'convenient', 'use']",0.3182,0.0,0.0,positive,
good,CBE Bank,[],['good'],0.4404,0.7,0.6000000000000001,positive,
saved transactions doesn't work properly it doesn't show transactions before a month only shows recent transactions even after I set filter date range,CBE Bank,"['transactions', 'transactions', 'month', 'transactions', 'date', 'range']","['saved', 'transactions', 'doesn', 'work', 'properly', 'doesn', 'show', 'transactions', 'before', 'month', 'only', 'shows', 'recent', 'transactions', 'even', 'after', 'set', 'filter', 'date', 'range']",0.4215,0.0,0.45,positive,
Pleas allow self service on Mobile banking.,CBE Bank,"['pleas', 'service', 'mobile', 'banking']","['pleas', 'allow', 'self', 'service', 'mobile', 'banking']",0.2263,0.0,0.0,positive,
i use CBE almost more than 5 years,CBE Bank,"['use', 'cbe', 'years']","['use', 'cbe', 'almost', 'more', 'than', 'years']",0.0,0.5,0.5,neutral,
this app essential app on this time,CBE Bank,['time'],"['essential', 'time']",0.0,0.0,0.3,neutral,
"After update not working at all, I live in abroad.",CBE Bank,[],"['after', 'update', 'not', 'working', 'all', 'live', 'abroad']",0.0,0.13636363636363635,0.5,neutral,
nice,CBE Bank,[],['nice'],0.4215,0.6,1.0,positive,
it is not well functional. It always sluggish and poor application. n Not interested because always straggling .,CBE Bank,[],"['not', 'well', 'functional', 'always', 'sluggish', 'poor', 'not', 'interested', 'because', 'always', 'straggling']",-0.8348,-0.2625,0.55,negative,
best bank ever,CBE Bank,['bank'],"['best', 'bank', 'ever']",0.6369,1.0,0.3,positive,
best app,CBE Bank,[],['best'],0.6369,1.0,0.3,positive,
does this app support international transactions,CBE Bank,"['support', 'transactions']","['does', 'support', 'international', 'transactions']",0.4019,0.0,0.0,positive,
Why mobile Banking is not functional?,CBE Bank,['banking'],"['why', 'mobile', 'banking', 'not', 'functional']",0.0,0.0,0.0,neutral,
"very nice app, but charge more.",CBE Bank,['charge'],"['nice', 'charge', 'more']",0.2609,0.64,0.75,positive,
not working,CBE Bank,[],"['not', 'working']",0.0,0.0,0.0,neutral,
I can't use the app months ago. It stopped working with Mobile data and WiFi. I didn't know the cause. Why this app is not compatible with Android 8?,CBE Bank,"['months', 'mobile', 'data', 'wifi', 'cause', 'android']","['can', 'use', 'months', 'ago', 'stopped', 'working', 'with', 'mobile', 'data', 'wifi', 'didn', 'know', 'cause', 'why', 'not', 'compatible', 'with', 'android']",-0.2263,0.0,0.0,negative,
very excellent application the number one bank of Ethiopia thanks,CBE Bank,"['number', 'bank', 'ethiopia', 'thanks']","['excellent', 'number', 'one', 'bank', 'ethiopia', 'thanks']",0.8016,0.6,0.6,positive,
Good app,CBE Bank,[],['good'],0.4404,0.7,0.6000000000000001,positive,
not working,CBE Bank,[],"['not', 'working']",0.0,0.0,0.0,neutral,
it's fast and easy nice,CBE Bank,[],"['fast', 'easy', 'nice']",0.6908,0.41111111111111115,0.8111111111111112,positive,
Good,CBE Bank,[],['good'],0.4404,0.7,0.6000000000000001,positive,
"this platform is very useful for exchanging payment ,than *889#(it's slower ).🙏🙏",CBE Bank,"['platform', 'payment', '.🙏🙏']","['platform', 'useful', 'for', 'exchanging', 'payment', 'than', '889', 'slower']",0.4927,0.39,0.0,positive,
best,CBE Bank,[],['best'],0.6369,1.0,0.3,positive,
girms,CBE Bank,['girms'],['girms'],0.0,0.0,0.0,neutral,
good update,CBE Bank,['update'],"['good', 'update']",0.4404,0.7,0.6000000000000001,positive,
It's a good improvement. the app,CBE Bank,['improvement'],"['good', 'improvement']",0.7096,0.7,0.6000000000000001,positive,
good,CBE Bank,[],['good'],0.4404,0.7,0.6000000000000001,positive,
best,CBE Bank,[],['best'],0.6369,1.0,0.3,positive,
ok,CBE Bank,[],[],0.296,0.5,0.5,positive,
best,CBE Bank,[],['best'],0.6369,1.0,0.3,positive,
"This app is very unreliable—slow, frequently crashes, and fails to sync properly. Transactions don’t reflect accurately; I transferred money that was deducted but never received, with no record in recent activity. It often stops working and takes too long to update. Reinstalling doesn’t help. You even have to visit a branch for it to start working, which is unacceptable today. The problem is even worse outside Ethiopia.",CBE Bank,"['slow', 'crashes', 'transactions', 'money', 'record', 'activity', 'help', 'branch', 'working', 'today', 'problem', 'ethiopia']","['unreliable', 'slow', 'frequently', 'crashes', 'fails', 'sync', 'properly', 'transactions', 'don', 'reflect', 'accurately', 'transferred', 'money', 'deducted', 'never', 'received', 'with', 'record', 'recent', 'activity', 'often', 'stops', 'working', 'takes', 'too', 'long', 'update', 'reinstalling', 'doesn', 'help', 'even', 'have', 'visit', 'branch', 'for', 'start', 'working', 'which', 'unacceptable', 'today', 'problem', 'even', 'worse', 'outside', 'ethiopia']",-0.8631,-0.027777777777777766,0.3259259259259259,negative,
Excellent,CBE Bank,['excellent'],['excellent'],0.5719,1.0,1.0,positive,
so nice to me,CBE Bank,[],['nice'],0.4754,0.6,1.0,positive,
bad👎,CBE Bank,['bad👎'],['bad'],0.0,0.0,0.0,neutral,
very much for your information 👋,CBE Bank,['information'],"['much', 'for', 'your', 'information']",0.0,0.26,0.26,neutral,
nice app keep it up🤝🤝,CBE Bank,[],"['nice', 'keep']",0.4215,0.6,1.0,positive,
i like this app,CBE Bank,[],['like'],0.3612,0.0,0.0,positive,
i have more experience,CBE Bank,['experience'],"['have', 'more', 'experience']",0.0,0.5,0.5,neutral,
good,CBE Bank,[],['good'],0.4404,0.7,0.6000000000000001,positive,
I love this app,CBE Bank,[],['love'],0.6369,0.5,0.6,positive,
WOW!,CBE Bank,['wow'],['wow'],0.6239,0.125,1.0,positive,
the app freezes sometimes and crashing,CBE Bank,[],"['freezes', 'sometimes', 'crashing']",-0.0258,0.0,0.0,neutral,
for active payment it's number one chose,CBE Bank,"['payment', 'number', 'chose']","['for', 'active', 'payment', 'number', 'one', 'chose']",0.4588,-0.13333333333333333,0.6,positive,
"What a nasty Update is this !. May I say 'Events cast their shadow before happenings'. Trust, value, Bank's 'n' Customers' financial property, such like things, at risk once again(the State owned Bank experienced some months ago due to app development issues or some other unknown reasons. Unable to see my own current balance due to a hidden page being displayed, stacked transaction history since March 26th, among others. Is that a Banking app being developed by Professionals ?.",CBE Bank,"['update', 'may', ""'events"", 'shadow', 'happenings', 'trust', 'value', 'bank', 'customers', 'property', 'things', 'risk', 'state', 'bank', 'months', 'development', 'issues', 'reasons', 'balance', 'page', 'transaction', 'history', 'march', 'others', 'banking', 'professionals']","['what', 'nasty', 'update', 'may', 'say', 'events', 'cast', 'their', 'shadow', 'before', 'happenings', 'trust', 'value', 'bank', 'customers', 'financial', 'property', 'such', 'like', 'things', 'risk', 'once', 'again', 'state', 'owned', 'bank', 'experienced', 'some', 'months', 'ago', 'due', 'development', 'issues', 'some', 'other', 'unknown', 'reasons', 'unable', 'see', 'own', 'current', 'balance', 'due', 'hidden', 'page', 'being', 'displayed', 'stacked', 'transaction', 'history', 'since', 'march', '26th', 'among', 'others', 'banking', 'being', 'developed', 'professionals']",0.4199,-0.04935897435897434,0.5121794871794871,positive,
Very good Service provider bank,CBE Bank,"['service', 'provider', 'bank']","['good', 'service', 'provider', 'bank']",0.4927,0.9099999999999999,0.7800000000000001,positive,
it is not working,CBE Bank,[],"['not', 'working']",0.0,0.0,0.0,neutral,
nice,CBE Bank,[],['nice'],0.4215,0.6,1.0,positive,
Thank you for your service.,CBE Bank,"['thank', 'service']","['thank', 'for', 'your', 'service']",0.3612,0.0,0.0,positive,
good 👍,CBE Bank,[],['good'],0.4404,0.7,0.6000000000000001,positive,
wow,CBE Bank,['wow'],['wow'],0.5859,0.1,1.0,positive,
good,CBE Bank,[],['good'],0.4404,0.7,0.6000000000000001,positive,
good,CBE Bank,[],['good'],0.4404,0.7,0.6000000000000001,positive,
nice,CBE Bank,[],['nice'],0.4215,0.6,1.0,positive,
fully functional greate application it makes payment and transaction easier,CBE Bank,"['greate', 'payment', 'transaction']","['fully', 'functional', 'greate', 'makes', 'payment', 'transaction', 'easier']",0.4215,0.0,0.0,positive,
it's best for everyone,CBE Bank,['everyone'],"['best', 'for', 'everyone']",0.6369,1.0,0.3,positive,
good,CBE Bank,[],['good'],0.4404,0.7,0.6000000000000001,positive,
am happy using it.But why does it need continuous updates?,CBE Bank,['updates'],"['happy', 'using', 'why', 'does', 'need', 'continuous', 'updates']",0.5719,0.8,1.0,positive,
Good job,CBE Bank,['job'],"['good', 'job']",0.4404,0.7,0.6000000000000001,positive,
good jobs,CBE Bank,['jobs'],"['good', 'jobs']",0.4404,0.7,0.6000000000000001,positive,
it is wel,CBE Bank,[],['wel'],0.0,0.0,0.0,neutral,
best,CBE Bank,[],['best'],0.6369,1.0,0.3,positive,
swift,CBE Bank,['swift'],['swift'],0.2023,0.0,0.0,positive,
Good bank,CBE Bank,['bank'],"['good', 'bank']",0.4404,0.7,0.6000000000000001,positive,
nice,CBE Bank,[],['nice'],0.4215,0.6,1.0,positive,
👍👍,CBE Bank,[],[],0.0,0.0,0.0,neutral,
difficult to see our transactions after aweek,CBE Bank,"['transactions', 'aweek']","['difficult', 'see', 'our', 'transactions', 'after', 'aweek']",-0.3612,-0.5,1.0,negative,
Easy to use and reliable.,CBE Bank,['easy'],"['easy', 'use', 'reliable']",0.4404,0.43333333333333335,0.8333333333333334,positive,
its good,CBE Bank,[],"['its', 'good']",0.4404,0.7,0.6000000000000001,positive,
easy and fast,CBE Bank,[],"['easy', 'fast']",0.4404,0.31666666666666665,0.7166666666666667,positive,
በጣም ጥሩ ነው,CBE Bank,[],[],0.0,0.0,0.0,neutral,
this app is very good,CBE Bank,[],['good'],0.4927,0.9099999999999999,0.7800000000000001,positive,
very nice,CBE Bank,[],['nice'],0.4754,0.78,1.0,positive,
deduction but no transaction. not good,CBE Bank,"['deduction', 'transaction']","['deduction', 'transaction', 'not', 'good']",-0.7104,-0.35,0.6000000000000001,negative,
good app,CBE Bank,[],['good'],0.4404,0.7,0.6000000000000001,positive,
good,CBE Bank,[],['good'],0.4404,0.7,0.6000000000000001,positive,
Musxafaa,CBE Bank,['musxafaa'],['musxafaa'],0.0,0.0,0.0,neutral,
good,CBE Bank,[],['good'],0.4404,0.7,0.6000000000000001,positive,
Good,CBE Bank,[],['good'],0.4404,0.7,0.6000000000000001,positive,
good,CBE Bank,[],['good'],0.4404,0.7,0.6000000000000001,positive,
great 👍,CBE Bank,[],['great'],0.6249,0.8,0.75,positive,
I had good time with CBE,CBE Bank,"['time', 'cbe']","['had', 'good', 'time', 'with', 'cbe']",0.4404,0.7,0.6000000000000001,positive,
crashes every time you need to update this app ASAP.. i will be changing bank if tjis continues,CBE Bank,"['crashes', 'time', 'asap', 'bank']","['crashes', 'every', 'time', 'need', 'update', 'asap', 'will', 'changing', 'bank', 'tjis', 'continues']",0.0,0.0,0.0,neutral,
well expriences,CBE Bank,['expriences'],"['well', 'expriences']",0.2732,0.0,0.0,positive,
itii fayadamaa namaa fayadaa kuniin,CBE Bank,"['itii', 'fayadamaa', 'fayadaa', 'kuniin']","['itii', 'fayadamaa', 'namaa', 'fayadaa', 'kuniin']",0.0,0.0,0.0,neutral,
crush alot,CBE Bank,"['crush', 'alot']","['crush', 'alot']",-0.1531,0.0,0.0,negative,
Best,CBE Bank,[],['best'],0.6369,1.0,0.3,positive,
Not that happy at this app,CBE Bank,[],"['not', 'happy']",-0.4585,0.8,1.0,negative,
100%100 Fast and Amazing app !! 🏆🏆🏆🏆🏆🏆🏆🏆 💞🌷🇪🇹,CBE Bank,"['fast', 'amazing', '💞🌷🇪🇹']","['100', '100', 'fast', 'amazing']",0.658,0.5687500000000001,0.75,positive,
lulit tukka giro,CBE Bank,"['tukka', 'giro']","['lulit', 'tukka', 'giro']",0.0,0.0,0.0,neutral,
Enough good even it hasn't transferring for other telebirr users,CBE Bank,"['telebirr', 'users']","['enough', 'good', 'even', 'hasn', 'transferring', 'for', 'other', 'telebirr', 'users']",0.4404,0.19166666666666665,0.4916666666666667,positive,
not good not bad.,CBE Bank,[],"['not', 'good', 'not', 'bad']",-0.5824,-2.7755575615628914e-17,0.6333333333333333,negative,
"my favorite so far, but, how come we are not able to download the app and fix our problem ourselves? it is not fair to go to the bank and fix it for you? please think about it. Thank you",CBE Bank,"['favorite', 'problem', 'bank', 'thank']","['favorite', 'far', 'how', 'come', 'not', 'able', 'download', 'fix', 'our', 'problem', 'ourselves', 'not', 'fair', 'bank', 'fix', 'for', 'please', 'think', 'about', 'thank']",0.3751,0.0,0.88125,positive,
good,CBE Bank,[],['good'],0.4404,0.7,0.6000000000000001,positive,
good,CBE Bank,[],['good'],0.4404,0.7,0.6000000000000001,positive,
bad strresing,CBE Bank,['strresing'],"['bad', 'strresing']",-0.5423,-0.6999999999999998,0.6666666666666666,negative,
easy fast helpful for our business,CBE Bank,"['helpful', 'business']","['easy', 'fast', 'helpful', 'for', 'our', 'business']",0.6908,0.31666666666666665,0.7166666666666667,positive,
cool,CBE Bank,['cool'],['cool'],0.3182,0.35,0.65,positive,
"This application was not that great, and its performance has unfortunately declined further. For the past week, I have been unable to access my balance or transfer funds. This situation is causing considerable concern and inconvenience, as I cannot access my money in a timely manner. This has resulted in late payments and a loss of confidence and trust. Furthermore, I have not received a response to my message to the customer support team.",CBE Bank,"['performance', 'week', 'access', 'balance', 'funds', 'situation', 'concern', 'inconvenience', 'access', 'money', 'manner', 'payments', 'loss', 'confidence', 'trust', 'furthermore', 'response', 'message', 'customer', 'support', 'team']","['not', 'great', 'its', 'performance', 'has', 'unfortunately', 'declined', 'further', 'for', 'past', 'week', 'have', 'been', 'unable', 'access', 'balance', 'transfer', 'funds', 'situation', 'causing', 'considerable', 'concern', 'inconvenience', 'cannot', 'access', 'money', 'timely', 'manner', 'has', 'resulted', 'late', 'payments', 'loss', 'confidence', 'trust', 'furthermore', 'have', 'not', 'received', 'response', 'message', 'customer', 'support', 'team']",-0.05,-0.09285714285714285,0.5785714285714285,negative,
I can't download this app please assist how it can be downloaded,CBE Bank,['please'],"['can', 'download', 'please', 'assist', 'how', 'can', 'downloaded']",0.3182,0.0,0.0,positive,
🤙,CBE Bank,[],[],0.0,0.0,0.0,neutral,
accessibility need to be taken seriously. There are people excluded because of inaccessible apps.,CBE Bank,"['accessibility', 'need', 'people', 'apps']","['accessibility', 'need', 'taken', 'seriously', 'there', 'people', 'excluded', 'because', 'inaccessible', 'apps']",-0.4767,-0.3333333333333333,0.6666666666666666,negative,
nice,CBE Bank,[],['nice'],0.4215,0.6,1.0,positive,
good,CBE Bank,[],['good'],0.4404,0.7,0.6000000000000001,positive,
it's has an issue,CBE Bank,['issue'],"['has', 'issue']",0.0,0.0,0.0,neutral,
I customer for commercial bank of Ethiopia I trade,CBE Bank,"['customer', 'bank', 'ethiopia']","['customer', 'for', 'commercial', 'bank', 'ethiopia', 'trade']",0.0,0.0,0.0,neutral,
sestemaa siresun osoo manaa banki hindemne namnii barbade national id isa fayadamee osoo banachun danda'ame bayye nammati tola live event qabate,CBE Bank,"['sestemaa', 'siresun', 'osoo', 'manaa', 'banki', 'hindemne', 'isa', 'fayadamee', 'osoo', 'banachun', ""danda'ame"", 'bayye', 'tola', 'event', 'qabate']","['sestemaa', 'siresun', 'osoo', 'manaa', 'banki', 'hindemne', 'namnii', 'barbade', 'national', 'isa', 'fayadamee', 'osoo', 'banachun', 'danda', 'ame', 'bayye', 'nammati', 'tola', 'live', 'event', 'qabate']",0.0,0.13636363636363635,0.5,neutral,
pls speedup for quick uses,CBE Bank,"['pls', 'speedup', 'uses']","['pls', 'speedup', 'for', 'quick', 'uses']",0.0772,0.3333333333333333,0.5,positive,
Pls facilitate transfer to telebirr agent,CBE Bank,"['pls', 'facilitate', 'transfer', 'agent']","['pls', 'facilitate', 'transfer', 'telebirr', 'agent']",0.0772,0.0,0.0,positive,
"before, it was nice. now it does not work and crash automatically",CBE Bank,[],"['before', 'nice', 'now', 'does', 'not', 'work', 'crash', 'automatically']",0.6197,0.6,1.0,positive,
does not working well,CBE Bank,[],"['does', 'not', 'working', 'well']",-0.2057,0.0,0.0,negative,
good,CBE Bank,[],['good'],0.4404,0.7,0.6000000000000001,positive,
ok,CBE Bank,[],[],0.296,0.5,0.5,positive,
"life longe bank CBE , Save & change your life.",CBE Bank,"['life', 'longe', 'bank', 'cbe', 'save', 'life']","['life', 'longe', 'bank', 'cbe', 'save', 'change', 'your', 'life']",0.4939,0.0,0.0,positive,
keeps on saying bucket override when I try to pay henon school fee,CBE Bank,"['keeps', 'bucket', 'school', 'fee']","['keeps', 'saying', 'bucket', 'override', 'when', 'try', 'pay', 'henon', 'school', 'fee']",-0.1027,0.0,0.0,negative,
Factory reset made me to lose my pin to login to my account!,CBE Bank,"['factory', 'reset', 'pin', 'account']","['factory', 'reset', 'made', 'lose', 'pin', 'login', 'account']",-0.4574,0.0,0.0,negative,
This is app is not fast and not working well in all android phone. eg it is not functioning well using one plus phone.,CBE Bank,"['phone', 'phone']","['not', 'fast', 'not', 'working', 'well', 'all', 'android', 'phone', 'not', 'functioning', 'well', 'using', 'one', 'plus', 'phone']",-0.3875,-0.1,0.6,negative,
gooooodddd.....,CBE Bank,"['gooooodddd', '.....']",['gooooodddd'],0.0,0.0,0.0,neutral,
it's v good app sometimes there is a problem on other bank transfers,CBE Bank,"['problem', 'bank', 'transfers']","['good', 'sometimes', 'there', 'problem', 'other', 'bank', 'transfers']",0.0516,0.2875,0.48750000000000004,positive,
nice app,CBE Bank,[],['nice'],0.4215,0.6,1.0,positive,
very nice app,CBE Bank,[],['nice'],0.4754,0.78,1.0,positive,
ok,CBE Bank,[],[],0.296,0.5,0.5,positive,
it looks fantasy,CBE Bank,[],"['looks', 'fantasy']",0.0,0.0,0.0,neutral,
it is more convenient app,CBE Bank,[],"['more', 'convenient']",0.0,0.5,0.5,neutral,
nice app,CBE Bank,[],['nice'],0.4215,0.6,1.0,positive,
it's best app to use recently and upgraded day to day for internationalization,CBE Bank,"['day', 'day', 'internationalization']","['best', 'use', 'recently', 'upgraded', 'day', 'day', 'for', 'internationalization']",0.6369,0.5,0.275,positive,
its good,CBE Bank,[],"['its', 'good']",0.4404,0.7,0.6000000000000001,positive,
korsa,CBE Bank,['korsa'],['korsa'],0.0,0.0,0.0,neutral,
CBE does not offer anything international.,CBE Bank,"['cbe', 'anything']","['cbe', 'does', 'not', 'offer', 'anything', 'international']",0.0,0.0,0.0,neutral,
Absolute garbage,CBE Bank,"['absolute', 'garbage']","['absolute', 'garbage']",0.0,0.2,0.9,neutral,
"im having a terrible experience with this app, im getting 'unable to connect' error, this happened for a while now and they didnt fix it, it is so unreliable in times i need it that i have to resort to using ussd code instead of it. please fix this issue",CBE Bank,"['experience', 'error', 'while', 'times', 'code', 'issue']","['having', 'terrible', 'experience', 'with', 'getting', 'unable', 'connect', 'error', 'happened', 'for', 'while', 'now', 'didnt', 'fix', 'unreliable', 'times', 'need', 'have', 'resort', 'using', 'ussd', 'code', 'instead', 'please', 'fix', 'issue']",-0.5423,-0.75,0.75,negative,
አሪፍ ነው,CBE Bank,['አሪፍ'],['አሪፍ'],0.0,0.0,0.0,neutral,
I have 1 year and thank you for yo ur genuine service,CBE Bank,"['year', 'thank', 'genuine', 'service']","['have', 'year', 'thank', 'for', 'genuine', 'service']",0.3612,0.4,0.5,positive,
it is the best application in the Ethiopia I like it this,CBE Bank,['ethiopia'],"['best', 'ethiopia', 'like']",0.7717,1.0,0.3,positive,
excellent,CBE Bank,['excellent'],['excellent'],0.5719,1.0,1.0,positive,
Excellent,CBE Bank,['excellent'],['excellent'],0.5719,1.0,1.0,positive,
ካየህዋቸው ተመሳሳይ መተግበርያዎች በጣም ጥሩ መተግበርያ ነው,CBE Bank,"['ተመሳሳይ', 'መተግበርያዎች', 'መተግበርያ']","['ካየህዋቸው', 'ተመሳሳይ', 'መተግበርያዎች', 'መተግበርያ']",0.0,0.0,0.0,neutral,
super spp,CBE Bank,"['super', 'spp']","['super', 'spp']",0.5994,0.3333333333333333,0.6666666666666666,positive,
i like cbe service,CBE Bank,"['cbe', 'service']","['like', 'cbe', 'service']",0.3612,0.0,0.0,positive,
best bank for Android application form market place and key number,CBE Bank,"['bank', 'android', 'form', 'market', 'place', 'number']","['best', 'bank', 'for', 'android', 'form', 'market', 'place', 'key', 'number']",0.6705,0.5,0.65,positive,
good job,CBE Bank,['job'],"['good', 'job']",0.4404,0.7,0.6000000000000001,positive,
"Trasaction history not sorted in time basis, besides the hilight transaction and its details which is found by clicking the highht transaction are diffrent. Generally, the tansaction history page has a critical problem",CBE Bank,"['trasaction', 'history', 'time', 'basis', 'transaction', 'details', 'transaction', 'diffrent', 'tansaction', 'history', 'page', 'problem']","['trasaction', 'history', 'not', 'sorted', 'time', 'basis', 'besides', 'hilight', 'transaction', 'its', 'details', 'which', 'found', 'clicking', 'highht', 'transaction', 'diffrent', 'generally', 'tansaction', 'history', 'page', 'has', 'critical', 'problem']",-0.6124,0.02500000000000001,0.65,negative,
Rtgs limit very small,CBE Bank,"['rtgs', 'limit']","['rtgs', 'limit', 'small']",0.0,-0.325,0.52,neutral,
good,CBE Bank,[],['good'],0.4404,0.7,0.6000000000000001,positive,
የጣት አሻራ አገልግሎት አላገኘሁም። አጠቃቀሙ ጠፍቶኝ ይሆን?,CBE Bank,"['አሻራ', 'አገልግሎት', 'አላገኘሁም።', 'አጠቃቀሙ', 'ጠፍቶኝ', 'ይሆን']","['የጣት', 'አሻራ', 'አገልግሎት', 'አላገኘሁም', 'አጠቃቀሙ', 'ጠፍቶኝ', 'ይሆን']",0.0,0.0,0.0,neutral,
good,CBE Bank,[],['good'],0.4404,0.7,0.6000000000000001,positive,
very bad experience as its very slow,CBE Bank,['experience'],"['bad', 'experience', 'its', 'slow']",-0.5849,-0.6499999999999999,0.6933333333333334,negative,
Good&fast,CBE Bank,"['good', 'fast']","['good', 'fast']",0.0,0.0,0.0,neutral,
good,CBE Bank,[],['good'],0.4404,0.7,0.6000000000000001,positive,
i luv it,CBE Bank,[],['luv'],0.0,0.0,0.0,neutral,
very nice 👌,CBE Bank,[],['nice'],0.4754,0.78,1.0,positive,
اليش يتعخر معرف والله,CBE Bank,"['يتعخر', 'معرف', 'والله']","['اليش', 'يتعخر', 'معرف', 'والله']",0.0,0.0,0.0,neutral,
good application 💯💯💯.,CBE Bank,['💯💯💯'],['good'],0.4404,0.7,0.6000000000000001,positive,
best,CBE Bank,[],['best'],0.6369,1.0,0.3,positive,
good app,CBE Bank,[],['good'],0.4404,0.7,0.6000000000000001,positive,
good,CBE Bank,[],['good'],0.4404,0.7,0.6000000000000001,positive,
ok,CBE Bank,[],[],0.296,0.5,0.5,positive,
it cost us a lot just by transfer and in other way not fair,CBE Bank,"['lot', 'transfer', 'way']","['cost', 'lot', 'just', 'transfer', 'other', 'way', 'not', 'fair']",-0.2411,-0.2375,0.6375,negative,
Great app,CBE Bank,['great'],['great'],0.6249,0.8,0.75,positive,
Interesting app,CBE Bank,[],['interesting'],0.4019,0.5,0.5,positive,
ok,CBE Bank,[],[],0.296,0.5,0.5,positive,
"i didn't get feed back through message ,Why so?",CBE Bank,['message'],"['didn', 'get', 'feed', 'back', 'through', 'message', 'why']",0.0,0.0,0.0,neutral,
good and fast,CBE Bank,[],"['good', 'fast']",0.4404,0.44999999999999996,0.6000000000000001,positive,
"v, good",CBE Bank,[],['good'],0.4404,0.7,0.6000000000000001,positive,
Nice App,CBE Bank,['nice'],['nice'],0.4215,0.6,1.0,positive,
best,CBE Bank,[],['best'],0.6369,1.0,0.3,positive,
"Very secured, fast and favourable",CBE Bank,[],"['secured', 'fast', 'favourable']",0.4576,0.2,0.44999999999999996,positive,
owww cbe,CBE Bank,"['owww', 'cbe']","['owww', 'cbe']",0.0,0.0,0.0,neutral,
perfect app,CBE Bank,[],['perfect'],0.5719,1.0,1.0,positive,
this secure app of all Ethiopia mobile banking ever.,CBE Bank,"['secure', 'ethiopia', 'mobile', 'banking']","['secure', 'all', 'ethiopia', 'mobile', 'banking', 'ever']",0.34,0.4,0.6,positive,
ok,CBE Bank,[],[],0.296,0.5,0.5,positive,
is good,CBE Bank,[],['good'],0.4404,0.7,0.6000000000000001,positive,
Number One App,CBE Bank,['number'],"['number', 'one']",0.0772,0.0,0.0,positive,
it good. to get services,CBE Bank,['services'],"['good', 'get', 'services']",0.4404,0.7,0.6000000000000001,positive,
good,CBE Bank,[],['good'],0.4404,0.7,0.6000000000000001,positive,
it's good app for ease of access mobile banking transaction and use our time properly!,CBE Bank,"['ease', 'access', 'banking', 'transaction', 'time']","['good', 'for', 'ease', 'access', 'mobile', 'banking', 'transaction', 'use', 'our', 'time', 'properly']",0.69,0.35,0.35000000000000003,positive,
"pls make an option fingerprint Biometric payment only, it's fast and secure to pay",CBE Bank,"['pls', 'option', 'fingerprint', 'biometric', 'payment']","['pls', 'make', 'option', 'fingerprint', 'biometric', 'payment', 'only', 'fast', 'secure', 'pay']",0.3182,0.20000000000000004,0.7333333333333334,positive,
በጣም ቀላልና ፈጣን ለመጠቀም ወድጀዋለሁ,CBE Bank,"['ቀላልና', 'ፈጣን', 'ለመጠቀም', 'ወድጀዋለሁ']","['ቀላልና', 'ፈጣን', 'ለመጠቀም', 'ወድጀዋለሁ']",0.0,0.0,0.0,neutral,
I love this up to much eollahi,CBE Bank,['eollahi'],"['love', 'much', 'eollahi']",0.6369,0.35,0.4,positive,
I hope this bank have excellent Mobile app but still not easy and not working in holidays why,CBE Bank,"['bank', 'mobile', 'holidays']","['hope', 'bank', 'have', 'excellent', 'mobile', 'still', 'not', 'easy', 'not', 'working', 'holidays', 'why']",-0.3788,0.39166666666666666,0.9166666666666667,negative,
"It's a great, easy-to-use, very convenient and secure app.",CBE Bank,[],"['great', 'easy', 'use', 'convenient', 'secure']",0.7759,0.4666666666666666,0.5499999999999999,positive,
Good Job,CBE Bank,['job'],"['good', 'job']",0.4404,0.7,0.6000000000000001,positive,
best,CBE Bank,[],['best'],0.6369,1.0,0.3,positive,
best,CBE Bank,[],['best'],0.6369,1.0,0.3,positive,
it's so use full and secure 👍💪👌,CBE Bank,['👍💪👌'],"['use', 'full', 'secure']",0.34,0.375,0.575,positive,
"there should be atm voucher access included , and also the app crash sometimes .",CBE Bank,"['access', 'crash']","['there', 'should', 'atm', 'voucher', 'access', 'included', 'also', 'crash', 'sometimes']",-0.4019,0.0,0.0,negative,
ok,CBE Bank,[],[],0.296,0.5,0.5,positive,
"The app has some issues we need to have a place where we save our contacts where we usually send money to, after update I keep loosing all the important accounts.Also user needs to configure their notification types we want to receive either by email ,SMS or both. right now I don't get any notifications when I receive funds from companies.",CBE Bank,"['issues', 'place', 'contacts', 'money', 'accounts.also', 'needs', 'notification', 'email', 'sms', 'right', 'notifications', 'funds', 'companies']","['has', 'some', 'issues', 'need', 'have', 'place', 'where', 'save', 'our', 'contacts', 'where', 'usually', 'send', 'money', 'after', 'update', 'keep', 'loosing', 'all', 'important', 'accounts', 'also', 'user', 'needs', 'configure', 'their', 'notification', 'types', 'want', 'receive', 'either', 'email', 'sms', 'both', 'right', 'now', 'don', 'get', 'any', 'notifications', 'when', 'receive', 'funds', 'from', 'companies']",0.6486,0.14523809523809525,0.5952380952380952,positive,
after the the recent update the app not responding. even transfer to telebirr isn't working.,CBE Bank,['update'],"['after', 'recent', 'update', 'not', 'responding', 'even', 'transfer', 'telebirr', 'isn', 'working']",0.0,0.0,0.25,neutral,
Need more additional future include for now it's not bad,CBE Bank,['future'],"['need', 'more', 'additional', 'future', 'include', 'for', 'now', 'not', 'bad']",0.431,0.28333333333333327,0.4305555555555555,positive,
I don't like. I can't make transfer to my own telebirr,CBE Bank,"['transfer', 'telebirr']","['don', 'like', 'can', 'make', 'transfer', 'own', 'telebirr']",-0.2755,0.6,1.0,negative,
lag and stack not quick response 😞😞,CBE Bank,"['lag', 'stack', 'response']","['lag', 'stack', 'not', 'quick', 'response']",-0.34,-0.16666666666666666,0.5,negative,
Best app.,CBE Bank,['best'],['best'],0.6369,1.0,0.3,positive,
"This application was not that great, and its performance has unfortunately declined further. For the past week, I have been unable to access my balance or transfer funds. This situation is causing considerable concern and inconvenience, as I cannot access my money in a timely manner. This has resulted in late payments and a loss of confidence and trust. Furthermore, I have not received a response to my message to the customer support team",CBE Bank,"['performance', 'week', 'access', 'balance', 'funds', 'situation', 'concern', 'inconvenience', 'access', 'money', 'manner', 'payments', 'loss', 'confidence', 'trust', 'furthermore', 'response', 'message', 'customer', 'support', 'team']","['not', 'great', 'its', 'performance', 'has', 'unfortunately', 'declined', 'further', 'for', 'past', 'week', 'have', 'been', 'unable', 'access', 'balance', 'transfer', 'funds', 'situation', 'causing', 'considerable', 'concern', 'inconvenience', 'cannot', 'access', 'money', 'timely', 'manner', 'has', 'resulted', 'late', 'payments', 'loss', 'confidence', 'trust', 'furthermore', 'have', 'not', 'received', 'response', 'message', 'customer', 'support', 'team']",-0.05,-0.09285714285714285,0.5785714285714285,negative,
Very good,CBE Bank,[],['good'],0.4927,0.9099999999999999,0.7800000000000001,positive,
አዲሱ ገጽታው በጣም ያስጠላል። ለአይን ይከብዳል። ወደነበረበት ብትመልሱት።,CBE Bank,"['ገጽታው', 'ያስጠላል።', 'ለአይን', 'ይከብዳል።', 'ወደነበረበት', 'ብትመልሱት።']","['አዲሱ', 'ገጽታው', 'ያስጠላል', 'ለአይን', 'ይከብዳል', 'ወደነበረበት', 'ብትመልሱት']",0.0,0.0,0.0,neutral,
I like it but sometimes there is a system error,CBE Bank,"['system', 'error']","['like', 'sometimes', 'there', 'system', 'error']",-0.4215,0.0,0.0,negative,
good,CBE Bank,[],['good'],0.4404,0.7,0.6000000000000001,positive,
"the app keeps asking for update, even after being updated",CBE Bank,"['keeps', 'update']","['keeps', 'asking', 'for', 'update', 'even', 'after', 'being', 'updated']",0.0,0.0,0.0,neutral,
good,CBE Bank,[],['good'],0.4404,0.7,0.6000000000000001,positive,
tel birr,CBE Bank,"['tel', 'birr']","['tel', 'birr']",0.0,0.0,0.0,neutral,
Good !,CBE Bank,[],['good'],0.4926,0.875,0.6000000000000001,positive,
good,CBE Bank,[],['good'],0.4404,0.7,0.6000000000000001,positive,
good,CBE Bank,[],['good'],0.4404,0.7,0.6000000000000001,positive,
very good cbe app,CBE Bank,['cbe'],"['good', 'cbe']",0.4927,0.9099999999999999,0.7800000000000001,positive,
halaba kuleto,CBE Bank,"['halaba', 'kuleto']","['halaba', 'kuleto']",0.0,0.0,0.0,neutral,
best app ever,CBE Bank,[],"['best', 'ever']",0.6369,1.0,0.3,positive,
like,CBE Bank,[],['like'],0.3612,0.0,0.0,positive,
the best,CBE Bank,[],['best'],0.6369,1.0,0.3,positive,
good app but it needs more languages do it with more than four languages,CBE Bank,"['languages', 'languages']","['good', 'needs', 'more', 'languages', 'with', 'more', 'than', 'four', 'languages']",0.2382,0.5666666666666667,0.5333333333333333,positive,
good work,CBE Bank,['work'],"['good', 'work']",0.4404,0.7,0.6000000000000001,positive,
ok,CBE Bank,[],[],0.296,0.5,0.5,positive,
wow app.The developers make improvements every time.,CBE Bank,"['wow', 'app.the', 'developers', 'improvements', 'time']","['wow', 'developers', 'make', 'improvements', 'every', 'time']",0.7269,0.1,1.0,positive,
nice and perfect,CBE Bank,[],"['nice', 'perfect']",0.7579,0.8,1.0,positive,
best experience,CBE Bank,['experience'],"['best', 'experience']",0.6369,1.0,0.3,positive,
What's wrong after i update the app unable to open,CBE Bank,[],"['what', 'wrong', 'after', 'update', 'unable', 'open']",-0.4767,-0.3333333333333333,0.6333333333333333,negative,
good,CBE Bank,[],['good'],0.4404,0.7,0.6000000000000001,positive,
👍👍it is good. pls Hide the amount that appear on the top when we need to transfer🙏,CBE Bank,"['👍👍it', 'amount']","['good', 'pls', 'hide', 'amount', 'appear', 'top', 'when', 'need', 'transfer']",0.5106,0.6,0.55,positive,
not sure at the moment,CBE Bank,['moment'],"['not', 'sure', 'moment']",-0.2411,-0.25,0.8888888888888888,negative,
Good,CBE Bank,[],['good'],0.4404,0.7,0.6000000000000001,positive,
it's the best app i have every seen it is fast and securty,CBE Bank,['securty'],"['best', 'have', 'every', 'seen', 'fast', 'securty']",0.6369,0.6,0.44999999999999996,positive,
Useful apps,CBE Bank,['apps'],"['useful', 'apps']",0.4404,0.3,0.0,positive,
easy to use,CBE Bank,[],"['easy', 'use']",0.4404,0.43333333333333335,0.8333333333333334,positive,
waw,CBE Bank,['waw'],['waw'],0.0,0.0,0.0,neutral,
"This app used to work well, but now it constantly shows an error saying it can’t load my accounts and tells me to visit a branch. I’m not even in the country, so that’s not possible. The app has frequent issues and needs better reliability and remote support options.",CBE Bank,"['error', 'load', 'accounts', 'tells', 'branch', 'country', 'issues', 'needs', 'reliability', 'support', 'options']","['used', 'work', 'well', 'now', 'constantly', 'shows', 'error', 'saying', 'can', 'load', 'accounts', 'tells', 'visit', 'branch', 'not', 'even', 'country', 'not', 'possible', 'has', 'frequent', 'issues', 'needs', 'better', 'reliability', 'remote', 'support', 'options']",0.6597,0.1,0.4666666666666667,positive,
nice,CBE Bank,[],['nice'],0.4215,0.6,1.0,positive,
good,CBE Bank,[],['good'],0.4404,0.7,0.6000000000000001,positive,
I am very comfortable because we can easily access various transfer services that we used to have to go to the bank.,CBE Bank,"['access', 'transfer', 'services', 'bank']","['comfortable', 'because', 'can', 'easily', 'access', 'various', 'transfer', 'services', 'used', 'have', 'bank']",0.7178,0.31777777777777777,0.7777777777777778,positive,
ok,CBE Bank,[],[],0.296,0.5,0.5,positive,
i am so happy,CBE Bank,[],['happy'],0.6115,0.8,1.0,positive,
good,CBE Bank,[],['good'],0.4404,0.7,0.6000000000000001,positive,
good app,CBE Bank,[],['good'],0.4404,0.7,0.6000000000000001,positive,
good job,CBE Bank,['job'],"['good', 'job']",0.4404,0.7,0.6000000000000001,positive,
best,CBE Bank,[],['best'],0.6369,1.0,0.3,positive,
I'm from Ethiopia and proud of CBE service app.,CBE Bank,"['ethiopia', 'proud', 'cbe', 'service']","['from', 'ethiopia', 'proud', 'cbe', 'service']",0.4767,0.8,1.0,positive,
I am successful with app,CBE Bank,[],"['successful', 'with']",0.5859,0.75,0.95,positive,
everything is boaring the previous one is good,CBE Bank,['everything'],"['everything', 'boaring', 'previous', 'one', 'good']",0.4404,0.26666666666666666,0.38333333333333336,positive,
The recent update is trash. I couldn't refresh the page. It's not even trying to sync. Please fix the bug and release a clean version.,CBE Bank,"['update', 'page', 'please', 'bug', 'version']","['recent', 'update', 'trash', 'couldn', 'refresh', 'page', 'not', 'even', 'trying', 'sync', 'please', 'fix', 'bug', 'release', 'clean', 'version']",0.6124,0.18333333333333335,0.47500000000000003,positive,
ወከቀቀ,CBE Bank,['ወከቀቀ'],['ወከቀቀ'],0.0,0.0,0.0,neutral,
Nice,CBE Bank,['nice'],['nice'],0.4215,0.6,1.0,positive,
This app is very good and helpful I am Happy working with cbe mobile banking tanx all members and I am ready invite all my family and friends ❤️,CBE Bank,"['banking', 'members', 'invite', 'family', 'friends']","['good', 'helpful', 'happy', 'working', 'with', 'cbe', 'mobile', 'banking', 'tanx', 'all', 'members', 'ready', 'invite', 'all', 'family', 'friends']",0.9447,0.6366666666666666,0.7600000000000001,positive,
Samsung A-5360 is not my device and i did not opened by this,CBE Bank,"['samsung', 'a-5360', 'device']","['samsung', '5360', 'not', 'device', 'did', 'not', 'opened']",0.0,0.0,0.0,neutral,
notwork totransferto other,CBE Bank,"['notwork', 'totransferto']","['notwork', 'totransferto', 'other']",0.0,-0.125,0.375,neutral,
የCommercial Bank of Ethiopia ሞባይል ባንኪንግ አገልግሎት በአጠቃላይ ጠቃሚ ነው፣ ግን አንድ ችግር አጋጥሞኛል። የሂሳብ ቁጥር በምናስገባበት ሳጥን ላይ “Mr” ወይም “Mrs” ከሚለው ቀጥሎ ያለውን ስም ለማስገባት ስፔስ (space) መጠቀም አይቻልም። ይህ ተጠቃሚዎችን ስም ትክክለኛ ለማስገባት እንዲቸገሩ ያደርጋል። እባክዎ በዚህ ክፍል ስፔስ መጠቀም እንዲቻል ወይም የስም መሙያ ስርዓቱን እንዲሻሻል ቢያደርጉ በጣም ጥሩ ይሆናል።,CBE Bank,"['bank', 'ethiopia', 'ሞባይል', 'ባንኪንግ', 'አገልግሎት', 'በአጠቃላይ', 'ጠቃሚ', 'ነው፣', 'አንድ', 'ችግር', 'አጋጥሞኛል።', 'የሂሳብ', 'ቁጥር', 'በምናስገባበት', 'ሳጥን', 'ወይም', 'mrs', 'ከሚለው', 'ቀጥሎ', 'ያለውን', 'ለማስገባት', 'ስፔስ', 'space', 'ይሆናል።']","['የcommercial', 'bank', 'ethiopia', 'ሞባይል', 'ባንኪንግ', 'አገልግሎት', 'በአጠቃላይ', 'ጠቃሚ', 'አንድ', 'ችግር', 'አጋጥሞኛል', 'የሂሳብ', 'ቁጥር', 'በምናስገባበት', 'ሳጥን', 'ወይም', 'mrs', 'ከሚለው', 'ቀጥሎ', 'ያለውን', 'ለማስገባት', 'ስፔስ', 'space', 'መጠቀም', 'አይቻልም', 'ተጠቃሚዎችን', 'ትክክለኛ', 'ለማስገባት', 'እንዲቸገሩ', 'ያደርጋል', 'እባክዎ', 'በዚህ', 'ክፍል', 'ስፔስ', 'መጠቀም', 'እንዲቻል', 'ወይም', 'የስም', 'መሙያ', 'ስርዓቱን', 'እንዲሻሻል', 'ቢያደርጉ', 'ይሆናል']",0.0,0.0,0.0,neutral,
🫶👍🙏,CBE Bank,['🫶👍🙏'],[],0.0,0.0,0.0,neutral,
ok,CBE Bank,[],[],0.296,0.5,0.5,positive,
good,CBE Bank,[],['good'],0.4404,0.7,0.6000000000000001,positive,
ok,CBE Bank,[],[],0.296,0.5,0.5,positive,
nice,CBE Bank,[],['nice'],0.4215,0.6,1.0,positive,
i like it,CBE Bank,[],['like'],0.3612,0.0,0.0,positive,
ok,CBE Bank,[],[],0.296,0.5,0.5,positive,
unable to use it is not performed well,CBE Bank,[],"['unable', 'use', 'not', 'performed', 'well']",-0.2057,-0.5,0.5,negative,
cbe mobile app best app,CBE Bank,['cbe'],"['cbe', 'mobile', 'best']",0.6369,1.0,0.3,positive,
"easy for use,and good privacy",CBE Bank,"['easy', 'use', 'privacy']","['easy', 'for', 'use', 'good', 'privacy']",0.7003,0.5666666666666667,0.7166666666666668,positive,
amazing,CBE Bank,[],['amazing'],0.5859,0.6000000000000001,0.9,positive,
i really judged this app. 99% were profit exclusive for others only with organization benefit.,CBE Bank,"['others', 'organization', 'benefit']","['really', 'judged', 'profit', 'exclusive', 'for', 'others', 'only', 'with', 'organization', 'benefit']",0.7506,0.1,0.6,positive,
Good,CBE Bank,[],['good'],0.4404,0.7,0.6000000000000001,positive,
"It is so good,and easy to use.",CBE Bank,[],"['good', 'easy', 'use']",0.4902,0.43333333333333335,0.8333333333333334,positive,
great app,CBE Bank,[],['great'],0.6249,0.8,0.75,positive,
update is not downgrade. its literally not working,CBE Bank,['update'],"['update', 'not', 'downgrade', 'its', 'literally', 'not', 'working']",0.0,0.0,0.0,neutral,
Please consider optimizing the app for Huawei Mobile Services (HMS). It doesn't work after the update.,CBE Bank,"['please', 'huawei', 'mobile', 'services', 'hms', 'update']","['please', 'consider', 'optimizing', 'for', 'huawei', 'mobile', 'services', 'hms', 'doesn', 'work', 'after', 'update']",0.6486,0.0,0.0,positive,
please use the cute ui as a professional developer,CBE Bank,"['please', 'cute', 'developer']","['please', 'use', 'cute', 'professional', 'developer']",0.6486,0.3,0.55,positive,
Daily Of the day Transfer Limit Restriction If there wasn't If it didn't have Very Extremely Happy We would be.,CBE Bank,"['daily', 'day', 'transfer', 'limit', 'restriction']","['daily', 'day', 'transfer', 'limit', 'restriction', 'there', 'wasn', 'didn', 'have', 'extremely', 'happy', 'would']",0.489,0.4,0.5,positive,
best,CBE Bank,[],['best'],0.6369,1.0,0.3,positive,
Amazing,CBE Bank,[],['amazing'],0.5859,0.6000000000000001,0.9,positive,
worst apk for a big bank,CBE Bank,"['apk', 'bank']","['worst', 'apk', 'for', 'big', 'bank']",-0.6249,-0.5,0.55,negative,
doesn't work properly with safaricom network.,CBE Bank,['network'],"['doesn', 'work', 'properly', 'with', 'safaricom', 'network']",0.0,0.0,0.1,neutral,
"The app forcefully made me an update, since then every time I try to make a payment it keeps bugging and failing non stop. please fix that . this is a big company not a start up .",CBE Bank,"['update', 'time', 'payment', 'stop', 'company', 'start']","['forcefully', 'made', 'update', 'since', 'then', 'every', 'time', 'try', 'make', 'payment', 'keeps', 'bugging', 'failing', 'non', 'stop', 'please', 'fix', 'big', 'company', 'not', 'start']",-0.4939,0.0,0.1,negative,
good,CBE Bank,[],['good'],0.4404,0.7,0.6000000000000001,positive,
I found that when i am using safaricom network the app keeps crashing a lot and not working and as soon as i change the network it will work smoothly so make is a lot compatible with the safaricom network service.,CBE Bank,"['safaricom', 'network', 'lot', 'network', 'lot', 'safaricom', 'network', 'service']","['found', 'when', 'using', 'safaricom', 'network', 'keeps', 'crashing', 'lot', 'not', 'working', 'soon', 'change', 'network', 'will', 'work', 'smoothly', 'make', 'lot', 'compatible', 'with', 'safaricom', 'network', 'service']",0.0,0.4,0.5,neutral,
go ahead,CBE Bank,[],['ahead'],0.0,0.0,0.0,neutral,
it's better than before,CBE Bank,[],"['better', 'than', 'before']",0.4404,0.5,0.5,positive,
nice,CBE Bank,[],['nice'],0.4215,0.6,1.0,positive,
Good,CBE Bank,[],['good'],0.4404,0.7,0.6000000000000001,positive,
excellent app,CBE Bank,[],['excellent'],0.5719,1.0,1.0,positive,
CBE not compare to others,CBE Bank,"['cbe', 'others']","['cbe', 'not', 'compare', 'others']",0.0,0.0,0.0,neutral,
Great,CBE Bank,['great'],['great'],0.6249,0.8,0.75,positive,
good,CBE Bank,[],['good'],0.4404,0.7,0.6000000000000001,positive,
nice app thanks,CBE Bank,['thanks'],"['nice', 'thanks']",0.6908,0.4,0.6,positive,
good service,CBE Bank,['service'],"['good', 'service']",0.4404,0.7,0.6000000000000001,positive,
good,CBE Bank,[],['good'],0.4404,0.7,0.6000000000000001,positive,
It's not working after the update it doesn't open at all,CBE Bank,[],"['not', 'working', 'after', 'update', 'doesn', 'open', 'all']",0.0,0.0,0.5,neutral,
good,CBE Bank,[],['good'],0.4404,0.7,0.6000000000000001,positive,
Tamam Yunus Guddata,CBE Bank,"['tamam', 'yunus', 'guddata']","['tamam', 'yunus', 'guddata']",0.0,0.0,0.0,neutral,
it's no functional problem,CBE Bank,['problem'],"['functional', 'problem']",-0.5994,0.0,0.0,negative,
good 👍,CBE Bank,[],['good'],0.4404,0.7,0.6000000000000001,positive,
nice bank,CBE Bank,['bank'],"['nice', 'bank']",0.4215,0.6,1.0,positive,
usefull app,CBE Bank,[],['usefull'],0.0,0.0,0.0,neutral,
excellent app,CBE Bank,[],['excellent'],0.5719,1.0,1.0,positive,
misraqe,CBE Bank,['misraqe'],['misraqe'],0.0,0.0,0.0,neutral,
why it alaways asked me to update every second when I log in.,CBE Bank,[],"['why', 'alaways', 'asked', 'update', 'every', 'second', 'when', 'log']",0.0,0.0,0.0,neutral,
pls update my cbe mobile banking,CBE Bank,"['pls', 'cbe', 'mobile', 'banking']","['pls', 'update', 'cbe', 'mobile', 'banking']",0.0772,0.0,0.0,positive,
hiote tegayede,CBE Bank,"['hiote', 'tegayede']","['hiote', 'tegayede']",0.0,0.0,0.0,neutral,
"Easy, secure and user friend",CBE Bank,"['easy', 'secure', 'user', 'friend']","['easy', 'secure', 'user', 'friend']",0.8176,0.4166666666666667,0.7166666666666667,positive,
nice,CBE Bank,[],['nice'],0.4215,0.6,1.0,positive,
good,CBE Bank,[],['good'],0.4404,0.7,0.6000000000000001,positive,
መስተካከል አለብት ብዩ አስታየት የም ሰጠው አካውንንት በስም ሲፈለግ mr ብሎ ቀጣይ ስም ለመፃፍ እስፔስም አይፈቅድ ቀጣዩ ፊደልም ሲፃፍ አይፅፍም ይሄ ቢስተካከል ይበልጥ ቀላል የረገዋል ብዩ አስበለው,CBE Bank,"['አለብት', 'አስታየት', 'ሰጠው', 'አካውንንት', 'በስም', 'ሲፈለግ', 'ቀጣይ', 'ለመፃፍ', 'እስፔስም', 'አይፈቅድ', 'ቀጣዩ', 'ፊደልም', 'ሲፃፍ', 'አይፅፍም', 'ቢስተካከል', 'ይበልጥ', 'ቀላል', 'የረገዋል', 'አስበለው']","['መስተካከል', 'አለብት', 'አስታየት', 'ሰጠው', 'አካውንንት', 'በስም', 'ሲፈለግ', 'ቀጣይ', 'ለመፃፍ', 'እስፔስም', 'አይፈቅድ', 'ቀጣዩ', 'ፊደልም', 'ሲፃፍ', 'አይፅፍም', 'ቢስተካከል', 'ይበልጥ', 'ቀላል', 'የረገዋል', 'አስበለው']",0.0,0.0,0.0,neutral,
Good app,CBE Bank,[],['good'],0.4404,0.7,0.6000000000000001,positive,
Good Application,CBE Bank,[],['good'],0.4404,0.7,0.6000000000000001,positive,
easy to use but hard to find easily,CBE Bank,[],"['easy', 'use', 'hard', 'find', 'easily']",0.5346,0.19166666666666665,0.7361111111111112,positive,
nice,CBE Bank,[],['nice'],0.4215,0.6,1.0,positive,
fixed problem,CBE Bank,['problem'],"['fixed', 'problem']",-0.4019,0.1,0.2,negative,
በእውነት የሚገርም app ነው ነገሮችን ሁሉ ቀለል ያደርጋል,CBE Bank,"['የሚገርም', 'ነገሮችን', 'ቀለል', 'ያደርጋል']","['በእውነት', 'የሚገርም', 'ነገሮችን', 'ቀለል', 'ያደርጋል']",0.0,0.0,0.0,neutral,
good,CBE Bank,[],['good'],0.4404,0.7,0.6000000000000001,positive,
good,CBE Bank,[],['good'],0.4404,0.7,0.6000000000000001,positive,
best app,CBE Bank,[],['best'],0.6369,1.0,0.3,positive,
nice app.,CBE Bank,[],['nice'],0.4215,0.6,1.0,positive,
"While the option to create or cancel standing orders has been added, it is not functional. Similarly, adding a new beneficiary is also not working. Please fix.",CBE Bank,"['option', 'orders', 'beneficiary', 'please', 'fix']","['while', 'option', 'create', 'cancel', 'standing', 'orders', 'has', 'been', 'added', 'not', 'functional', 'similarly', 'adding', 'new', 'beneficiary', 'also', 'not', 'working', 'please', 'fix']",0.3045,0.06818181818181818,0.42727272727272725,positive,
Wonderful App ❤️❤️❤️ I love it,CBE Bank,['❤️❤️❤️'],"['wonderful', 'love']",0.836,0.75,0.8,positive,
i like it,CBE Bank,[],['like'],0.3612,0.0,0.0,positive,
This app has never been efficient at all,CBE Bank,[],"['has', 'never', 'been', 'efficient', 'all']",-0.3252,0.0,0.0,negative,
vary good app,CBE Bank,[],"['vary', 'good']",0.4404,0.7,0.6000000000000001,positive,
good,CBE Bank,[],['good'],0.4404,0.7,0.6000000000000001,positive,
good,CBE Bank,[],['good'],0.4404,0.7,0.6000000000000001,positive,
good,CBE Bank,[],['good'],0.4404,0.7,0.6000000000000001,positive,
best,CBE Bank,[],['best'],0.6369,1.0,0.3,positive,
I like so much,CBE Bank,[],"['like', 'much']",0.3612,0.2,0.2,positive,
goood g,CBE Bank,['goood'],['goood'],0.0,0.0,0.0,neutral,
best,CBE Bank,[],['best'],0.6369,1.0,0.3,positive,
features በጣም ወድጄዋለሁ ነገር ግን አንድ ችግር አይቼዋለሁ ።APPU DELETE በሆነ ጊዜ ቅርንጫፍ ማመላለሱና MB APPLICATION FORMAT ላይ በየጊዜው መፈረሙ አንድ ለባንኩ ወጪ ነው ሁለት ለደንበኞች Inconvenience ይፈጥራል አስተካክሉ,CBE Bank,"['features', 'ነገር', 'አንድ', 'ችግር', 'አይቼዋለሁ', '።appu', 'delete', 'በሆነ', 'ቅርንጫፍ', 'ማመላለሱና', 'format', 'በየጊዜው', 'መፈረሙ', 'አንድ', 'ለባንኩ', 'ሁለት', 'ለደንበኞች', 'inconvenience', 'ይፈጥራል', 'አስተካክሉ']","['features', 'ወድጄዋለሁ', 'ነገር', 'አንድ', 'ችግር', 'አይቼዋለሁ', 'appu', 'delete', 'በሆነ', 'ቅርንጫፍ', 'ማመላለሱና', 'format', 'በየጊዜው', 'መፈረሙ', 'አንድ', 'ለባንኩ', 'ሁለት', 'ለደንበኞች', 'inconvenience', 'ይፈጥራል', 'አስተካክሉ']",-0.3612,0.0,0.0,negative,
Best ever,CBE Bank,[],"['best', 'ever']",0.6369,1.0,0.3,positive,
thanks you so much 👍 okay I am going to be like in,CBE Bank,"['thanks', 'okay']","['thanks', 'much', 'okay', 'going', 'like']",0.7635,0.35,0.35,positive,
When I update this app there isn't working,CBE Bank,[],"['when', 'update', 'there', 'isn', 'working']",0.0,0.0,0.0,neutral,
አሪፍ አፕ ነው ገራሚ ሁኖ አግኝቼዋለሁ,CBE Bank,"['ገራሚ', 'አግኝቼዋለሁ']","['አሪፍ', 'ገራሚ', 'አግኝቼዋለሁ']",0.0,0.0,0.0,neutral,
is not work properly !!,CBE Bank,[],"['not', 'work', 'properly']",0.0,0.0,0.1,neutral,
ok,CBE Bank,[],[],0.296,0.5,0.5,positive,
yesisgood,CBE Bank,['yesisgood'],['yesisgood'],0.0,0.0,0.0,neutral,
iam happy excellent app,CBE Bank,"['iam', 'excellent']","['iam', 'happy', 'excellent']",0.8126,0.9,1.0,positive,
"The app is getting worse and worse after every ""update"". The UI is inconsistent, you haven't fixed the issue with Mpesa wallet transfer ( the ""begin 0, end 1, length 0"" error after ever transfer attempt) ; now the tellbirr transfer raises ""Bucket override O-10094"" error. Test your work FULLY before release.",CBE Bank,"['issue', 'mpesa', 'wallet', 'transfer', 'end', 'error', 'attempt', 'tellbirr', 'transfer', 'bucket', 'o-10094', 'error', 'work', 'fully', 'release']","['getting', 'worse', 'worse', 'after', 'every', 'update', 'inconsistent', 'haven', 'fixed', 'issue', 'with', 'mpesa', 'wallet', 'transfer', 'begin', 'end', 'length', 'error', 'after', 'ever', 'transfer', 'attempt', 'now', 'tellbirr', 'transfer', 'raises', 'bucket', 'override', '10094', 'error', 'test', 'your', 'work', 'fully', 'before', 'release']",-0.891,-0.23333333333333336,0.4666666666666666,negative,
so good,CBE Bank,[],['good'],0.4927,0.7,0.6000000000000001,positive,
ok,CBE Bank,[],[],0.296,0.5,0.5,positive,
fast and time saving...,CBE Bank,"['time', 'saving']","['fast', 'time', 'saving']",0.0,0.2,0.6,neutral,
CBE it's my excellent choice,CBE Bank,"['cbe', 'choice']","['cbe', 'excellent', 'choice']",0.5719,1.0,1.0,positive,
"Internet Based mobile app for CBEBirr A Internet Based mobile app for CBEBirr. With the new Internet based CBEBirr Mobile App you can make every operations applicable via the USSD version of CBEBirr. This app version is the latest version branded as CBEBirr Plus, CBEBirr+, CBE Birr +, or CBE Birr plus.",CBE Bank,"['internet', 'cbebirr', 'internet', 'cbebirr', 'internet', 'cbebirr', 'mobile', 'operations', 'ussd', 'version', 'cbebirr', 'version', 'version', 'cbebirr', 'plus', 'cbebirr+', 'cbe', 'birr', 'cbe', 'birr', 'plus']","['internet', 'based', 'mobile', 'for', 'cbebirr', 'internet', 'based', 'mobile', 'for', 'cbebirr', 'with', 'new', 'internet', 'based', 'cbebirr', 'mobile', 'can', 'make', 'every', 'operations', 'applicable', 'via', 'ussd', 'version', 'cbebirr', 'version', 'latest', 'version', 'branded', 'cbebirr', 'plus', 'cbebirr', 'cbe', 'birr', 'cbe', 'birr', 'plus']",0.0,0.3181818181818182,0.6772727272727272,neutral,
best,CBE Bank,[],['best'],0.6369,1.0,0.3,positive,
smart app,CBE Bank,[],['smart'],0.4019,0.21428571428571427,0.6428571428571429,positive,
good,CBE Bank,[],['good'],0.4404,0.7,0.6000000000000001,positive,
It is usefull app,CBE Bank,[],['usefull'],0.0,0.0,0.0,neutral,
this app is so functional for airtime for wallet and,CBE Bank,"['airtime', 'wallet']","['functional', 'for', 'airtime', 'for', 'wallet']",0.0,0.0,0.0,neutral,
very amazing app,CBE Bank,[],['amazing'],0.624,0.7800000000000001,1.0,positive,
excellent service,CBE Bank,['service'],"['excellent', 'service']",0.5719,1.0,1.0,positive,
good,CBE Bank,[],['good'],0.4404,0.7,0.6000000000000001,positive,
good,CBE Bank,[],['good'],0.4404,0.7,0.6000000000000001,positive,
Cbe,CBE Bank,['cbe'],['cbe'],0.0,0.0,0.0,neutral,
There is a a problem when updating the app,CBE Bank,['problem'],"['there', 'problem', 'when', 'updating']",-0.4019,0.0,0.0,negative,
እ. በ. ጥ. ነው,CBE Bank,[],[],0.0,0.0,0.0,neutral,
posetive,CBE Bank,['posetive'],['posetive'],0.0,0.0,0.0,neutral,
Gal✅😶‍🌫️,CBE Bank,['gal✅😶\u200d🌫️'],['gal'],0.0,0.0,0.0,neutral,
why is my transaction fee hidden? Why doesn't the app show some of the transaction fees before. eg vat 15% show it togather before confirmation not after it feels like a scam.,CBE Bank,"['transaction', 'fee', 'hidden', 'transaction', 'fees', 'show', 'confirmation', 'scam']","['why', 'transaction', 'fee', 'hidden', 'why', 'doesn', 'show', 'some', 'transaction', 'fees', 'before', 'vat', 'show', 'togather', 'before', 'confirmation', 'not', 'after', 'feels', 'like', 'scam']",-0.296,-0.16666666666666666,0.3333333333333333,negative,
good,CBE Bank,[],['good'],0.4404,0.7,0.6000000000000001,positive,
Cbe,CBE Bank,['cbe'],['cbe'],0.0,0.0,0.0,neutral,
ok,CBE Bank,[],[],0.296,0.5,0.5,positive,
best,CBE Bank,[],['best'],0.6369,1.0,0.3,positive,
best and secured,CBE Bank,[],"['best', 'secured']",0.7845,1.0,0.3,positive,
cbe,CBE Bank,['cbe'],['cbe'],0.0,0.0,0.0,neutral,
Good to use,CBE Bank,[],"['good', 'use']",0.4404,0.7,0.6000000000000001,positive,
good,CBE Bank,[],['good'],0.4404,0.7,0.6000000000000001,positive,
it's a good application,CBE Bank,[],['good'],0.4404,0.7,0.6000000000000001,positive,
thank you cbe,CBE Bank,['thank'],"['thank', 'cbe']",0.3612,0.0,0.0,positive,
wow,CBE Bank,['wow'],['wow'],0.5859,0.1,1.0,positive,
is good,CBE Bank,[],['good'],0.4404,0.7,0.6000000000000001,positive,
"Nice, but I can't get some recently transactions. please try to keep all history scrolling full visibility done.",CBE Bank,"['nice', 'transactions', 'history', 'visibility']","['nice', 'can', 'get', 'some', 'recently', 'transactions', 'please', 'try', 'keep', 'all', 'history', 'scrolling', 'full', 'visibility', 'done']",0.5927,0.31666666666666665,0.6,positive,
Very Secure but very poor interface and limited history service. The new colorful version is worst. Visibility and contrast are low. It is just my idea.,CBE Bank,"['interface', 'history', 'service', 'version', 'visibility', 'contrast', 'idea']","['secure', 'poor', 'interface', 'limited', 'history', 'service', 'new', 'colorful', 'version', 'worst', 'visibility', 'contrast', 'low', 'just', 'idea']",-0.9371,-0.09072356215213359,0.5510575139146567,negative,
very nice 100%,CBE Bank,[],"['nice', '100']",0.4754,0.78,1.0,positive,
Good application,CBE Bank,[],['good'],0.4404,0.7,0.6000000000000001,positive,
best app for financial sector,CBE Bank,['sector'],"['best', 'for', 'financial', 'sector']",0.6369,0.5,0.15,positive,
incredible,CBE Bank,[],['incredible'],0.0,0.9,0.9,neutral,
yoroo namaste 🙏 ♥️ ❤️ 💖 💖,CBE Bank,['namaste'],"['yoroo', 'namaste']",0.0,0.0,0.0,neutral,
best app for financial activities 🙌,CBE Bank,['activities'],"['best', 'for', 'financial', 'activities']",0.6369,0.5,0.15,positive,
formative,CBE Bank,[],['formative'],0.0,0.0,0.0,neutral,
nice app,CBE Bank,[],['nice'],0.4215,0.6,1.0,positive,
wow,CBE Bank,['wow'],['wow'],0.5859,0.1,1.0,positive,
